{
    "timestamp": "20251130_043426",
    "best_metrics": {
        "accuracy": 34.72222222222222,
        "f1": 26.982673329422557,
        "precision": 32.88106630211893,
        "recall": 26.78362573099415,
        "roc_auc": NaN,
        "loss": 3.963782787322998
    },
    "best_epoch": 39,
    "best_predictions": [
        17,
        19,
        0,
        5,
        5,
        5,
        5,
        5,
        7,
        4,
        16,
        16,
        6,
        6,
        6,
        4,
        6,
        4,
        19,
        6,
        16,
        1,
        17,
        1,
        17,
        8,
        10,
        4,
        6,
        6,
        9,
        17,
        10,
        9,
        9,
        7,
        8,
        9,
        2,
        19,
        12,
        13,
        16,
        4,
        13,
        13,
        14,
        1,
        1,
        1,
        2,
        14,
        1,
        14,
        11,
        13,
        11,
        15,
        12,
        2,
        1,
        5,
        5,
        5,
        5,
        5,
        0,
        2,
        2,
        5,
        4,
        19
    ],
    "best_labels": [
        0,
        0,
        0,
        5,
        5,
        5,
        5,
        5,
        5,
        6,
        6,
        6,
        6,
        6,
        6,
        6,
        6,
        6,
        7,
        7,
        7,
        8,
        8,
        8,
        8,
        8,
        8,
        8,
        8,
        8,
        10,
        10,
        10,
        10,
        10,
        11,
        11,
        11,
        12,
        12,
        12,
        13,
        13,
        13,
        13,
        13,
        13,
        1,
        1,
        1,
        1,
        1,
        1,
        14,
        14,
        14,
        15,
        15,
        15,
        17,
        17,
        18,
        18,
        18,
        18,
        18,
        2,
        2,
        2,
        4,
        4,
        4
    ],
    "args": {
        "data_path": "data_imu/activity_20/dataset_user_10.csv",
        "modalities": "acc_gyr_mag",
        "sample_length": 30,
        "batch_size": 128,
        "num_epochs": 200,
        "learning_rate": 0.001,
        "device": "cuda",
        "random_init": false,
        "experiment_name": "activity_20/cross_user/cnn_transformer/acc_gyr_mag/bsz128_resample_all"
    },
    "training_config": {
        "num_epochs": 200,
        "batch_size": 128,
        "learning_rate": 0.001,
        "sample_length": 30,
        "device": "cuda",
        "in_channels": 45,
        "out_size": 20,
        "data_path": "data_imu/activity_20/dataset_user_10.csv",
        "modalities": "acc_gyr_mag",
        "random_init": false,
        "experiment_name": "activity_20/cross_user/cnn_transformer/acc_gyr_mag/bsz128_resample_all"
    }
}