activity_id,user_id,activity_id_num,user_id_num,identifier_id,has_up,has_down,up_path,down_path,has_data_up,has_data_down,WTLA,WTC,WTRA,WTRL,WTLL,data_type
action_00,user16,0,16,1-1-1,True,True,IMU/action_00/user16/1-1-1/up.csv,IMU/action_00/user16/1-1-1/down.csv,True,True,45,46,46,46,44,train
action_00,user18,0,18,7-1-1,True,True,IMU/action_00/user18/7-1-1/up.csv,IMU/action_00/user18/7-1-1/down.csv,True,True,20,20,20,20,20,test
action_00,user21,0,21,1-1-1,True,True,IMU/action_00/user21/1-1-1/up.csv,IMU/action_00/user21/1-1-1/down.csv,True,True,14,14,14,12,14,train
action_00,user21,0,21,4-2-1,True,True,IMU/action_00/user21/4-2-1/up.csv,IMU/action_00/user21/4-2-1/down.csv,True,True,7,5,6,4,6,train
action_00,user22,0,22,2-2-1,True,True,IMU/action_00/user22/2-2-1/up.csv,IMU/action_00/user22/2-2-1/down.csv,True,True,14,15,14,16,16,train
action_00,user23,0,23,1-1-1,True,True,IMU/action_00/user23/1-1-1/up.csv,IMU/action_00/user23/1-1-1/down.csv,True,True,40,42,42,41,42,train
action_00,user24,0,24,6-2-1,True,True,IMU/action_00/user24/6-2-1/up.csv,IMU/action_00/user24/6-2-1/down.csv,True,True,33,33,34,34,35,train
action_00,user24,0,24,7-1-1,True,True,IMU/action_00/user24/7-1-1/up.csv,IMU/action_00/user24/7-1-1/down.csv,True,True,29,30,30,29,29,train
action_00,user4,0,4,1-1-1,True,True,IMU/action_00/user4/1-1-1/up.csv,IMU/action_00/user4/1-1-1/down.csv,True,True,41,40,41,42,40,train
action_00,user5,0,5,1-1-1,True,True,IMU/action_00/user5/1-1-1/up.csv,IMU/action_00/user5/1-1-1/down.csv,True,True,39,38,38,38,39,train
action_00,user6,0,6,1-1-1,True,True,IMU/action_00/user6/1-1-1/up.csv,IMU/action_00/user6/1-1-1/down.csv,True,True,45,46,45,46,45,train
action_00,user8,0,8,1-1-1,True,True,IMU/action_00/user8/1-1-1/up.csv,IMU/action_00/user8/1-1-1/down.csv,True,True,26,25,25,26,25,train
action_00,user8,0,8,7-1-1,True,True,IMU/action_00/user8/7-1-1/up.csv,IMU/action_00/user8/7-1-1/down.csv,True,True,25,25,25,24,24,train
action_10,user1,10,1,3-1-1,True,True,IMU/action_10/user1/3-1-1/up.csv,IMU/action_10/user1/3-1-1/down.csv,True,True,35,34,35,33,34,train
action_10,user16,10,16,1-2-1,True,True,IMU/action_10/user16/1-2-1/up.csv,IMU/action_10/user16/1-2-1/down.csv,True,True,19,19,19,20,20,train
action_10,user16,10,16,2-1-1,True,True,IMU/action_10/user16/2-1-1/up.csv,IMU/action_10/user16/2-1-1/down.csv,True,True,29,30,30,29,31,train
action_10,user16,10,16,7-2-1,True,True,IMU/action_10/user16/7-2-1/up.csv,IMU/action_10/user16/7-2-1/down.csv,True,True,38,39,37,39,38,train
action_10,user17,10,17,2-1-1,True,True,IMU/action_10/user17/2-1-1/up.csv,IMU/action_10/user17/2-1-1/down.csv,True,True,31,31,31,31,30,train
action_10,user17,10,17,2-2-1,True,True,IMU/action_10/user17/2-2-1/up.csv,IMU/action_10/user17/2-2-1/down.csv,True,True,24,25,26,26,26,train
action_10,user17,10,17,5-2-1,True,True,IMU/action_10/user17/5-2-1/up.csv,IMU/action_10/user17/5-2-1/down.csv,True,True,21,21,21,21,22,train
action_10,user18,10,18,3-2-1,True,True,IMU/action_10/user18/3-2-1/up.csv,IMU/action_10/user18/3-2-1/down.csv,True,True,32,31,32,31,32,test
action_10,user18,10,18,4-2-1,True,True,IMU/action_10/user18/4-2-1/up.csv,IMU/action_10/user18/4-2-1/down.csv,True,True,31,33,32,32,32,test
action_10,user18,10,18,7-2-1,True,True,IMU/action_10/user18/7-2-1/up.csv,IMU/action_10/user18/7-2-1/down.csv,True,True,11,13,12,12,13,test
action_10,user19,10,19,2-1-1,True,True,IMU/action_10/user19/2-1-1/up.csv,IMU/action_10/user19/2-1-1/down.csv,True,True,39,38,39,41,38,train
action_10,user19,10,19,3-2-1,True,True,IMU/action_10/user19/3-2-1/up.csv,IMU/action_10/user19/3-2-1/down.csv,True,True,12,12,12,13,12,train
action_10,user19,10,19,7-2-1,True,True,IMU/action_10/user19/7-2-1/up.csv,IMU/action_10/user19/7-2-1/down.csv,True,True,14,14,13,14,14,train
action_10,user2,10,2,6-1-1,True,True,IMU/action_10/user2/6-1-1/up.csv,IMU/action_10/user2/6-1-1/down.csv,True,True,45,44,43,42,45,train
action_10,user20,10,20,3-1-1,True,True,IMU/action_10/user20/3-1-1/up.csv,IMU/action_10/user20/3-1-1/down.csv,True,True,29,28,27,28,31,train
action_10,user20,10,20,5-1-1,True,True,IMU/action_10/user20/5-1-1/up.csv,IMU/action_10/user20/5-1-1/down.csv,True,True,8,6,8,8,8,train
action_10,user20,10,20,6-3-1,True,True,IMU/action_10/user20/6-3-1/up.csv,IMU/action_10/user20/6-3-1/down.csv,True,True,30,28,29,28,28,train
action_10,user20,10,20,7-1-1,True,True,IMU/action_10/user20/7-1-1/up.csv,IMU/action_10/user20/7-1-1/down.csv,True,True,30,29,31,30,29,train
action_10,user22,10,22,4-3-1,True,True,IMU/action_10/user22/4-3-1/up.csv,IMU/action_10/user22/4-3-1/down.csv,True,True,10,8,8,10,9,train
action_10,user23,10,23,2-3-1,True,True,IMU/action_10/user23/2-3-1/up.csv,IMU/action_10/user23/2-3-1/down.csv,True,True,121,122,121,121,121,train
action_10,user3,10,3,5-1-1,True,True,IMU/action_10/user3/5-1-1/up.csv,IMU/action_10/user3/5-1-1/down.csv,True,True,36,39,35,35,36,train
action_10,user3,10,3,7-1-1,True,True,IMU/action_10/user3/7-1-1/up.csv,IMU/action_10/user3/7-1-1/down.csv,True,True,28,27,29,28,29,train
action_10,user4,10,4,1-2-1,True,True,IMU/action_10/user4/1-2-1/up.csv,IMU/action_10/user4/1-2-1/down.csv,True,True,32,32,31,33,31,train
action_10,user4,10,4,5-1-1,True,True,IMU/action_10/user4/5-1-1/up.csv,IMU/action_10/user4/5-1-1/down.csv,True,True,48,46,48,47,48,train
action_10,user5,10,5,1-2-1,True,True,IMU/action_10/user5/1-2-1/up.csv,IMU/action_10/user5/1-2-1/down.csv,True,True,31,31,31,32,31,train
action_10,user5,10,5,4-2-1,True,True,IMU/action_10/user5/4-2-1/up.csv,IMU/action_10/user5/4-2-1/down.csv,True,True,6,5,5,6,6,train
action_10,user6,10,6,1-2-1,True,True,IMU/action_10/user6/1-2-1/up.csv,IMU/action_10/user6/1-2-1/down.csv,True,True,28,28,29,29,28,train
action_10,user6,10,6,2-1-1,True,True,IMU/action_10/user6/2-1-1/up.csv,IMU/action_10/user6/2-1-1/down.csv,True,True,61,59,60,60,60,train
action_10,user6,10,6,7-2-1,True,True,IMU/action_10/user6/7-2-1/up.csv,IMU/action_10/user6/7-2-1/down.csv,True,True,25,23,24,23,25,train
action_10,user7,10,7,2-1-1,True,True,IMU/action_10/user7/2-1-1/up.csv,IMU/action_10/user7/2-1-1/down.csv,True,True,22,23,23,22,25,train
action_10,user7,10,7,2-2-1,True,True,IMU/action_10/user7/2-2-1/up.csv,IMU/action_10/user7/2-2-1/down.csv,True,True,20,20,19,20,20,train
action_10,user7,10,7,5-2-1,True,True,IMU/action_10/user7/5-2-1/up.csv,IMU/action_10/user7/5-2-1/down.csv,True,True,19,18,19,18,19,train
action_10,user8,10,8,3-2-1,True,True,IMU/action_10/user8/3-2-1/up.csv,IMU/action_10/user8/3-2-1/down.csv,True,True,23,27,26,28,25,train
action_10,user8,10,8,4-2-1,True,True,IMU/action_10/user8/4-2-1/up.csv,IMU/action_10/user8/4-2-1/down.csv,True,True,45,45,46,46,44,train
action_10,user8,10,8,7-2-1,True,True,IMU/action_10/user8/7-2-1/up.csv,IMU/action_10/user8/7-2-1/down.csv,True,True,22,21,21,22,21,train
action_10,user9,10,9,2-1-1,True,True,IMU/action_10/user9/2-1-1/up.csv,IMU/action_10/user9/2-1-1/down.csv,True,True,23,21,24,23,23,train
action_10,user9,10,9,3-2-1,True,True,IMU/action_10/user9/3-2-1/up.csv,IMU/action_10/user9/3-2-1/down.csv,True,True,25,27,26,26,27,train
action_10,user9,10,9,7-2-1,True,True,IMU/action_10/user9/7-2-1/up.csv,IMU/action_10/user9/7-2-1/down.csv,True,True,20,19,19,18,19,train
action_11,user1,11,1,1-2-1,True,True,IMU/action_11/user1/1-2-1/up.csv,IMU/action_11/user1/1-2-1/down.csv,True,True,38,38,36,38,38,train
action_11,user1,11,1,6-1-1,True,True,IMU/action_11/user1/6-1-1/up.csv,IMU/action_11/user1/6-1-1/down.csv,True,True,35,35,36,36,36,train
action_11,user16,11,16,1-2-1,True,True,IMU/action_11/user16/1-2-1/up.csv,IMU/action_11/user16/1-2-1/down.csv,True,True,48,48,47,49,49,train
action_11,user16,11,16,3-2-1,True,True,IMU/action_11/user16/3-2-1/up.csv,IMU/action_11/user16/3-2-1/down.csv,True,True,15,16,16,15,16,train
action_11,user16,11,16,5-2-1,True,True,IMU/action_11/user16/5-2-1/up.csv,IMU/action_11/user16/5-2-1/down.csv,True,True,38,37,36,36,37,train
action_11,user17,11,17,7-2-1,True,True,IMU/action_11/user17/7-2-1/up.csv,IMU/action_11/user17/7-2-1/down.csv,True,True,40,40,40,40,39,train
action_11,user18,11,18,4-2-1,True,True,IMU/action_11/user18/4-2-1/up.csv,IMU/action_11/user18/4-2-1/down.csv,True,True,23,24,22,23,24,test
action_11,user18,11,18,6-2-1,True,True,IMU/action_11/user18/6-2-1/up.csv,IMU/action_11/user18/6-2-1/down.csv,True,True,91,91,91,90,90,test
action_11,user18,11,18,7-2-1,True,True,IMU/action_11/user18/7-2-1/up.csv,IMU/action_11/user18/7-2-1/down.csv,True,True,24,25,23,23,23,test
action_11,user19,11,19,2-3-1,True,True,IMU/action_11/user19/2-3-1/up.csv,IMU/action_11/user19/2-3-1/down.csv,True,True,48,49,49,50,50,train
action_11,user2,11,2,5-2-1,True,True,IMU/action_11/user2/5-2-1/up.csv,IMU/action_11/user2/5-2-1/down.csv,True,True,101,100,100,101,101,train
action_11,user21,11,21,5-2-1,True,True,IMU/action_11/user21/5-2-1/up.csv,IMU/action_11/user21/5-2-1/down.csv,True,True,50,54,49,51,51,train
action_11,user22,11,22,3-3-1,True,True,IMU/action_11/user22/3-3-1/up.csv,IMU/action_11/user22/3-3-1/down.csv,True,True,11,12,13,13,12,train
action_11,user22,11,22,4-3-1,True,True,IMU/action_11/user22/4-3-1/up.csv,IMU/action_11/user22/4-3-1/down.csv,True,True,29,29,29,24,29,train
action_11,user22,11,22,5-2-1,True,True,IMU/action_11/user22/5-2-1/up.csv,IMU/action_11/user22/5-2-1/down.csv,True,True,44,44,44,44,45,train
action_11,user24,11,24,4-2-1,True,True,IMU/action_11/user24/4-2-1/up.csv,IMU/action_11/user24/4-2-1/down.csv,True,True,80,79,79,79,79,train
action_11,user3,11,3,3-1-1,True,True,IMU/action_11/user3/3-1-1/up.csv,IMU/action_11/user3/3-1-1/down.csv,True,True,21,20,21,23,19,train
action_11,user4,11,4,1-2-1,True,True,IMU/action_11/user4/1-2-1/up.csv,IMU/action_11/user4/1-2-1/down.csv,True,True,77,77,76,78,80,train
action_11,user4,11,4,2-1-1,True,True,IMU/action_11/user4/2-1-1/up.csv,IMU/action_11/user4/2-1-1/down.csv,True,True,40,39,40,39,40,train
action_11,user4,11,4,6-1-1,True,True,IMU/action_11/user4/6-1-1/up.csv,IMU/action_11/user4/6-1-1/down.csv,True,True,43,43,43,44,42,train
action_11,user4,11,4,7-1-1,True,True,IMU/action_11/user4/7-1-1/up.csv,IMU/action_11/user4/7-1-1/down.csv,True,True,46,45,46,46,46,train
action_11,user5,11,5,1-2-1,True,True,IMU/action_11/user5/1-2-1/up.csv,IMU/action_11/user5/1-2-1/down.csv,True,True,99,99,100,101,100,train
action_11,user5,11,5,2-1-1,True,True,IMU/action_11/user5/2-1-1/up.csv,IMU/action_11/user5/2-1-1/down.csv,True,True,80,81,80,81,80,train
action_11,user5,11,5,3-2-1,True,True,IMU/action_11/user5/3-2-1/up.csv,IMU/action_11/user5/3-2-1/down.csv,True,True,69,69,69,71,70,train
action_11,user5,11,5,6-2-1,True,True,IMU/action_11/user5/6-2-1/up.csv,IMU/action_11/user5/6-2-1/down.csv,True,True,53,55,54,54,54,train
action_11,user6,11,6,1-2-1,True,True,IMU/action_11/user6/1-2-1/up.csv,IMU/action_11/user6/1-2-1/down.csv,True,True,44,44,44,45,44,train
action_11,user6,11,6,3-2-1,True,True,IMU/action_11/user6/3-2-1/up.csv,IMU/action_11/user6/3-2-1/down.csv,True,True,33,33,34,33,33,train
action_11,user6,11,6,5-2-1,True,True,IMU/action_11/user6/5-2-1/up.csv,IMU/action_11/user6/5-2-1/down.csv,True,True,51,50,50,49,49,train
action_11,user7,11,7,7-2-1,True,True,IMU/action_11/user7/7-2-1/up.csv,IMU/action_11/user7/7-2-1/down.csv,True,True,55,54,56,54,56,train
action_11,user8,11,8,4-2-1,True,True,IMU/action_11/user8/4-2-1/up.csv,IMU/action_11/user8/4-2-1/down.csv,True,True,22,24,23,23,22,train
action_11,user8,11,8,6-2-1,True,True,IMU/action_11/user8/6-2-1/up.csv,IMU/action_11/user8/6-2-1/down.csv,True,True,106,106,106,106,106,train
action_11,user8,11,8,7-2-1,True,True,IMU/action_11/user8/7-2-1/up.csv,IMU/action_11/user8/7-2-1/down.csv,True,True,28,27,29,27,25,train
action_11,user9,11,9,2-3-1,True,True,IMU/action_11/user9/2-3-1/up.csv,IMU/action_11/user9/2-3-1/down.csv,True,True,44,44,44,46,45,train
action_12,user16,12,16,3-1-1,True,True,IMU/action_12/user16/3-1-1/up.csv,IMU/action_12/user16/3-1-1/down.csv,True,True,100,100,100,101,100,train
action_12,user16,12,16,6-2-1,True,True,IMU/action_12/user16/6-2-1/up.csv,IMU/action_12/user16/6-2-1/down.csv,True,True,67,65,66,67,65,train
action_12,user17,12,17,3-1-1,True,True,IMU/action_12/user17/3-1-1/up.csv,IMU/action_12/user17/3-1-1/down.csv,True,True,92,93,93,93,93,train
action_12,user18,12,18,3-1-1,True,True,IMU/action_12/user18/3-1-1/up.csv,IMU/action_12/user18/3-1-1/down.csv,True,True,44,44,44,42,45,test
action_12,user19,12,19,7-2-1,True,True,IMU/action_12/user19/7-2-1/up.csv,IMU/action_12/user19/7-2-1/down.csv,True,True,49,49,49,50,50,train
action_12,user2,12,2,3-1-1,True,True,IMU/action_12/user2/3-1-1/up.csv,IMU/action_12/user2/3-1-1/down.csv,True,True,55,56,55,56,54,train
action_12,user20,12,20,2-1-1,True,True,IMU/action_12/user20/2-1-1/up.csv,IMU/action_12/user20/2-1-1/down.csv,True,True,98,96,99,98,98,train
action_12,user20,12,20,3-2-1,True,True,IMU/action_12/user20/3-2-1/up.csv,IMU/action_12/user20/3-2-1/down.csv,True,True,45,45,46,45,45,train
action_12,user21,12,21,2-1-1,True,True,IMU/action_12/user21/2-1-1/up.csv,IMU/action_12/user21/2-1-1/down.csv,True,True,106,107,104,106,108,train
action_12,user23,12,23,3-2-1,True,True,IMU/action_12/user23/3-2-1/up.csv,IMU/action_12/user23/3-2-1/down.csv,True,True,87,87,86,88,86,train
action_12,user4,12,4,2-2-1,True,True,IMU/action_12/user4/2-2-1/up.csv,IMU/action_12/user4/2-2-1/down.csv,True,True,91,92,92,91,91,train
action_12,user5,12,5,3-1-1,True,True,IMU/action_12/user5/3-1-1/up.csv,IMU/action_12/user5/3-1-1/down.csv,True,True,159,160,159,157,158,train
action_12,user6,12,6,3-1-1,True,True,IMU/action_12/user6/3-1-1/up.csv,IMU/action_12/user6/3-1-1/down.csv,True,True,234,234,234,232,234,train
action_12,user6,12,6,6-2-1,True,True,IMU/action_12/user6/6-2-1/up.csv,IMU/action_12/user6/6-2-1/down.csv,True,True,51,51,54,52,51,train
action_12,user7,12,7,3-1-1,True,True,IMU/action_12/user7/3-1-1/up.csv,IMU/action_12/user7/3-1-1/down.csv,True,True,70,69,69,67,67,train
action_12,user8,12,8,3-1-1,True,True,IMU/action_12/user8/3-1-1/up.csv,IMU/action_12/user8/3-1-1/down.csv,True,True,73,72,73,73,73,train
action_12,user9,12,9,3-3-1,True,True,IMU/action_12/user9/3-3-1/up.csv,IMU/action_12/user9/3-3-1/down.csv,True,True,43,42,42,42,41,train
action_12,user9,12,9,7-2-1,True,True,IMU/action_12/user9/7-2-1/up.csv,IMU/action_12/user9/7-2-1/down.csv,True,True,24,27,27,26,29,train
action_13,user1,13,1,3-2-1,True,True,IMU/action_13/user1/3-2-1/up.csv,IMU/action_13/user1/3-2-1/down.csv,True,True,102,103,103,103,103,train
action_13,user16,13,16,3-1-1,True,True,IMU/action_13/user16/3-1-1/up.csv,IMU/action_13/user16/3-1-1/down.csv,True,True,76,77,77,77,79,train
action_13,user17,13,17,3-1-1,True,True,IMU/action_13/user17/3-1-1/up.csv,IMU/action_13/user17/3-1-1/down.csv,True,True,60,61,60,60,60,train
action_13,user18,13,18,3-1-1,True,True,IMU/action_13/user18/3-1-1/up.csv,IMU/action_13/user18/3-1-1/down.csv,True,True,37,37,38,38,35,test
action_13,user19,13,19,7-2-1,True,True,IMU/action_13/user19/7-2-1/up.csv,IMU/action_13/user19/7-2-1/down.csv,True,True,68,67,68,68,69,train
action_13,user2,13,2,3-1-1,True,True,IMU/action_13/user2/3-1-1/up.csv,IMU/action_13/user2/3-1-1/down.csv,True,True,29,28,29,28,29,train
action_13,user20,13,20,2-1-1,True,True,IMU/action_13/user20/2-1-1/up.csv,IMU/action_13/user20/2-1-1/down.csv,True,True,74,73,72,72,77,train
action_13,user20,13,20,3-2-1,True,True,IMU/action_13/user20/3-2-1/up.csv,IMU/action_13/user20/3-2-1/down.csv,True,True,49,50,48,49,49,train
action_13,user20,13,20,6-3-1,True,True,IMU/action_13/user20/6-3-1/up.csv,IMU/action_13/user20/6-3-1/down.csv,True,True,47,45,48,46,48,train
action_13,user21,13,21,2-1-1,True,True,IMU/action_13/user21/2-1-1/up.csv,IMU/action_13/user21/2-1-1/down.csv,True,True,40,40,40,40,40,train
action_13,user4,13,4,2-2-1,True,True,IMU/action_13/user4/2-2-1/up.csv,IMU/action_13/user4/2-2-1/down.csv,True,True,43,41,42,42,42,train
action_13,user5,13,5,5-1-1,True,True,IMU/action_13/user5/5-1-1/up.csv,IMU/action_13/user5/5-1-1/down.csv,True,True,64,65,63,64,65,train
action_13,user6,13,6,3-1-1,True,True,IMU/action_13/user6/3-1-1/up.csv,IMU/action_13/user6/3-1-1/down.csv,True,True,109,110,109,109,109,train
action_13,user7,13,7,3-1-1,True,True,IMU/action_13/user7/3-1-1/up.csv,IMU/action_13/user7/3-1-1/down.csv,True,True,52,52,54,53,52,train
action_13,user8,13,8,3-1-1,True,True,IMU/action_13/user8/3-1-1/up.csv,IMU/action_13/user8/3-1-1/down.csv,True,True,53,55,56,56,57,train
action_13,user9,13,9,3-3-1,True,True,IMU/action_13/user9/3-3-1/up.csv,IMU/action_13/user9/3-3-1/down.csv,True,True,32,33,32,31,34,train
action_13,user9,13,9,7-2-1,True,True,IMU/action_13/user9/7-2-1/up.csv,IMU/action_13/user9/7-2-1/down.csv,True,True,23,27,25,27,23,train
action_14,user1,14,1,1-2-1,True,True,IMU/action_14/user1/1-2-1/up.csv,IMU/action_14/user1/1-2-1/down.csv,True,True,31,31,31,31,32,train
action_14,user16,14,16,3-2-1,True,True,IMU/action_14/user16/3-2-1/up.csv,IMU/action_14/user16/3-2-1/down.csv,True,True,31,31,30,31,31,train
action_14,user17,14,17,3-2-1,True,True,IMU/action_14/user17/3-2-1/up.csv,IMU/action_14/user17/3-2-1/down.csv,True,True,46,46,43,45,44,train
action_14,user18,14,18,3-2-1,True,True,IMU/action_14/user18/3-2-1/up.csv,IMU/action_14/user18/3-2-1/down.csv,True,True,27,25,27,26,25,test
action_14,user20,14,20,3-1-1,True,True,IMU/action_14/user20/3-1-1/up.csv,IMU/action_14/user20/3-1-1/down.csv,True,True,50,51,48,47,47,train
action_14,user22,14,22,2-1-1,True,True,IMU/action_14/user22/2-1-1/up.csv,IMU/action_14/user22/2-1-1/down.csv,True,True,30,29,28,30,29,train
action_14,user3,14,3,3-1-1,True,True,IMU/action_14/user3/3-1-1/up.csv,IMU/action_14/user3/3-1-1/down.csv,True,True,61,61,63,59,62,train
action_14,user4,14,4,4-2-1,True,True,IMU/action_14/user4/4-2-1/up.csv,IMU/action_14/user4/4-2-1/down.csv,True,True,49,50,50,49,50,train
action_14,user6,14,6,3-2-1,True,True,IMU/action_14/user6/3-2-1/up.csv,IMU/action_14/user6/3-2-1/down.csv,True,True,65,64,62,63,64,train
action_14,user7,14,7,3-2-1,True,True,IMU/action_14/user7/3-2-1/up.csv,IMU/action_14/user7/3-2-1/down.csv,True,True,68,68,68,68,69,train
action_14,user8,14,8,3-2-1,True,True,IMU/action_14/user8/3-2-1/up.csv,IMU/action_14/user8/3-2-1/down.csv,True,True,55,56,56,56,55,train
action_15,user16,15,16,3-3-1,True,True,IMU/action_15/user16/3-3-1/up.csv,IMU/action_15/user16/3-3-1/down.csv,True,True,41,39,40,40,39,train
action_15,user16,15,16,6-2-1,True,True,IMU/action_15/user16/6-2-1/up.csv,IMU/action_15/user16/6-2-1/down.csv,True,True,52,52,51,51,53,train
action_15,user17,15,17,2-2-1,True,True,IMU/action_15/user17/2-2-1/up.csv,IMU/action_15/user17/2-2-1/down.csv,True,True,39,38,39,40,40,train
action_15,user18,15,18,2-2-1,True,True,IMU/action_15/user18/2-2-1/up.csv,IMU/action_15/user18/2-2-1/down.csv,True,True,35,35,35,35,36,test
action_15,user18,15,18,3-3-1,True,True,IMU/action_15/user18/3-3-1/up.csv,IMU/action_15/user18/3-3-1/down.csv,True,True,41,43,39,40,41,test
action_15,user19,15,19,7-2-1,True,True,IMU/action_15/user19/7-2-1/up.csv,IMU/action_15/user19/7-2-1/down.csv,True,True,15,16,16,15,15,train
action_15,user20,15,20,3-2-1,True,True,IMU/action_15/user20/3-2-1/up.csv,IMU/action_15/user20/3-2-1/down.csv,True,True,35,35,35,36,36,train
action_15,user22,15,22,2-1-1,True,True,IMU/action_15/user22/2-1-1/up.csv,IMU/action_15/user22/2-1-1/down.csv,True,True,48,48,47,48,49,train
action_15,user23,15,23,3-1-1,True,True,IMU/action_15/user23/3-1-1/up.csv,IMU/action_15/user23/3-1-1/down.csv,True,True,84,83,82,83,83,train
action_15,user5,15,5,5-1-1,True,True,IMU/action_15/user5/5-1-1/up.csv,IMU/action_15/user5/5-1-1/down.csv,True,True,41,41,39,41,40,train
action_15,user6,15,6,3-3-1,True,True,IMU/action_15/user6/3-3-1/up.csv,IMU/action_15/user6/3-3-1/down.csv,True,True,71,62,72,72,72,train
action_15,user6,15,6,6-2-1,True,True,IMU/action_15/user6/6-2-1/up.csv,IMU/action_15/user6/6-2-1/down.csv,True,True,40,40,39,40,40,train
action_15,user7,15,7,2-2-1,True,True,IMU/action_15/user7/2-2-1/up.csv,IMU/action_15/user7/2-2-1/down.csv,True,True,21,22,21,22,22,train
action_15,user7,15,7,3-3-1,True,True,IMU/action_15/user7/3-3-1/up.csv,IMU/action_15/user7/3-3-1/down.csv,True,True,69,68,66,68,66,train
action_15,user8,15,8,2-2-1,True,True,IMU/action_15/user8/2-2-1/up.csv,IMU/action_15/user8/2-2-1/down.csv,True,True,38,38,38,39,37,train
action_15,user8,15,8,3-3-1,True,True,IMU/action_15/user8/3-3-1/up.csv,IMU/action_15/user8/3-3-1/down.csv,True,True,64,66,64,64,65,train
action_15,user9,15,9,7-2-1,True,True,IMU/action_15/user9/7-2-1/up.csv,IMU/action_15/user9/7-2-1/down.csv,True,True,22,22,22,22,21,train
action_16,user17,16,17,6-1-1,True,True,IMU/action_16/user17/6-1-1/up.csv,IMU/action_16/user17/6-1-1/down.csv,True,True,87,88,87,87,87,train
action_16,user18,16,18,2-1-1,True,True,IMU/action_16/user18/2-1-1/up.csv,IMU/action_16/user18/2-1-1/down.csv,True,True,103,103,102,102,102,test
action_16,user2,16,2,1-1-1,True,True,IMU/action_16/user2/1-1-1/up.csv,IMU/action_16/user2/1-1-1/down.csv,True,True,139,139,138,136,138,train
action_16,user22,16,22,3-2-1,True,True,IMU/action_16/user22/3-2-1/up.csv,IMU/action_16/user22/3-2-1/down.csv,True,True,49,49,48,50,49,train
action_16,user23,16,23,4-3-1,True,True,IMU/action_16/user23/4-3-1/up.csv,IMU/action_16/user23/4-3-1/down.csv,True,True,41,40,40,40,41,train
action_16,user24,16,24,4-1-1,True,True,IMU/action_16/user24/4-1-1/up.csv,IMU/action_16/user24/4-1-1/down.csv,True,True,93,92,92,92,93,train
action_16,user8,16,8,2-1-1,True,True,IMU/action_16/user8/2-1-1/up.csv,IMU/action_16/user8/2-1-1/down.csv,True,True,120,122,121,121,121,train
action_17,user1,17,1,2-2-1,True,True,IMU/action_17/user1/2-2-1/up.csv,IMU/action_17/user1/2-2-1/down.csv,True,True,99,100,99,99,99,train
action_17,user1,17,1,3-2-1,True,True,IMU/action_17/user1/3-2-1/up.csv,IMU/action_17/user1/3-2-1/down.csv,True,True,65,65,66,66,65,train
action_17,user16,17,16,4-1-1,True,True,IMU/action_17/user16/4-1-1/up.csv,IMU/action_17/user16/4-1-1/down.csv,True,True,78,78,77,78,77,train
action_17,user17,17,17,4-1-1,True,True,IMU/action_17/user17/4-1-1/up.csv,IMU/action_17/user17/4-1-1/down.csv,True,True,59,58,58,58,59,train
action_17,user18,17,18,5-1-1,True,True,IMU/action_17/user18/5-1-1/up.csv,IMU/action_17/user18/5-1-1/down.csv,True,True,81,80,80,80,81,test
action_17,user19,17,19,1-2-1,True,True,IMU/action_17/user19/1-2-1/up.csv,IMU/action_17/user19/1-2-1/down.csv,True,True,20,20,20,21,20,train
action_17,user19,17,19,4-1-1,True,True,IMU/action_17/user19/4-1-1/up.csv,IMU/action_17/user19/4-1-1/down.csv,True,True,25,24,24,24,24,train
action_17,user19,17,19,4-3-1,True,True,IMU/action_17/user19/4-3-1/up.csv,IMU/action_17/user19/4-3-1/down.csv,True,True,29,29,27,29,28,train
action_17,user19,17,19,6-1-1,True,True,IMU/action_17/user19/6-1-1/up.csv,IMU/action_17/user19/6-1-1/down.csv,True,True,15,18,17,18,15,train
action_17,user20,17,20,2-2-1,True,True,IMU/action_17/user20/2-2-1/up.csv,IMU/action_17/user20/2-2-1/down.csv,True,True,29,30,29,30,30,train
action_17,user20,17,20,4-1-1,True,True,IMU/action_17/user20/4-1-1/up.csv,IMU/action_17/user20/4-1-1/down.csv,True,True,49,47,47,48,47,train
action_17,user20,17,20,5-1-1,True,True,IMU/action_17/user20/5-1-1/up.csv,IMU/action_17/user20/5-1-1/down.csv,True,True,73,73,74,73,73,train
action_17,user22,17,22,1-2-1,True,True,IMU/action_17/user22/1-2-1/up.csv,IMU/action_17/user22/1-2-1/down.csv,True,True,30,29,29,30,30,train
action_17,user24,17,24,1-2-1,True,True,IMU/action_17/user24/1-2-1/up.csv,IMU/action_17/user24/1-2-1/down.csv,True,True,52,51,53,52,53,train
action_17,user24,17,24,3-2-1,True,True,IMU/action_17/user24/3-2-1/up.csv,IMU/action_17/user24/3-2-1/down.csv,True,True,50,48,50,48,50,train
action_17,user24,17,24,7-2-1,True,True,IMU/action_17/user24/7-2-1/up.csv,IMU/action_17/user24/7-2-1/down.csv,True,True,30,31,31,30,31,train
action_17,user3,17,3,3-2-1,True,True,IMU/action_17/user3/3-2-1/up.csv,IMU/action_17/user3/3-2-1/down.csv,True,True,48,41,49,49,48,train
action_17,user4,17,4,5-2-1,True,True,IMU/action_17/user4/5-2-1/up.csv,IMU/action_17/user4/5-2-1/down.csv,True,True,50,48,48,48,50,train
action_17,user5,17,5,4-1-1,True,True,IMU/action_17/user5/4-1-1/up.csv,IMU/action_17/user5/4-1-1/down.csv,True,True,47,45,47,47,47,train
action_17,user6,17,6,4-1-1,True,True,IMU/action_17/user6/4-1-1/up.csv,IMU/action_17/user6/4-1-1/down.csv,True,True,60,60,60,62,61,train
action_17,user7,17,7,4-1-1,True,True,IMU/action_17/user7/4-1-1/up.csv,IMU/action_17/user7/4-1-1/down.csv,True,True,11,12,11,11,9,train
action_17,user7,17,7,6-3-1,True,True,IMU/action_17/user7/6-3-1/up.csv,IMU/action_17/user7/6-3-1/down.csv,True,True,50,51,51,50,51,train
action_17,user8,17,8,5-1-1,True,True,IMU/action_17/user8/5-1-1/up.csv,IMU/action_17/user8/5-1-1/down.csv,True,True,34,33,34,35,33,train
action_17,user9,17,9,4-1-1,True,True,IMU/action_17/user9/4-1-1/up.csv,IMU/action_17/user9/4-1-1/down.csv,True,True,20,20,19,21,20,train
action_17,user9,17,9,4-3-1,True,True,IMU/action_17/user9/4-3-1/up.csv,IMU/action_17/user9/4-3-1/down.csv,True,True,51,53,53,53,53,train
action_17,user9,17,9,6-1-1,True,True,IMU/action_17/user9/6-1-1/up.csv,IMU/action_17/user9/6-1-1/down.csv,True,True,15,15,17,16,16,train
action_18,user18,18,18,4-1-1,True,True,IMU/action_18/user18/4-1-1/up.csv,IMU/action_18/user18/4-1-1/down.csv,True,True,35,34,35,35,34,test
action_18,user18,18,18,6-2-1,True,True,IMU/action_18/user18/6-2-1/up.csv,IMU/action_18/user18/6-2-1/down.csv,True,True,16,15,15,16,14,test
action_18,user20,18,20,2-2-1,True,True,IMU/action_18/user20/2-2-1/up.csv,IMU/action_18/user20/2-2-1/down.csv,True,True,12,12,13,13,14,train
action_18,user22,18,22,3-1-1,True,True,IMU/action_18/user22/3-1-1/up.csv,IMU/action_18/user22/3-1-1/down.csv,True,True,30,31,30,31,27,train
action_18,user23,18,23,4-1-1,True,True,IMU/action_18/user23/4-1-1/up.csv,IMU/action_18/user23/4-1-1/down.csv,True,True,64,63,63,63,63,train
action_18,user23,18,23,7-1-1,True,True,IMU/action_18/user23/7-1-1/up.csv,IMU/action_18/user23/7-1-1/down.csv,True,True,30,30,28,30,30,train
action_18,user24,18,24,1-2-1,True,True,IMU/action_18/user24/1-2-1/up.csv,IMU/action_18/user24/1-2-1/down.csv,True,True,33,32,33,32,32,train
action_18,user6,18,6,4-1-1,True,True,IMU/action_18/user6/4-1-1/up.csv,IMU/action_18/user6/4-1-1/down.csv,True,True,72,71,71,72,73,train
action_18,user8,18,8,6-2-1,True,True,IMU/action_18/user8/6-2-1/up.csv,IMU/action_18/user8/6-2-1/down.csv,True,True,26,26,24,25,24,train
action_19,user16,19,16,4-1-1,True,True,IMU/action_19/user16/4-1-1/up.csv,IMU/action_19/user16/4-1-1/down.csv,True,True,40,39,40,40,40,train
action_19,user18,19,18,1-2-1,True,True,IMU/action_19/user18/1-2-1/up.csv,IMU/action_19/user18/1-2-1/down.csv,True,True,33,33,34,34,33,test
action_19,user18,19,18,2-1-1,True,True,IMU/action_19/user18/2-1-1/up.csv,IMU/action_19/user18/2-1-1/down.csv,True,True,17,18,18,18,16,test
action_19,user21,19,21,4-1-1,True,True,IMU/action_19/user21/4-1-1/up.csv,IMU/action_19/user21/4-1-1/down.csv,True,True,71,70,69,69,71,train
action_19,user22,19,22,4-1-1,True,True,IMU/action_19/user22/4-1-1/up.csv,IMU/action_19/user22/4-1-1/down.csv,True,True,37,37,35,36,38,train
action_19,user23,19,23,4-2-1,True,True,IMU/action_19/user23/4-2-1/up.csv,IMU/action_19/user23/4-2-1/down.csv,True,True,20,20,20,21,20,train
action_19,user24,19,24,3-2-1,True,True,IMU/action_19/user24/3-2-1/up.csv,IMU/action_19/user24/3-2-1/down.csv,True,True,27,27,28,28,27,train
action_19,user3,19,3,3-2-1,True,True,IMU/action_19/user3/3-2-1/up.csv,IMU/action_19/user3/3-2-1/down.csv,True,True,33,32,32,33,32,train
action_19,user6,19,6,4-1-1,True,True,IMU/action_19/user6/4-1-1/up.csv,IMU/action_19/user6/4-1-1/down.csv,True,True,23,22,24,22,22,train
action_19,user8,19,8,1-2-1,True,True,IMU/action_19/user8/1-2-1/up.csv,IMU/action_19/user8/1-2-1/down.csv,True,True,7,7,8,8,7,train
action_19,user8,19,8,2-1-1,True,True,IMU/action_19/user8/2-1-1/up.csv,IMU/action_19/user8/2-1-1/down.csv,True,True,27,27,28,28,27,train
action_01,user16,1,16,1-1-1,True,True,IMU/action_01/user16/1-1-1/up.csv,IMU/action_01/user16/1-1-1/down.csv,True,True,32,32,30,31,31,train
action_01,user17,1,17,1-1-1,True,True,IMU/action_01/user17/1-1-1/up.csv,IMU/action_01/user17/1-1-1/down.csv,True,True,20,20,20,20,20,train
action_01,user18,1,18,1-1-1,True,True,IMU/action_01/user18/1-1-1/up.csv,IMU/action_01/user18/1-1-1/down.csv,True,True,40,40,40,39,40,test
action_01,user18,1,18,7-1-1,True,True,IMU/action_01/user18/7-1-1/up.csv,IMU/action_01/user18/7-1-1/down.csv,True,True,21,22,22,23,21,test
action_01,user19,1,19,1-1-1,True,True,IMU/action_01/user19/1-1-1/up.csv,IMU/action_01/user19/1-1-1/down.csv,True,True,18,17,18,18,17,train
action_01,user21,1,21,4-2-1,True,True,IMU/action_01/user21/4-2-1/up.csv,IMU/action_01/user21/4-2-1/down.csv,True,True,13,14,14,13,14,train
action_01,user22,1,22,2-2-1,True,True,IMU/action_01/user22/2-2-1/up.csv,IMU/action_01/user22/2-2-1/down.csv,True,True,16,16,18,14,17,train
action_01,user23,1,23,1-1-1,True,True,IMU/action_01/user23/1-1-1/up.csv,IMU/action_01/user23/1-1-1/down.csv,True,True,36,37,35,38,38,train
action_01,user24,1,24,6-2-1,True,True,IMU/action_01/user24/6-2-1/up.csv,IMU/action_01/user24/6-2-1/down.csv,True,True,26,23,24,25,23,train
action_01,user24,1,24,7-1-1,True,True,IMU/action_01/user24/7-1-1/up.csv,IMU/action_01/user24/7-1-1/down.csv,True,True,10,9,11,12,12,train
action_01,user6,1,6,1-1-1,True,True,IMU/action_01/user6/1-1-1/up.csv,IMU/action_01/user6/1-1-1/down.csv,True,True,69,69,70,70,69,train
action_01,user7,1,7,1-1-1,True,True,IMU/action_01/user7/1-1-1/up.csv,IMU/action_01/user7/1-1-1/down.csv,True,True,34,34,35,34,35,train
action_01,user8,1,8,1-1-1,True,True,IMU/action_01/user8/1-1-1/up.csv,IMU/action_01/user8/1-1-1/down.csv,True,True,25,24,24,25,25,train
action_01,user8,1,8,7-1-1,True,True,IMU/action_01/user8/7-1-1/up.csv,IMU/action_01/user8/7-1-1/down.csv,True,True,11,11,11,11,11,train
action_01,user9,1,9,1-1-1,True,True,IMU/action_01/user9/1-1-1/up.csv,IMU/action_01/user9/1-1-1/down.csv,True,True,24,24,23,23,24,train
action_20,user1,20,1,3-2-1,True,True,IMU/action_20/user1/3-2-1/up.csv,IMU/action_20/user1/3-2-1/down.csv,True,True,12,12,14,12,12,train
action_20,user1,20,1,5-1-1,True,True,IMU/action_20/user1/5-1-1/up.csv,IMU/action_20/user1/5-1-1/down.csv,True,True,16,15,16,17,16,train
action_20,user16,20,16,4-1-1,True,True,IMU/action_20/user16/4-1-1/up.csv,IMU/action_20/user16/4-1-1/down.csv,True,True,14,16,15,15,13,train
action_20,user16,20,16,5-3-1,True,True,IMU/action_20/user16/5-3-1/up.csv,IMU/action_20/user16/5-3-1/down.csv,True,True,41,42,41,41,39,train
action_20,user16,20,16,7-3-1,True,True,IMU/action_20/user16/7-3-1/up.csv,IMU/action_20/user16/7-3-1/down.csv,True,True,24,24,24,25,24,train
action_20,user17,20,17,1-2-1,True,True,IMU/action_20/user17/1-2-1/up.csv,IMU/action_20/user17/1-2-1/down.csv,True,True,15,17,15,15,15,train
action_20,user17,20,17,4-1-1,True,True,IMU/action_20/user17/4-1-1/up.csv,IMU/action_20/user17/4-1-1/down.csv,True,True,13,13,13,14,14,train
action_20,user18,20,18,2-1-1,True,True,IMU/action_20/user18/2-1-1/up.csv,IMU/action_20/user18/2-1-1/down.csv,True,True,19,18,18,17,18,test
action_20,user18,20,18,5-1-1,True,True,IMU/action_20/user18/5-1-1/up.csv,IMU/action_20/user18/5-1-1/down.csv,True,True,20,20,20,21,20,test
action_20,user18,20,18,6-2-1,True,True,IMU/action_20/user18/6-2-1/up.csv,IMU/action_20/user18/6-2-1/down.csv,True,True,13,14,13,14,13,test
action_20,user19,20,19,4-1-1,True,True,IMU/action_20/user19/4-1-1/up.csv,IMU/action_20/user19/4-1-1/down.csv,True,True,11,11,10,9,10,train
action_20,user19,20,19,5-3-1,True,True,IMU/action_20/user19/5-3-1/up.csv,IMU/action_20/user19/5-3-1/down.csv,True,True,9,10,11,10,10,train
action_20,user20,20,20,1-1-1,True,True,IMU/action_20/user20/1-1-1/up.csv,IMU/action_20/user20/1-1-1/down.csv,True,True,31,30,31,31,29,train
action_20,user20,20,20,2-2-1,True,True,IMU/action_20/user20/2-2-1/up.csv,IMU/action_20/user20/2-2-1/down.csv,True,True,13,12,13,13,14,train
action_20,user20,20,20,4-1-1,True,True,IMU/action_20/user20/4-1-1/up.csv,IMU/action_20/user20/4-1-1/down.csv,True,True,20,20,20,18,19,train
action_20,user20,20,20,5-1-1,True,True,IMU/action_20/user20/5-1-1/up.csv,IMU/action_20/user20/5-1-1/down.csv,True,True,3,3,3,3,4,train
action_20,user21,20,21,2-2-1,True,True,IMU/action_20/user21/2-2-1/up.csv,IMU/action_20/user21/2-2-1/down.csv,True,True,18,18,19,18,18,train
action_20,user21,20,21,6-2-1,True,True,IMU/action_20/user21/6-2-1/up.csv,IMU/action_20/user21/6-2-1/down.csv,True,True,27,27,26,27,26,train
action_20,user22,20,22,6-1-1,True,True,IMU/action_20/user22/6-1-1/up.csv,IMU/action_20/user22/6-1-1/down.csv,True,True,16,14,15,11,15,train
action_20,user24,20,24,7-2-1,True,True,IMU/action_20/user24/7-2-1/up.csv,IMU/action_20/user24/7-2-1/down.csv,True,True,20,21,21,22,21,train
action_20,user4,20,4,5-2-1,True,True,IMU/action_20/user4/5-2-1/up.csv,IMU/action_20/user4/5-2-1/down.csv,True,True,21,20,21,21,21,train
action_20,user5,20,5,4-1-1,True,True,IMU/action_20/user5/4-1-1/up.csv,IMU/action_20/user5/4-1-1/down.csv,True,True,14,16,15,16,16,train
action_20,user6,20,6,4-1-1,True,True,IMU/action_20/user6/4-1-1/up.csv,IMU/action_20/user6/4-1-1/down.csv,True,True,24,25,25,24,24,train
action_20,user6,20,6,5-3-1,True,True,IMU/action_20/user6/5-3-1/up.csv,IMU/action_20/user6/5-3-1/down.csv,True,True,17,17,17,16,17,train
action_20,user6,20,6,6-2-1,True,True,IMU/action_20/user6/6-2-1/up.csv,IMU/action_20/user6/6-2-1/down.csv,True,True,12,12,11,11,12,train
action_20,user6,20,6,7-3-1,True,True,IMU/action_20/user6/7-3-1/up.csv,IMU/action_20/user6/7-3-1/down.csv,True,True,11,12,11,10,10,train
action_20,user7,20,7,2-2-1,True,True,IMU/action_20/user7/2-2-1/up.csv,IMU/action_20/user7/2-2-1/down.csv,True,True,21,22,21,22,22,train
action_20,user7,20,7,3-3-1,True,True,IMU/action_20/user7/3-3-1/up.csv,IMU/action_20/user7/3-3-1/down.csv,True,True,69,68,66,68,66,train
action_20,user7,20,7,4-1-1,True,True,IMU/action_20/user7/4-1-1/up.csv,IMU/action_20/user7/4-1-1/down.csv,True,True,9,10,11,9,11,train
action_20,user8,20,8,2-1-1,True,True,IMU/action_20/user8/2-1-1/up.csv,IMU/action_20/user8/2-1-1/down.csv,True,True,13,14,13,14,14,train
action_20,user8,20,8,5-1-1,True,True,IMU/action_20/user8/5-1-1/up.csv,IMU/action_20/user8/5-1-1/down.csv,True,True,12,10,14,11,11,train
action_20,user8,20,8,6-2-1,True,True,IMU/action_20/user8/6-2-1/up.csv,IMU/action_20/user8/6-2-1/down.csv,True,True,23,25,24,23,23,train
action_20,user9,20,9,5-3-1,True,True,IMU/action_20/user9/5-3-1/up.csv,IMU/action_20/user9/5-3-1/down.csv,True,True,10,9,10,9,11,train
action_20,user9,20,9,6-1-1,True,True,IMU/action_20/user9/6-1-1/up.csv,IMU/action_20/user9/6-1-1/down.csv,True,True,5,6,6,6,6,train
action_21,user16,21,16,4-1-1,True,True,IMU/action_21/user16/4-1-1/up.csv,IMU/action_21/user16/4-1-1/down.csv,True,True,23,22,23,23,23,train
action_21,user16,21,16,7-3-1,True,True,IMU/action_21/user16/7-3-1/up.csv,IMU/action_21/user16/7-3-1/down.csv,True,True,16,15,15,15,15,train
action_21,user17,21,17,4-1-1,True,True,IMU/action_21/user17/4-1-1/up.csv,IMU/action_21/user17/4-1-1/down.csv,True,True,70,71,71,71,71,train
action_21,user18,21,18,1-2-1,True,True,IMU/action_21/user18/1-2-1/up.csv,IMU/action_21/user18/1-2-1/down.csv,True,True,53,52,52,53,53,test
action_21,user18,21,18,4-1-1,True,True,IMU/action_21/user18/4-1-1/up.csv,IMU/action_21/user18/4-1-1/down.csv,True,True,68,66,67,66,68,test
action_21,user19,21,19,4-1-1,True,True,IMU/action_21/user19/4-1-1/up.csv,IMU/action_21/user19/4-1-1/down.csv,True,True,2,4,4,5,4,train
action_21,user19,21,19,6-1-1,True,True,IMU/action_21/user19/6-1-1/up.csv,IMU/action_21/user19/6-1-1/down.csv,True,True,10,9,10,9,9,train
action_21,user20,21,20,4-1-1,True,True,IMU/action_21/user20/4-1-1/up.csv,IMU/action_21/user20/4-1-1/down.csv,True,True,66,64,66,66,65,train
action_21,user22,21,22,1-2-1,True,True,IMU/action_21/user22/1-2-1/up.csv,IMU/action_21/user22/1-2-1/down.csv,True,True,28,27,28,28,27,train
action_21,user22,21,22,4-1-1,True,True,IMU/action_21/user22/4-1-1/up.csv,IMU/action_21/user22/4-1-1/down.csv,True,True,9,9,9,9,8,train
action_21,user23,21,23,4-1-1,True,True,IMU/action_21/user23/4-1-1/up.csv,IMU/action_21/user23/4-1-1/down.csv,True,True,44,45,45,44,44,train
action_21,user24,21,24,1-2-1,True,True,IMU/action_21/user24/1-2-1/up.csv,IMU/action_21/user24/1-2-1/down.csv,True,True,132,132,132,131,132,train
action_21,user24,21,24,7-2-1,True,True,IMU/action_21/user24/7-2-1/up.csv,IMU/action_21/user24/7-2-1/down.csv,True,True,81,82,82,82,83,train
action_21,user3,21,3,5-2-1,True,True,IMU/action_21/user3/5-2-1/up.csv,IMU/action_21/user3/5-2-1/down.csv,True,True,265,265,266,264,264,train
action_21,user6,21,6,4-1-1,True,True,IMU/action_21/user6/4-1-1/up.csv,IMU/action_21/user6/4-1-1/down.csv,True,True,45,47,46,46,45,train
action_21,user6,21,6,7-3-1,True,True,IMU/action_21/user6/7-3-1/up.csv,IMU/action_21/user6/7-3-1/down.csv,True,True,52,50,52,51,51,train
action_21,user7,21,7,4-1-1,True,True,IMU/action_21/user7/4-1-1/up.csv,IMU/action_21/user7/4-1-1/down.csv,True,True,61,62,60,62,62,train
action_21,user8,21,8,1-2-1,True,True,IMU/action_21/user8/1-2-1/up.csv,IMU/action_21/user8/1-2-1/down.csv,True,True,46,47,48,46,47,train
action_21,user9,21,9,4-1-1,True,True,IMU/action_21/user9/4-1-1/up.csv,IMU/action_21/user9/4-1-1/down.csv,True,True,45,45,47,46,47,train
action_21,user9,21,9,6-1-1,True,True,IMU/action_21/user9/6-1-1/up.csv,IMU/action_21/user9/6-1-1/down.csv,True,True,46,45,45,44,44,train
action_22,user16,22,16,4-1-1,True,True,IMU/action_22/user16/4-1-1/up.csv,IMU/action_22/user16/4-1-1/down.csv,True,True,47,47,46,46,46,train
action_22,user16,22,16,7-3-1,True,True,IMU/action_22/user16/7-3-1/up.csv,IMU/action_22/user16/7-3-1/down.csv,True,True,62,64,62,63,62,train
action_22,user18,22,18,1-2-1,True,True,IMU/action_22/user18/1-2-1/up.csv,IMU/action_22/user18/1-2-1/down.csv,True,True,22,21,20,22,20,test
action_22,user18,22,18,4-1-1,True,True,IMU/action_22/user18/4-1-1/up.csv,IMU/action_22/user18/4-1-1/down.csv,True,True,61,61,61,61,62,test
action_22,user20,22,20,2-2-1,True,True,IMU/action_22/user20/2-2-1/up.csv,IMU/action_22/user20/2-2-1/down.csv,True,True,25,25,26,24,26,train
action_22,user20,22,20,4-1-1,True,True,IMU/action_22/user20/4-1-1/up.csv,IMU/action_22/user20/4-1-1/down.csv,True,True,34,32,32,32,32,train
action_22,user21,22,21,2-2-1,True,True,IMU/action_22/user21/2-2-1/up.csv,IMU/action_22/user21/2-2-1/down.csv,True,True,123,122,123,123,123,train
action_22,user22,22,22,4-1-1,True,True,IMU/action_22/user22/4-1-1/up.csv,IMU/action_22/user22/4-1-1/down.csv,True,True,48,50,51,51,51,train
action_22,user24,22,24,1-2-1,True,True,IMU/action_22/user24/1-2-1/up.csv,IMU/action_22/user24/1-2-1/down.csv,True,True,43,44,45,45,44,train
action_22,user24,22,24,7-2-1,True,True,IMU/action_22/user24/7-2-1/up.csv,IMU/action_22/user24/7-2-1/down.csv,True,True,13,13,15,13,14,train
action_22,user3,22,3,5-2-1,True,True,IMU/action_22/user3/5-2-1/up.csv,IMU/action_22/user3/5-2-1/down.csv,True,True,7,7,8,6,7,train
action_22,user5,22,5,2-1-1,True,True,IMU/action_22/user5/2-1-1/up.csv,IMU/action_22/user5/2-1-1/down.csv,True,True,51,51,51,50,51,train
action_22,user6,22,6,4-1-1,True,True,IMU/action_22/user6/4-1-1/up.csv,IMU/action_22/user6/4-1-1/down.csv,True,True,33,34,34,33,33,train
action_22,user6,22,6,7-3-1,True,True,IMU/action_22/user6/7-3-1/up.csv,IMU/action_22/user6/7-3-1/down.csv,True,True,42,41,41,42,42,train
action_22,user8,22,8,6-2-1,True,True,IMU/action_22/user8/6-2-1/up.csv,IMU/action_22/user8/6-2-1/down.csv,True,True,25,24,26,26,24,train
action_23,user1,23,1,5-1-1,True,True,IMU/action_23/user1/5-1-1/up.csv,IMU/action_23/user1/5-1-1/down.csv,True,True,45,47,48,46,48,train
action_23,user16,23,16,4-1-1,True,True,IMU/action_23/user16/4-1-1/up.csv,IMU/action_23/user16/4-1-1/down.csv,True,True,49,50,49,50,49,train
action_23,user16,23,16,5-1-1,True,True,IMU/action_23/user16/5-1-1/up.csv,IMU/action_23/user16/5-1-1/down.csv,True,True,19,18,20,18,19,train
action_23,user17,23,17,6-2-1,True,True,IMU/action_23/user17/6-2-1/up.csv,IMU/action_23/user17/6-2-1/down.csv,True,True,46,45,44,45,45,train
action_23,user17,23,17,7-1-1,True,True,IMU/action_23/user17/7-1-1/up.csv,IMU/action_23/user17/7-1-1/down.csv,True,True,62,61,60,62,62,train
action_23,user18,23,18,1-2-1,True,True,IMU/action_23/user18/1-2-1/up.csv,IMU/action_23/user18/1-2-1/down.csv,True,True,229,229,228,227,229,test
action_23,user18,23,18,2-1-1,True,True,IMU/action_23/user18/2-1-1/up.csv,IMU/action_23/user18/2-1-1/down.csv,True,True,81,81,79,81,81,test
action_23,user18,23,18,4-1-1,True,True,IMU/action_23/user18/4-1-1/up.csv,IMU/action_23/user18/4-1-1/down.csv,True,True,209,208,209,209,209,test
action_23,user19,23,19,1-2-1,True,True,IMU/action_23/user19/1-2-1/up.csv,IMU/action_23/user19/1-2-1/down.csv,True,True,18,17,16,16,17,train
action_23,user2,23,2,6-1-1,True,True,IMU/action_23/user2/6-1-1/up.csv,IMU/action_23/user2/6-1-1/down.csv,True,True,27,27,27,28,26,train
action_23,user2,23,2,7-3-1,True,True,IMU/action_23/user2/7-3-1/up.csv,IMU/action_23/user2/7-3-1/down.csv,True,True,33,32,33,32,34,train
action_23,user20,23,20,6-3-1,True,True,IMU/action_23/user20/6-3-1/up.csv,IMU/action_23/user20/6-3-1/down.csv,True,True,38,38,37,38,38,train
action_23,user21,23,21,1-2-1,True,True,IMU/action_23/user21/1-2-1/up.csv,IMU/action_23/user21/1-2-1/down.csv,True,True,33,33,33,33,33,train
action_23,user21,23,21,5-2-1,True,True,IMU/action_23/user21/5-2-1/up.csv,IMU/action_23/user21/5-2-1/down.csv,True,True,13,9,10,11,11,train
action_23,user22,23,22,1-2-1,True,True,IMU/action_23/user22/1-2-1/up.csv,IMU/action_23/user22/1-2-1/down.csv,True,True,39,40,41,40,41,train
action_23,user23,23,23,4-2-1,True,True,IMU/action_23/user23/4-2-1/up.csv,IMU/action_23/user23/4-2-1/down.csv,True,True,35,36,36,36,35,train
action_23,user23,23,23,5-1-1,True,True,IMU/action_23/user23/5-1-1/up.csv,IMU/action_23/user23/5-1-1/down.csv,True,True,48,48,47,48,48,train
action_23,user24,23,24,5-1-1,True,True,IMU/action_23/user24/5-1-1/up.csv,IMU/action_23/user24/5-1-1/down.csv,True,True,31,32,32,32,32,train
action_23,user24,23,24,7-2-1,True,True,IMU/action_23/user24/7-2-1/up.csv,IMU/action_23/user24/7-2-1/down.csv,True,True,31,30,31,31,31,train
action_23,user3,23,3,1-2-1,True,True,IMU/action_23/user3/1-2-1/up.csv,IMU/action_23/user3/1-2-1/down.csv,True,True,21,20,20,21,21,train
action_23,user3,23,3,3-2-1,True,True,IMU/action_23/user3/3-2-1/up.csv,IMU/action_23/user3/3-2-1/down.csv,True,True,24,27,24,24,24,train
action_23,user3,23,3,5-2-1,True,True,IMU/action_23/user3/5-2-1/up.csv,IMU/action_23/user3/5-2-1/down.csv,True,True,22,24,22,23,22,train
action_23,user6,23,6,4-1-1,True,True,IMU/action_23/user6/4-1-1/up.csv,IMU/action_23/user6/4-1-1/down.csv,True,True,45,43,44,44,44,train
action_23,user6,23,6,5-1-1,True,True,IMU/action_23/user6/5-1-1/up.csv,IMU/action_23/user6/5-1-1/down.csv,True,True,97,97,98,97,97,train
action_23,user7,23,7,7-1-1,True,True,IMU/action_23/user7/7-1-1/up.csv,IMU/action_23/user7/7-1-1/down.csv,True,True,18,17,17,18,17,train
action_23,user8,23,8,1-2-1,True,True,IMU/action_23/user8/1-2-1/up.csv,IMU/action_23/user8/1-2-1/down.csv,True,True,145,145,146,146,147,train
action_23,user8,23,8,2-1-1,True,True,IMU/action_23/user8/2-1-1/up.csv,IMU/action_23/user8/2-1-1/down.csv,True,True,56,54,54,56,55,train
action_23,user9,23,9,1-2-1,True,True,IMU/action_23/user9/1-2-1/up.csv,IMU/action_23/user9/1-2-1/down.csv,True,True,40,41,42,42,39,train
action_23,user9,23,9,3-3-1,True,True,IMU/action_23/user9/3-3-1/up.csv,IMU/action_23/user9/3-3-1/down.csv,True,True,39,40,38,40,40,train
action_24,user16,24,16,5-1-1,True,True,IMU/action_24/user16/5-1-1/up.csv,IMU/action_24/user16/5-1-1/down.csv,True,True,76,76,76,75,75,train
action_24,user16,24,16,6-2-1,True,True,IMU/action_24/user16/6-2-1/up.csv,IMU/action_24/user16/6-2-1/down.csv,True,True,24,24,25,24,24,train
action_24,user17,24,17,1-2-1,True,True,IMU/action_24/user17/1-2-1/up.csv,IMU/action_24/user17/1-2-1/down.csv,True,True,44,44,44,45,45,train
action_24,user2,24,2,6-1-1,True,True,IMU/action_24/user2/6-1-1/up.csv,IMU/action_24/user2/6-1-1/down.csv,True,True,40,41,40,39,41,train
action_24,user2,24,2,7-3-1,True,True,IMU/action_24/user2/7-3-1/up.csv,IMU/action_24/user2/7-3-1/down.csv,True,True,20,20,20,20,20,train
action_24,user20,24,20,4-1-1,True,True,IMU/action_24/user20/4-1-1/up.csv,IMU/action_24/user20/4-1-1/down.csv,True,True,24,24,23,26,24,train
action_24,user21,24,21,1-2-1,True,True,IMU/action_24/user21/1-2-1/up.csv,IMU/action_24/user21/1-2-1/down.csv,True,True,30,30,29,30,30,train
action_24,user21,24,21,4-1-1,True,True,IMU/action_24/user21/4-1-1/up.csv,IMU/action_24/user21/4-1-1/down.csv,True,True,30,38,37,36,38,train
action_24,user21,24,21,5-2-1,True,True,IMU/action_24/user21/5-2-1/up.csv,IMU/action_24/user21/5-2-1/down.csv,True,True,17,9,18,17,17,train
action_24,user22,24,22,5-2-1,True,True,IMU/action_24/user22/5-2-1/up.csv,IMU/action_24/user22/5-2-1/down.csv,True,True,35,34,34,33,29,train
action_24,user23,24,23,7-3-1,True,True,IMU/action_24/user23/7-3-1/up.csv,IMU/action_24/user23/7-3-1/down.csv,True,True,40,40,40,40,39,train
action_24,user24,24,24,4-1-1,True,True,IMU/action_24/user24/4-1-1/up.csv,IMU/action_24/user24/4-1-1/down.csv,True,True,45,43,42,44,43,train
action_24,user24,24,24,5-1-1,True,True,IMU/action_24/user24/5-1-1/up.csv,IMU/action_24/user24/5-1-1/down.csv,True,True,44,46,44,44,44,train
action_24,user4,24,4,3-2-1,True,True,IMU/action_24/user4/3-2-1/up.csv,IMU/action_24/user4/3-2-1/down.csv,True,True,53,52,53,51,53,train
action_24,user4,24,4,6-1-1,True,True,IMU/action_24/user4/6-1-1/up.csv,IMU/action_24/user4/6-1-1/down.csv,True,True,44,43,43,44,43,train
action_24,user6,24,6,5-1-1,True,True,IMU/action_24/user6/5-1-1/up.csv,IMU/action_24/user6/5-1-1/down.csv,True,True,97,97,98,97,97,train
action_24,user6,24,6,6-2-1,True,True,IMU/action_24/user6/6-2-1/up.csv,IMU/action_24/user6/6-2-1/down.csv,True,True,12,12,11,11,12,train
action_24,user7,24,7,1-2-1,True,True,IMU/action_24/user7/1-2-1/up.csv,IMU/action_24/user7/1-2-1/down.csv,True,True,47,48,49,49,48,train
action_25,user1,25,1,5-1-1,True,True,IMU/action_25/user1/5-1-1/up.csv,IMU/action_25/user1/5-1-1/down.csv,True,True,58,56,56,56,57,train
action_25,user24,25,24,2-2-1,True,True,IMU/action_25/user24/2-2-1/up.csv,IMU/action_25/user24/2-2-1/down.csv,True,True,38,38,38,38,38,train
action_25,user24,25,24,5-3-1,True,True,IMU/action_25/user24/5-3-1/up.csv,IMU/action_25/user24/5-3-1/down.csv,True,True,13,13,14,13,14,train
action_25,user7,25,7,5-1-1,True,True,IMU/action_25/user7/5-1-1/up.csv,IMU/action_25/user7/5-1-1/down.csv,True,True,61,61,62,61,62,train
action_26,user16,26,16,5-3-1,True,True,IMU/action_26/user16/5-3-1/up.csv,IMU/action_26/user16/5-3-1/down.csv,True,True,127,127,128,128,128,train
action_26,user19,26,19,3-1-1,True,True,IMU/action_26/user19/3-1-1/up.csv,IMU/action_26/user19/3-1-1/down.csv,True,True,30,33,32,31,31,train
action_26,user19,26,19,5-1-1,True,True,IMU/action_26/user19/5-1-1/up.csv,IMU/action_26/user19/5-1-1/down.csv,True,True,58,59,59,58,59,train
action_26,user19,26,19,5-3-1,True,True,IMU/action_26/user19/5-3-1/up.csv,IMU/action_26/user19/5-3-1/down.csv,True,True,31,31,31,32,31,train
action_26,user19,26,19,6-2-1,True,True,IMU/action_26/user19/6-2-1/up.csv,IMU/action_26/user19/6-2-1/down.csv,True,True,18,23,18,18,18,train
action_26,user23,26,23,5-1-1,True,True,IMU/action_26/user23/5-1-1/up.csv,IMU/action_26/user23/5-1-1/down.csv,True,True,42,41,42,42,42,train
action_26,user24,26,24,4-1-1,True,True,IMU/action_26/user24/4-1-1/up.csv,IMU/action_26/user24/4-1-1/down.csv,True,True,40,40,40,40,39,train
action_26,user24,26,24,4-3-1,True,True,IMU/action_26/user24/4-3-1/up.csv,IMU/action_26/user24/4-3-1/down.csv,True,True,42,41,42,42,43,train
action_26,user24,26,24,5-3-1,True,True,IMU/action_26/user24/5-3-1/up.csv,IMU/action_26/user24/5-3-1/down.csv,True,True,22,22,23,22,23,train
action_26,user6,26,6,5-3-1,True,True,IMU/action_26/user6/5-3-1/up.csv,IMU/action_26/user6/5-3-1/down.csv,True,True,26,26,26,25,25,train
action_26,user9,26,9,3-1-1,True,True,IMU/action_26/user9/3-1-1/up.csv,IMU/action_26/user9/3-1-1/down.csv,True,True,66,67,66,65,64,train
action_26,user9,26,9,5-1-1,True,True,IMU/action_26/user9/5-1-1/up.csv,IMU/action_26/user9/5-1-1/down.csv,True,True,60,60,61,61,60,train
action_26,user9,26,9,5-3-1,True,True,IMU/action_26/user9/5-3-1/up.csv,IMU/action_26/user9/5-3-1/down.csv,True,True,21,20,21,22,21,train
action_26,user9,26,9,6-2-1,True,True,IMU/action_26/user9/6-2-1/up.csv,IMU/action_26/user9/6-2-1/down.csv,True,True,11,12,14,15,16,train
action_27,user1,27,1,5-1-1,True,True,IMU/action_27/user1/5-1-1/up.csv,IMU/action_27/user1/5-1-1/down.csv,True,True,75,74,75,74,74,train
action_27,user17,27,17,1-2-1,True,True,IMU/action_27/user17/1-2-1/up.csv,IMU/action_27/user17/1-2-1/down.csv,True,True,44,44,44,45,45,train
action_27,user18,27,18,1-2-1,True,True,IMU/action_27/user18/1-2-1/up.csv,IMU/action_27/user18/1-2-1/down.csv,True,True,33,35,35,35,35,test
action_27,user19,27,19,6-2-1,True,True,IMU/action_27/user19/6-2-1/up.csv,IMU/action_27/user19/6-2-1/down.csv,True,True,31,32,29,27,29,train
action_27,user20,27,20,7-2-1,True,True,IMU/action_27/user20/7-2-1/up.csv,IMU/action_27/user20/7-2-1/down.csv,True,True,44,43,44,43,44,train
action_27,user21,27,21,5-1-1,True,True,IMU/action_27/user21/5-1-1/up.csv,IMU/action_27/user21/5-1-1/down.csv,True,True,9,8,8,9,13,train
action_27,user22,27,22,4-2-1,True,True,IMU/action_27/user22/4-2-1/up.csv,IMU/action_27/user22/4-2-1/down.csv,True,True,34,31,36,36,35,train
action_27,user23,27,23,4-2-1,True,True,IMU/action_27/user23/4-2-1/up.csv,IMU/action_27/user23/4-2-1/down.csv,True,True,39,40,40,39,39,train
action_27,user24,27,24,1-1-1,True,True,IMU/action_27/user24/1-1-1/up.csv,IMU/action_27/user24/1-1-1/down.csv,True,True,28,28,27,29,27,train
action_27,user4,27,4,3-2-1,True,True,IMU/action_27/user4/3-2-1/up.csv,IMU/action_27/user4/3-2-1/down.csv,True,True,28,28,28,27,27,train
action_27,user7,27,7,1-2-1,True,True,IMU/action_27/user7/1-2-1/up.csv,IMU/action_27/user7/1-2-1/down.csv,True,True,31,31,31,31,30,train
action_27,user8,27,8,1-2-1,True,True,IMU/action_27/user8/1-2-1/up.csv,IMU/action_27/user8/1-2-1/down.csv,True,True,34,35,34,35,33,train
action_27,user9,27,9,6-2-1,True,True,IMU/action_27/user9/6-2-1/up.csv,IMU/action_27/user9/6-2-1/down.csv,True,True,11,12,12,11,12,train
action_28,user16,28,16,4-1-1,True,True,IMU/action_28/user16/4-1-1/up.csv,IMU/action_28/user16/4-1-1/down.csv,True,True,38,36,36,37,37,train
action_28,user17,28,17,3-1-1,True,True,IMU/action_28/user17/3-1-1/up.csv,IMU/action_28/user17/3-1-1/down.csv,True,True,32,31,32,32,32,train
action_28,user18,28,18,5-1-1,True,True,IMU/action_28/user18/5-1-1/up.csv,IMU/action_28/user18/5-1-1/down.csv,True,True,26,24,25,24,23,test
action_28,user2,28,2,6-1-1,True,True,IMU/action_28/user2/6-1-1/up.csv,IMU/action_28/user2/6-1-1/down.csv,True,True,40,41,39,40,41,train
action_28,user22,28,22,7-2-1,True,True,IMU/action_28/user22/7-2-1/up.csv,IMU/action_28/user22/7-2-1/down.csv,True,True,33,33,33,33,32,train
action_28,user24,28,24,3-2-1,True,True,IMU/action_28/user24/3-2-1/up.csv,IMU/action_28/user24/3-2-1/down.csv,True,True,26,26,24,25,25,train
action_28,user4,28,4,3-2-1,True,True,IMU/action_28/user4/3-2-1/up.csv,IMU/action_28/user4/3-2-1/down.csv,True,True,45,45,44,44,45,train
action_28,user6,28,6,4-1-1,True,True,IMU/action_28/user6/4-1-1/up.csv,IMU/action_28/user6/4-1-1/down.csv,True,True,19,19,19,19,19,train
action_28,user7,28,7,3-1-1,True,True,IMU/action_28/user7/3-1-1/up.csv,IMU/action_28/user7/3-1-1/down.csv,True,True,50,52,52,49,51,train
action_28,user8,28,8,5-1-1,True,True,IMU/action_28/user8/5-1-1/up.csv,IMU/action_28/user8/5-1-1/down.csv,True,True,31,32,33,32,32,train
action_29,user1,29,1,1-1-1,True,True,IMU/action_29/user1/1-1-1/up.csv,IMU/action_29/user1/1-1-1/down.csv,True,True,49,49,50,50,49,train
action_29,user1,29,1,3-2-1,True,True,IMU/action_29/user1/3-2-1/up.csv,IMU/action_29/user1/3-2-1/down.csv,True,True,33,33,34,32,32,train
action_29,user16,29,16,3-1-1,True,True,IMU/action_29/user16/3-1-1/up.csv,IMU/action_29/user16/3-1-1/down.csv,True,True,69,69,69,67,69,train
action_29,user17,29,17,4-1-1,True,True,IMU/action_29/user17/4-1-1/up.csv,IMU/action_29/user17/4-1-1/down.csv,True,True,46,46,45,45,45,train
action_29,user18,29,18,6-1-1,True,True,IMU/action_29/user18/6-1-1/up.csv,IMU/action_29/user18/6-1-1/down.csv,True,True,39,38,39,37,39,test
action_29,user19,29,19,2-2-1,True,True,IMU/action_29/user19/2-2-1/up.csv,IMU/action_29/user19/2-2-1/down.csv,True,True,37,35,39,36,29,train
action_29,user19,29,19,5-3-1,True,True,IMU/action_29/user19/5-3-1/up.csv,IMU/action_29/user19/5-3-1/down.csv,True,True,27,26,27,27,27,train
action_29,user2,29,2,2-2-1,True,True,IMU/action_29/user2/2-2-1/up.csv,IMU/action_29/user2/2-2-1/down.csv,True,True,60,59,60,58,60,train
action_29,user20,29,20,1-2-1,True,True,IMU/action_29/user20/1-2-1/up.csv,IMU/action_29/user20/1-2-1/down.csv,True,True,19,18,16,17,18,train
action_29,user20,29,20,6-1-1,True,True,IMU/action_29/user20/6-1-1/up.csv,IMU/action_29/user20/6-1-1/down.csv,True,True,37,36,36,37,35,train
action_29,user21,29,21,3-2-1,True,True,IMU/action_29/user21/3-2-1/up.csv,IMU/action_29/user21/3-2-1/down.csv,True,True,17,14,16,15,17,train
action_29,user22,29,22,6-2-1,True,True,IMU/action_29/user22/6-2-1/up.csv,IMU/action_29/user22/6-2-1/down.csv,True,True,9,11,9,11,10,train
action_29,user23,29,23,1-2-1,True,True,IMU/action_29/user23/1-2-1/up.csv,IMU/action_29/user23/1-2-1/down.csv,True,True,30,30,29,29,29,train
action_29,user23,29,23,6-1-1,True,True,IMU/action_29/user23/6-1-1/up.csv,IMU/action_29/user23/6-1-1/down.csv,True,True,33,32,34,33,33,train
action_29,user23,29,23,6-3-1,True,True,IMU/action_29/user23/6-3-1/up.csv,IMU/action_29/user23/6-3-1/down.csv,True,True,59,60,60,59,60,train
action_29,user24,29,24,6-3-1,True,True,IMU/action_29/user24/6-3-1/up.csv,IMU/action_29/user24/6-3-1/down.csv,True,True,72,72,71,71,70,train
action_29,user6,29,6,3-1-1,True,True,IMU/action_29/user6/3-1-1/up.csv,IMU/action_29/user6/3-1-1/down.csv,True,True,14,15,15,15,15,train
action_29,user7,29,7,4-1-1,True,True,IMU/action_29/user7/4-1-1/up.csv,IMU/action_29/user7/4-1-1/down.csv,True,True,33,32,34,33,33,train
action_29,user9,29,9,2-2-1,True,True,IMU/action_29/user9/2-2-1/up.csv,IMU/action_29/user9/2-2-1/down.csv,True,True,20,21,20,21,20,train
action_29,user9,29,9,3-3-1,True,True,IMU/action_29/user9/3-3-1/up.csv,IMU/action_29/user9/3-3-1/down.csv,True,True,8,6,7,6,5,train
action_29,user9,29,9,5-3-1,True,True,IMU/action_29/user9/5-3-1/up.csv,IMU/action_29/user9/5-3-1/down.csv,True,True,17,16,16,17,17,train
action_02,user1,2,1,1-1-1,True,True,IMU/action_02/user1/1-1-1/up.csv,IMU/action_02/user1/1-1-1/down.csv,True,True,53,54,53,55,54,train
action_02,user16,2,16,2-2-1,True,True,IMU/action_02/user16/2-2-1/up.csv,IMU/action_02/user16/2-2-1/down.csv,True,True,31,31,30,29,30,train
action_02,user17,2,17,1-1-1,True,True,IMU/action_02/user17/1-1-1/up.csv,IMU/action_02/user17/1-1-1/down.csv,True,True,69,69,70,69,69,train
action_02,user18,2,18,7-1-1,True,True,IMU/action_02/user18/7-1-1/up.csv,IMU/action_02/user18/7-1-1/down.csv,True,True,23,23,22,23,24,test
action_02,user19,2,19,1-1-1,True,True,IMU/action_02/user19/1-1-1/up.csv,IMU/action_02/user19/1-1-1/down.csv,True,True,10,10,10,10,10,train
action_02,user2,2,2,7-3-1,True,True,IMU/action_02/user2/7-3-1/up.csv,IMU/action_02/user2/7-3-1/down.csv,True,True,26,24,26,25,25,train
action_02,user20,2,20,1-1-1,True,True,IMU/action_02/user20/1-1-1/up.csv,IMU/action_02/user20/1-1-1/down.csv,True,True,24,23,23,23,23,train
action_02,user21,2,21,4-2-1,True,True,IMU/action_02/user21/4-2-1/up.csv,IMU/action_02/user21/4-2-1/down.csv,True,True,13,14,15,14,14,train
action_02,user22,2,22,1-2-1,True,True,IMU/action_02/user22/1-2-1/up.csv,IMU/action_02/user22/1-2-1/down.csv,True,True,16,17,16,17,16,train
action_02,user22,2,22,2-2-1,True,True,IMU/action_02/user22/2-2-1/up.csv,IMU/action_02/user22/2-2-1/down.csv,True,True,11,12,12,12,15,train
action_02,user23,2,23,2-2-1,True,True,IMU/action_02/user23/2-2-1/up.csv,IMU/action_02/user23/2-2-1/down.csv,True,True,34,35,34,35,34,train
action_02,user24,2,24,7-1-1,True,True,IMU/action_02/user24/7-1-1/up.csv,IMU/action_02/user24/7-1-1/down.csv,True,True,13,12,11,12,13,train
action_02,user3,2,3,1-2-1,True,True,IMU/action_02/user3/1-2-1/up.csv,IMU/action_02/user3/1-2-1/down.csv,True,True,10,12,10,10,11,train
action_02,user5,2,5,1-1-1,True,True,IMU/action_02/user5/1-1-1/up.csv,IMU/action_02/user5/1-1-1/down.csv,True,True,63,64,65,65,59,train
action_02,user5,2,5,7-1-1,True,True,IMU/action_02/user5/7-1-1/up.csv,IMU/action_02/user5/7-1-1/down.csv,True,True,70,70,69,69,69,train
action_02,user6,2,6,2-2-1,True,True,IMU/action_02/user6/2-2-1/up.csv,IMU/action_02/user6/2-2-1/down.csv,True,True,22,21,22,23,23,train
action_02,user7,2,7,1-1-1,True,True,IMU/action_02/user7/1-1-1/up.csv,IMU/action_02/user7/1-1-1/down.csv,True,True,34,34,33,35,34,train
action_02,user9,2,9,1-1-1,True,True,IMU/action_02/user9/1-1-1/up.csv,IMU/action_02/user9/1-1-1/down.csv,True,True,19,19,19,18,19,train
action_30,user1,30,1,1-1-1,True,True,IMU/action_30/user1/1-1-1/up.csv,IMU/action_30/user1/1-1-1/down.csv,True,True,50,50,51,53,51,train
action_30,user16,30,16,6-1-1,True,True,IMU/action_30/user16/6-1-1/up.csv,IMU/action_30/user16/6-1-1/down.csv,True,True,30,29,29,30,29,train
action_30,user17,30,17,2-2-1,True,True,IMU/action_30/user17/2-2-1/up.csv,IMU/action_30/user17/2-2-1/down.csv,True,True,35,34,36,35,36,train
action_30,user18,30,18,6-2-1,True,True,IMU/action_30/user18/6-2-1/up.csv,IMU/action_30/user18/6-2-1/down.csv,True,True,18,18,18,20,16,test
action_30,user19,30,19,2-2-1,True,True,IMU/action_30/user19/2-2-1/up.csv,IMU/action_30/user19/2-2-1/down.csv,True,True,40,43,40,40,39,train
action_30,user2,30,2,6-1-1,True,True,IMU/action_30/user2/6-1-1/up.csv,IMU/action_30/user2/6-1-1/down.csv,True,True,52,52,52,52,53,train
action_30,user20,30,20,6-1-1,True,True,IMU/action_30/user20/6-1-1/up.csv,IMU/action_30/user20/6-1-1/down.csv,True,True,29,30,30,30,29,train
action_30,user21,30,21,3-2-1,True,True,IMU/action_30/user21/3-2-1/up.csv,IMU/action_30/user21/3-2-1/down.csv,True,True,22,22,21,23,22,train
action_30,user22,30,22,6-2-1,True,True,IMU/action_30/user22/6-2-1/up.csv,IMU/action_30/user22/6-2-1/down.csv,True,True,33,34,35,34,35,train
action_30,user4,30,4,3-2-1,True,True,IMU/action_30/user4/3-2-1/up.csv,IMU/action_30/user4/3-2-1/down.csv,True,True,30,30,31,30,30,train
action_30,user6,30,6,6-1-1,True,True,IMU/action_30/user6/6-1-1/up.csv,IMU/action_30/user6/6-1-1/down.csv,True,True,40,40,40,40,40,train
action_30,user7,30,7,2-2-1,True,True,IMU/action_30/user7/2-2-1/up.csv,IMU/action_30/user7/2-2-1/down.csv,True,True,45,47,47,46,46,train
action_30,user8,30,8,6-2-1,True,True,IMU/action_30/user8/6-2-1/up.csv,IMU/action_30/user8/6-2-1/down.csv,True,True,6,6,7,7,6,train
action_30,user9,30,9,2-2-1,True,True,IMU/action_30/user9/2-2-1/up.csv,IMU/action_30/user9/2-2-1/down.csv,True,True,16,15,15,15,14,train
action_31,user1,31,1,7-1-1,True,True,IMU/action_31/user1/7-1-1/up.csv,IMU/action_31/user1/7-1-1/down.csv,True,True,47,47,49,48,50,train
action_31,user17,31,17,3-1-1,True,True,IMU/action_31/user17/3-1-1/up.csv,IMU/action_31/user17/3-1-1/down.csv,True,True,17,19,18,18,19,train
action_31,user17,31,17,4-1-1,True,True,IMU/action_31/user17/4-1-1/up.csv,IMU/action_31/user17/4-1-1/down.csv,True,True,23,23,23,23,23,train
action_31,user18,31,18,5-1-1,True,True,IMU/action_31/user18/5-1-1/up.csv,IMU/action_31/user18/5-1-1/down.csv,True,True,12,13,12,13,12,test
action_31,user18,31,18,6-1-1,True,True,IMU/action_31/user18/6-1-1/up.csv,IMU/action_31/user18/6-1-1/down.csv,True,True,37,36,37,35,35,test
action_31,user18,31,18,6-2-1,True,True,IMU/action_31/user18/6-2-1/up.csv,IMU/action_31/user18/6-2-1/down.csv,True,True,21,19,19,21,20,test
action_31,user19,31,19,1-1-1,True,True,IMU/action_31/user19/1-1-1/up.csv,IMU/action_31/user19/1-1-1/down.csv,True,True,25,24,25,23,25,train
action_31,user2,31,2,1-2-1,True,True,IMU/action_31/user2/1-2-1/up.csv,IMU/action_31/user2/1-2-1/down.csv,True,True,19,22,19,18,21,train
action_31,user2,31,2,2-2-1,True,True,IMU/action_31/user2/2-2-1/up.csv,IMU/action_31/user2/2-2-1/down.csv,True,True,75,74,75,76,75,train
action_31,user2,31,2,6-1-1,True,True,IMU/action_31/user2/6-1-1/up.csv,IMU/action_31/user2/6-1-1/down.csv,True,True,29,28,28,29,27,train
action_31,user2,31,2,7-3-1,True,True,IMU/action_31/user2/7-3-1/up.csv,IMU/action_31/user2/7-3-1/down.csv,True,True,48,47,48,47,48,train
action_31,user20,31,20,1-2-1,True,True,IMU/action_31/user20/1-2-1/up.csv,IMU/action_31/user20/1-2-1/down.csv,True,True,31,32,32,31,31,train
action_31,user22,31,22,3-2-1,True,True,IMU/action_31/user22/3-2-1/up.csv,IMU/action_31/user22/3-2-1/down.csv,True,True,13,13,14,13,12,train
action_31,user22,31,22,6-2-1,True,True,IMU/action_31/user22/6-2-1/up.csv,IMU/action_31/user22/6-2-1/down.csv,True,True,48,49,49,49,49,train
action_31,user22,31,22,7-3-1,True,True,IMU/action_31/user22/7-3-1/up.csv,IMU/action_31/user22/7-3-1/down.csv,True,True,17,17,18,16,16,train
action_31,user23,31,23,6-1-1,True,True,IMU/action_31/user23/6-1-1/up.csv,IMU/action_31/user23/6-1-1/down.csv,True,True,44,46,44,44,44,train
action_31,user23,31,23,7-3-1,True,True,IMU/action_31/user23/7-3-1/up.csv,IMU/action_31/user23/7-3-1/down.csv,True,True,25,24,24,24,24,train
action_31,user24,31,24,3-2-1,True,True,IMU/action_31/user24/3-2-1/up.csv,IMU/action_31/user24/3-2-1/down.csv,True,True,53,55,52,53,53,train
action_31,user3,31,3,7-1-1,True,True,IMU/action_31/user3/7-1-1/up.csv,IMU/action_31/user3/7-1-1/down.csv,True,True,37,38,37,37,38,train
action_31,user4,31,4,3-2-1,True,True,IMU/action_31/user4/3-2-1/up.csv,IMU/action_31/user4/3-2-1/down.csv,True,True,50,50,50,50,50,train
action_31,user7,31,7,2-2-1,True,True,IMU/action_31/user7/2-2-1/up.csv,IMU/action_31/user7/2-2-1/down.csv,True,True,42,44,41,42,42,train
action_31,user7,31,7,4-1-1,True,True,IMU/action_31/user7/4-1-1/up.csv,IMU/action_31/user7/4-1-1/down.csv,True,True,14,16,14,16,14,train
action_31,user8,31,8,5-1-1,True,True,IMU/action_31/user8/5-1-1/up.csv,IMU/action_31/user8/5-1-1/down.csv,True,True,26,25,25,26,27,train
action_31,user8,31,8,6-1-1,True,True,IMU/action_31/user8/6-1-1/up.csv,IMU/action_31/user8/6-1-1/down.csv,True,True,14,13,15,13,13,train
action_31,user8,31,8,6-2-1,True,True,IMU/action_31/user8/6-2-1/up.csv,IMU/action_31/user8/6-2-1/down.csv,True,True,46,47,47,46,47,train
action_31,user9,31,9,1-1-1,True,True,IMU/action_31/user9/1-1-1/up.csv,IMU/action_31/user9/1-1-1/down.csv,True,True,35,35,36,36,35,train
action_32,user1,32,1,2-2-1,True,True,IMU/action_32/user1/2-2-1/up.csv,IMU/action_32/user1/2-2-1/down.csv,True,True,11,11,11,11,14,train
action_32,user16,32,16,3-1-1,True,True,IMU/action_32/user16/3-1-1/up.csv,IMU/action_32/user16/3-1-1/down.csv,True,True,9,12,11,10,11,train
action_32,user17,32,17,4-1-1,True,True,IMU/action_32/user17/4-1-1/up.csv,IMU/action_32/user17/4-1-1/down.csv,True,True,8,10,10,11,10,train
action_32,user18,32,18,5-1-1,True,True,IMU/action_32/user18/5-1-1/up.csv,IMU/action_32/user18/5-1-1/down.csv,True,True,6,5,5,5,6,test
action_32,user18,32,18,6-2-1,True,True,IMU/action_32/user18/6-2-1/up.csv,IMU/action_32/user18/6-2-1/down.csv,True,True,6,6,5,6,5,test
action_32,user19,32,19,5-1-1,True,True,IMU/action_32/user19/5-1-1/up.csv,IMU/action_32/user19/5-1-1/down.csv,True,True,15,16,16,15,15,train
action_32,user20,32,20,6-3-1,True,True,IMU/action_32/user20/6-3-1/up.csv,IMU/action_32/user20/6-3-1/down.csv,True,True,13,13,12,13,13,train
action_32,user21,32,21,4-1-1,True,True,IMU/action_32/user21/4-1-1/up.csv,IMU/action_32/user21/4-1-1/down.csv,True,True,8,8,9,9,8,train
action_32,user22,32,22,7-2-1,True,True,IMU/action_32/user22/7-2-1/up.csv,IMU/action_32/user22/7-2-1/down.csv,True,True,2,3,4,3,4,train
action_32,user22,32,22,7-3-1,True,True,IMU/action_32/user22/7-3-1/up.csv,IMU/action_32/user22/7-3-1/down.csv,True,True,12,13,13,12,10,train
action_32,user23,32,23,7-1-1,True,True,IMU/action_32/user23/7-1-1/up.csv,IMU/action_32/user23/7-1-1/down.csv,True,True,20,19,19,18,17,train
action_32,user23,32,23,7-3-1,True,True,IMU/action_32/user23/7-3-1/up.csv,IMU/action_32/user23/7-3-1/down.csv,True,True,13,12,11,12,13,train
action_32,user24,32,24,5-1-1,True,True,IMU/action_32/user24/5-1-1/up.csv,IMU/action_32/user24/5-1-1/down.csv,True,True,6,7,8,8,9,train
action_32,user24,32,24,6-3-1,True,True,IMU/action_32/user24/6-3-1/up.csv,IMU/action_32/user24/6-3-1/down.csv,True,True,14,14,13,14,13,train
action_32,user3,32,3,7-1-1,True,True,IMU/action_32/user3/7-1-1/up.csv,IMU/action_32/user3/7-1-1/down.csv,True,True,8,9,9,8,9,train
action_32,user4,32,4,3-2-1,True,True,IMU/action_32/user4/3-2-1/up.csv,IMU/action_32/user4/3-2-1/down.csv,True,True,14,14,13,14,13,train
action_32,user4,32,4,7-2-1,True,True,IMU/action_32/user4/7-2-1/up.csv,IMU/action_32/user4/7-2-1/down.csv,True,True,15,10,13,14,14,train
action_32,user8,32,8,5-1-1,True,True,IMU/action_32/user8/5-1-1/up.csv,IMU/action_32/user8/5-1-1/down.csv,True,True,4,4,5,4,4,train
action_33,user16,33,16,5-3-1,True,True,IMU/action_33/user16/5-3-1/up.csv,IMU/action_33/user16/5-3-1/down.csv,True,True,121,121,120,120,119,train
action_33,user24,33,24,2-2-1,True,True,IMU/action_33/user24/2-2-1/up.csv,IMU/action_33/user24/2-2-1/down.csv,True,True,20,22,19,21,20,train
action_33,user6,33,6,5-3-1,True,True,IMU/action_33/user6/5-3-1/up.csv,IMU/action_33/user6/5-3-1/down.csv,True,True,49,51,50,50,51,train
action_33,user6,33,6,6-1-1,True,True,IMU/action_33/user6/6-1-1/up.csv,IMU/action_33/user6/6-1-1/down.csv,True,True,59,58,58,59,57,train
action_33,user9,33,9,6-2-1,True,True,IMU/action_33/user9/6-2-1/up.csv,IMU/action_33/user9/6-2-1/down.csv,True,True,30,32,32,32,31,train
action_34,user1,34,1,2-2-1,True,True,IMU/action_34/user1/2-2-1/up.csv,IMU/action_34/user1/2-2-1/down.csv,True,True,13,13,13,12,15,train
action_34,user1,34,1,7-1-1,True,True,IMU/action_34/user1/7-1-1/up.csv,IMU/action_34/user1/7-1-1/down.csv,True,True,16,15,15,15,15,train
action_34,user16,34,16,7-1-1,True,True,IMU/action_34/user16/7-1-1/up.csv,IMU/action_34/user16/7-1-1/down.csv,True,True,6,6,6,6,8,train
action_34,user17,34,17,1-2-1,True,True,IMU/action_34/user17/1-2-1/up.csv,IMU/action_34/user17/1-2-1/down.csv,True,True,10,12,11,11,11,train
action_34,user17,34,17,2-2-1,True,True,IMU/action_34/user17/2-2-1/up.csv,IMU/action_34/user17/2-2-1/down.csv,True,True,10,10,11,10,10,train
action_34,user18,34,18,2-1-1,True,True,IMU/action_34/user18/2-1-1/up.csv,IMU/action_34/user18/2-1-1/down.csv,True,True,317,317,318,320,316,test
action_34,user18,34,18,4-1-1,True,True,IMU/action_34/user18/4-1-1/up.csv,IMU/action_34/user18/4-1-1/down.csv,True,True,1,2,1,2,1,test
action_34,user18,34,18,5-1-1,True,True,IMU/action_34/user18/5-1-1/up.csv,IMU/action_34/user18/5-1-1/down.csv,True,True,115,115,114,115,114,test
action_34,user19,34,19,1-2-1,True,True,IMU/action_34/user19/1-2-1/up.csv,IMU/action_34/user19/1-2-1/down.csv,True,True,10,11,11,11,11,train
action_34,user19,34,19,5-3-1,True,True,IMU/action_34/user19/5-3-1/up.csv,IMU/action_34/user19/5-3-1/down.csv,True,True,11,10,11,10,8,train
action_34,user2,34,2,4-3-1,True,True,IMU/action_34/user2/4-3-1/up.csv,IMU/action_34/user2/4-3-1/down.csv,True,True,11,13,11,11,10,train
action_34,user2,34,2,7-1-1,True,True,IMU/action_34/user2/7-1-1/up.csv,IMU/action_34/user2/7-1-1/down.csv,True,True,23,22,23,23,23,train
action_34,user2,34,2,7-3-1,True,True,IMU/action_34/user2/7-3-1/up.csv,IMU/action_34/user2/7-3-1/down.csv,True,True,13,13,13,12,13,train
action_34,user22,34,22,4-3-1,True,True,IMU/action_34/user22/4-3-1/up.csv,IMU/action_34/user22/4-3-1/down.csv,True,True,4,3,4,3,3,train
action_34,user24,34,24,4-1-1,True,True,IMU/action_34/user24/4-1-1/up.csv,IMU/action_34/user24/4-1-1/down.csv,True,True,15,15,15,13,14,train
action_34,user24,34,24,5-3-1,True,True,IMU/action_34/user24/5-3-1/up.csv,IMU/action_34/user24/5-3-1/down.csv,True,True,8,8,9,7,9,train
action_34,user24,34,24,7-2-1,True,True,IMU/action_34/user24/7-2-1/up.csv,IMU/action_34/user24/7-2-1/down.csv,True,True,10,10,9,10,9,train
action_34,user3,34,3,5-2-1,True,True,IMU/action_34/user3/5-2-1/up.csv,IMU/action_34/user3/5-2-1/down.csv,True,True,5,5,4,5,5,train
action_34,user5,34,5,3-1-1,True,True,IMU/action_34/user5/3-1-1/up.csv,IMU/action_34/user5/3-1-1/down.csv,True,True,22,22,22,22,21,train
action_34,user6,34,6,4-1-1,True,True,IMU/action_34/user6/4-1-1/up.csv,IMU/action_34/user6/4-1-1/down.csv,True,True,10,11,10,9,10,train
action_34,user6,34,6,7-1-1,True,True,IMU/action_34/user6/7-1-1/up.csv,IMU/action_34/user6/7-1-1/down.csv,True,True,12,13,11,21,21,train
action_34,user6,34,6,7-3-1,True,True,IMU/action_34/user6/7-3-1/up.csv,IMU/action_34/user6/7-3-1/down.csv,True,True,30,33,31,31,32,train
action_34,user7,34,7,4-1-1,True,True,IMU/action_34/user7/4-1-1/up.csv,IMU/action_34/user7/4-1-1/down.csv,True,True,9,9,8,11,9,train
action_34,user7,34,7,5-3-1,True,True,IMU/action_34/user7/5-3-1/up.csv,IMU/action_34/user7/5-3-1/down.csv,True,True,31,31,31,30,33,train
action_34,user7,34,7,6-3-1,True,True,IMU/action_34/user7/6-3-1/up.csv,IMU/action_34/user7/6-3-1/down.csv,True,True,9,12,10,11,12,train
action_34,user7,34,7,7-1-1,True,True,IMU/action_34/user7/7-1-1/up.csv,IMU/action_34/user7/7-1-1/down.csv,True,True,12,13,14,12,14,train
action_34,user8,34,8,5-1-1,True,True,IMU/action_34/user8/5-1-1/up.csv,IMU/action_34/user8/5-1-1/down.csv,True,True,11,9,10,10,9,train
action_34,user9,34,9,6-1-1,True,True,IMU/action_34/user9/6-1-1/up.csv,IMU/action_34/user9/6-1-1/down.csv,True,True,8,9,8,9,9,train
action_35,user1,35,1,3-2-1,True,True,IMU/action_35/user1/3-2-1/up.csv,IMU/action_35/user1/3-2-1/down.csv,True,True,55,55,55,55,55,train
action_35,user16,35,16,6-1-1,True,True,IMU/action_35/user16/6-1-1/up.csv,IMU/action_35/user16/6-1-1/down.csv,True,True,77,78,77,77,78,train
action_35,user18,35,18,5-1-1,True,True,IMU/action_35/user18/5-1-1/up.csv,IMU/action_35/user18/5-1-1/down.csv,True,True,19,20,21,20,21,test
action_35,user20,35,20,1-2-1,True,True,IMU/action_35/user20/1-2-1/up.csv,IMU/action_35/user20/1-2-1/down.csv,True,True,27,28,27,28,28,train
action_35,user23,35,23,1-2-1,True,True,IMU/action_35/user23/1-2-1/up.csv,IMU/action_35/user23/1-2-1/down.csv,True,True,37,37,37,39,36,train
action_35,user5,35,5,6-1-1,True,True,IMU/action_35/user5/6-1-1/up.csv,IMU/action_35/user5/6-1-1/down.csv,True,True,65,66,67,65,67,train
action_35,user6,35,6,6-1-1,True,True,IMU/action_35/user6/6-1-1/up.csv,IMU/action_35/user6/6-1-1/down.csv,True,True,48,48,49,49,48,train
action_35,user8,35,8,5-1-1,True,True,IMU/action_35/user8/5-1-1/up.csv,IMU/action_35/user8/5-1-1/down.csv,True,True,59,58,59,58,58,train
action_36,user1,36,1,1-2-1,True,True,IMU/action_36/user1/1-2-1/up.csv,IMU/action_36/user1/1-2-1/down.csv,True,True,13,13,14,14,12,train
action_36,user1,36,1,2-2-1,True,True,IMU/action_36/user1/2-2-1/up.csv,IMU/action_36/user1/2-2-1/down.csv,True,True,45,45,46,46,44,train
action_36,user1,36,1,3-2-1,True,True,IMU/action_36/user1/3-2-1/up.csv,IMU/action_36/user1/3-2-1/down.csv,True,True,30,29,30,29,30,train
action_36,user1,36,1,6-1-1,True,True,IMU/action_36/user1/6-1-1/up.csv,IMU/action_36/user1/6-1-1/down.csv,True,True,16,15,16,14,13,train
action_36,user16,36,16,1-1-1,True,True,IMU/action_36/user16/1-1-1/up.csv,IMU/action_36/user16/1-1-1/down.csv,True,True,42,42,42,42,42,train
action_36,user16,36,16,2-3-1,True,True,IMU/action_36/user16/2-3-1/up.csv,IMU/action_36/user16/2-3-1/down.csv,True,True,27,27,26,25,26,train
action_36,user16,36,16,3-1-1,True,True,IMU/action_36/user16/3-1-1/up.csv,IMU/action_36/user16/3-1-1/down.csv,True,True,3,4,3,3,3,train
action_36,user16,36,16,3-3-1,True,True,IMU/action_36/user16/3-3-1/up.csv,IMU/action_36/user16/3-3-1/down.csv,True,True,17,16,16,16,17,train
action_36,user16,36,16,5-2-1,True,True,IMU/action_36/user16/5-2-1/up.csv,IMU/action_36/user16/5-2-1/down.csv,True,True,19,19,20,20,20,train
action_36,user16,36,16,5-3-1,True,True,IMU/action_36/user16/5-3-1/up.csv,IMU/action_36/user16/5-3-1/down.csv,True,True,143,142,144,144,143,train
action_36,user16,36,16,7-3-1,True,True,IMU/action_36/user16/7-3-1/up.csv,IMU/action_36/user16/7-3-1/down.csv,True,True,36,36,36,36,36,train
action_36,user17,36,17,1-2-1,True,True,IMU/action_36/user17/1-2-1/up.csv,IMU/action_36/user17/1-2-1/down.csv,True,True,36,36,36,36,35,train
action_36,user17,36,17,3-2-1,True,True,IMU/action_36/user17/3-2-1/up.csv,IMU/action_36/user17/3-2-1/down.csv,True,True,19,19,18,19,18,train
action_36,user17,36,17,4-1-1,True,True,IMU/action_36/user17/4-1-1/up.csv,IMU/action_36/user17/4-1-1/down.csv,True,True,21,21,20,19,20,train
action_36,user17,36,17,5-2-1,True,True,IMU/action_36/user17/5-2-1/up.csv,IMU/action_36/user17/5-2-1/down.csv,True,True,20,18,19,19,18,train
action_36,user17,36,17,6-1-1,True,True,IMU/action_36/user17/6-1-1/up.csv,IMU/action_36/user17/6-1-1/down.csv,True,True,26,25,25,25,25,train
action_36,user18,36,18,1-2-1,True,True,IMU/action_36/user18/1-2-1/up.csv,IMU/action_36/user18/1-2-1/down.csv,True,True,25,26,24,26,25,test
action_36,user18,36,18,2-2-1,True,True,IMU/action_36/user18/2-2-1/up.csv,IMU/action_36/user18/2-2-1/down.csv,True,True,25,23,24,24,23,test
action_36,user18,36,18,3-3-1,True,True,IMU/action_36/user18/3-3-1/up.csv,IMU/action_36/user18/3-3-1/down.csv,True,True,24,23,23,23,23,test
action_36,user18,36,18,4-2-1,True,True,IMU/action_36/user18/4-2-1/up.csv,IMU/action_36/user18/4-2-1/down.csv,True,True,24,23,23,22,22,test
action_36,user18,36,18,6-2-1,True,True,IMU/action_36/user18/6-2-1/up.csv,IMU/action_36/user18/6-2-1/down.csv,True,True,21,20,21,23,21,test
action_36,user19,36,19,1-2-1,True,True,IMU/action_36/user19/1-2-1/up.csv,IMU/action_36/user19/1-2-1/down.csv,True,True,15,13,15,15,14,train
action_36,user19,36,19,2-2-1,True,True,IMU/action_36/user19/2-2-1/up.csv,IMU/action_36/user19/2-2-1/down.csv,True,True,22,20,17,18,20,train
action_36,user19,36,19,2-3-1,True,True,IMU/action_36/user19/2-3-1/up.csv,IMU/action_36/user19/2-3-1/down.csv,True,True,15,16,14,14,15,train
action_36,user19,36,19,3-2-1,True,True,IMU/action_36/user19/3-2-1/up.csv,IMU/action_36/user19/3-2-1/down.csv,True,True,18,16,17,16,16,train
action_36,user19,36,19,4-3-1,True,True,IMU/action_36/user19/4-3-1/up.csv,IMU/action_36/user19/4-3-1/down.csv,True,True,11,9,10,13,11,train
action_36,user19,36,19,5-3-1,True,True,IMU/action_36/user19/5-3-1/up.csv,IMU/action_36/user19/5-3-1/down.csv,True,True,12,11,12,10,11,train
action_36,user19,36,19,7-2-1,True,True,IMU/action_36/user19/7-2-1/up.csv,IMU/action_36/user19/7-2-1/down.csv,True,True,16,15,16,14,15,train
action_36,user2,36,2,1-2-1,True,True,IMU/action_36/user2/1-2-1/up.csv,IMU/action_36/user2/1-2-1/down.csv,True,True,39,42,42,42,40,train
action_36,user2,36,2,2-1-1,True,True,IMU/action_36/user2/2-1-1/up.csv,IMU/action_36/user2/2-1-1/down.csv,True,True,28,28,27,27,27,train
action_36,user2,36,2,5-2-1,True,True,IMU/action_36/user2/5-2-1/up.csv,IMU/action_36/user2/5-2-1/down.csv,True,True,35,36,36,38,37,train
action_36,user2,36,2,6-1-1,True,True,IMU/action_36/user2/6-1-1/up.csv,IMU/action_36/user2/6-1-1/down.csv,True,True,20,19,20,18,19,train
action_36,user2,36,2,7-3-1,True,True,IMU/action_36/user2/7-3-1/up.csv,IMU/action_36/user2/7-3-1/down.csv,True,True,58,56,57,58,58,train
action_36,user20,36,20,2-2-1,True,True,IMU/action_36/user20/2-2-1/up.csv,IMU/action_36/user20/2-2-1/down.csv,True,True,20,21,21,21,22,train
action_36,user20,36,20,7-2-1,True,True,IMU/action_36/user20/7-2-1/up.csv,IMU/action_36/user20/7-2-1/down.csv,True,True,32,30,32,32,31,train
action_36,user21,36,21,1-1-1,True,True,IMU/action_36/user21/1-1-1/up.csv,IMU/action_36/user21/1-1-1/down.csv,True,True,10,11,10,10,12,train
action_36,user21,36,21,1-2-1,True,True,IMU/action_36/user21/1-2-1/up.csv,IMU/action_36/user21/1-2-1/down.csv,True,True,24,24,24,24,23,train
action_36,user21,36,21,2-2-1,True,True,IMU/action_36/user21/2-2-1/up.csv,IMU/action_36/user21/2-2-1/down.csv,True,True,17,19,18,18,16,train
action_36,user21,36,21,3-2-1,True,True,IMU/action_36/user21/3-2-1/up.csv,IMU/action_36/user21/3-2-1/down.csv,True,True,21,20,21,21,22,train
action_36,user21,36,21,4-1-1,True,True,IMU/action_36/user21/4-1-1/up.csv,IMU/action_36/user21/4-1-1/down.csv,True,True,19,20,20,19,19,train
action_36,user21,36,21,5-1-1,True,True,IMU/action_36/user21/5-1-1/up.csv,IMU/action_36/user21/5-1-1/down.csv,True,True,3,3,5,3,5,train
action_36,user21,36,21,5-2-1,True,True,IMU/action_36/user21/5-2-1/up.csv,IMU/action_36/user21/5-2-1/down.csv,True,True,18,18,17,16,17,train
action_36,user21,36,21,6-2-1,True,True,IMU/action_36/user21/6-2-1/up.csv,IMU/action_36/user21/6-2-1/down.csv,True,True,29,28,29,29,29,train
action_36,user22,36,22,1-2-1,True,True,IMU/action_36/user22/1-2-1/up.csv,IMU/action_36/user22/1-2-1/down.csv,True,True,12,12,11,13,12,train
action_36,user22,36,22,2-1-1,True,True,IMU/action_36/user22/2-1-1/up.csv,IMU/action_36/user22/2-1-1/down.csv,True,True,14,15,15,17,15,train
action_36,user22,36,22,2-2-1,True,True,IMU/action_36/user22/2-2-1/up.csv,IMU/action_36/user22/2-2-1/down.csv,True,True,11,8,10,9,12,train
action_36,user22,36,22,3-1-1,True,True,IMU/action_36/user22/3-1-1/up.csv,IMU/action_36/user22/3-1-1/down.csv,True,True,12,12,12,13,10,train
action_36,user22,36,22,3-2-1,True,True,IMU/action_36/user22/3-2-1/up.csv,IMU/action_36/user22/3-2-1/down.csv,True,True,9,10,10,10,10,train
action_36,user22,36,22,4-2-1,True,True,IMU/action_36/user22/4-2-1/up.csv,IMU/action_36/user22/4-2-1/down.csv,True,True,8,9,9,11,10,train
action_36,user22,36,22,5-2-1,True,True,IMU/action_36/user22/5-2-1/up.csv,IMU/action_36/user22/5-2-1/down.csv,True,True,13,11,13,13,12,train
action_36,user22,36,22,6-2-1,True,True,IMU/action_36/user22/6-2-1/up.csv,IMU/action_36/user22/6-2-1/down.csv,True,True,12,12,13,12,12,train
action_36,user23,36,23,2-2-1,True,True,IMU/action_36/user23/2-2-1/up.csv,IMU/action_36/user23/2-2-1/down.csv,True,True,9,10,10,10,9,train
action_36,user23,36,23,2-3-1,True,True,IMU/action_36/user23/2-3-1/up.csv,IMU/action_36/user23/2-3-1/down.csv,True,True,27,25,25,26,26,train
action_36,user23,36,23,3-2-1,True,True,IMU/action_36/user23/3-2-1/up.csv,IMU/action_36/user23/3-2-1/down.csv,True,True,20,21,20,20,21,train
action_36,user23,36,23,4-2-1,True,True,IMU/action_36/user23/4-2-1/up.csv,IMU/action_36/user23/4-2-1/down.csv,True,True,5,6,6,5,4,train
action_36,user23,36,23,7-3-1,True,True,IMU/action_36/user23/7-3-1/up.csv,IMU/action_36/user23/7-3-1/down.csv,True,True,19,20,21,20,20,train
action_36,user24,36,24,1-2-1,True,True,IMU/action_36/user24/1-2-1/up.csv,IMU/action_36/user24/1-2-1/down.csv,True,True,12,14,13,13,13,train
action_36,user24,36,24,3-2-1,True,True,IMU/action_36/user24/3-2-1/up.csv,IMU/action_36/user24/3-2-1/down.csv,True,True,33,31,32,32,32,train
action_36,user24,36,24,4-2-1,True,True,IMU/action_36/user24/4-2-1/up.csv,IMU/action_36/user24/4-2-1/down.csv,True,True,22,24,24,23,23,train
action_36,user24,36,24,5-1-1,True,True,IMU/action_36/user24/5-1-1/up.csv,IMU/action_36/user24/5-1-1/down.csv,True,True,29,29,28,28,27,train
action_36,user24,36,24,5-3-1,True,True,IMU/action_36/user24/5-3-1/up.csv,IMU/action_36/user24/5-3-1/down.csv,True,True,26,26,26,25,25,train
action_36,user24,36,24,6-2-1,True,True,IMU/action_36/user24/6-2-1/up.csv,IMU/action_36/user24/6-2-1/down.csv,True,True,17,18,17,16,18,train
action_36,user24,36,24,7-2-1,True,True,IMU/action_36/user24/7-2-1/up.csv,IMU/action_36/user24/7-2-1/down.csv,True,True,25,26,26,26,25,train
action_36,user3,36,3,1-2-1,True,True,IMU/action_36/user3/1-2-1/up.csv,IMU/action_36/user3/1-2-1/down.csv,True,True,132,132,131,131,132,train
action_36,user3,36,3,2-2-1,True,True,IMU/action_36/user3/2-2-1/up.csv,IMU/action_36/user3/2-2-1/down.csv,True,True,16,17,15,16,15,train
action_36,user3,36,3,3-2-1,True,True,IMU/action_36/user3/3-2-1/up.csv,IMU/action_36/user3/3-2-1/down.csv,True,True,34,34,35,35,36,train
action_36,user3,36,3,5-2-1,True,True,IMU/action_36/user3/5-2-1/up.csv,IMU/action_36/user3/5-2-1/down.csv,True,True,41,42,42,42,42,train
action_36,user3,36,3,6-1-1,True,True,IMU/action_36/user3/6-1-1/up.csv,IMU/action_36/user3/6-1-1/down.csv,True,True,17,17,18,18,18,train
action_36,user3,36,3,7-1-1,True,True,IMU/action_36/user3/7-1-1/up.csv,IMU/action_36/user3/7-1-1/down.csv,True,True,23,23,23,21,24,train
action_36,user4,36,4,1-2-1,True,True,IMU/action_36/user4/1-2-1/up.csv,IMU/action_36/user4/1-2-1/down.csv,True,True,26,27,28,27,24,train
action_36,user4,36,4,2-2-1,True,True,IMU/action_36/user4/2-2-1/up.csv,IMU/action_36/user4/2-2-1/down.csv,True,True,25,27,27,25,26,train
action_36,user4,36,4,4-2-1,True,True,IMU/action_36/user4/4-2-1/up.csv,IMU/action_36/user4/4-2-1/down.csv,True,True,26,25,27,26,26,train
action_36,user4,36,4,5-2-1,True,True,IMU/action_36/user4/5-2-1/up.csv,IMU/action_36/user4/5-2-1/down.csv,True,True,36,38,37,39,37,train
action_36,user4,36,4,7-1-1,True,True,IMU/action_36/user4/7-1-1/up.csv,IMU/action_36/user4/7-1-1/down.csv,True,True,20,20,20,20,20,train
action_36,user6,36,6,1-1-1,True,True,IMU/action_36/user6/1-1-1/up.csv,IMU/action_36/user6/1-1-1/down.csv,True,True,24,24,24,25,25,train
action_36,user6,36,6,2-3-1,True,True,IMU/action_36/user6/2-3-1/up.csv,IMU/action_36/user6/2-3-1/down.csv,True,True,9,9,8,10,9,train
action_36,user6,36,6,3-1-1,True,True,IMU/action_36/user6/3-1-1/up.csv,IMU/action_36/user6/3-1-1/down.csv,True,True,27,27,27,27,27,train
action_36,user6,36,6,3-3-1,True,True,IMU/action_36/user6/3-3-1/up.csv,IMU/action_36/user6/3-3-1/down.csv,True,True,42,43,43,42,42,train
action_36,user6,36,6,5-2-1,True,True,IMU/action_36/user6/5-2-1/up.csv,IMU/action_36/user6/5-2-1/down.csv,True,True,10,10,9,9,11,train
action_36,user6,36,6,5-3-1,True,True,IMU/action_36/user6/5-3-1/up.csv,IMU/action_36/user6/5-3-1/down.csv,True,True,22,20,21,22,22,train
action_36,user6,36,6,7-3-1,True,True,IMU/action_36/user6/7-3-1/up.csv,IMU/action_36/user6/7-3-1/down.csv,True,True,17,17,17,20,19,train
action_36,user7,36,7,1-2-1,True,True,IMU/action_36/user7/1-2-1/up.csv,IMU/action_36/user7/1-2-1/down.csv,True,True,17,17,17,15,15,train
action_36,user7,36,7,3-2-1,True,True,IMU/action_36/user7/3-2-1/up.csv,IMU/action_36/user7/3-2-1/down.csv,True,True,16,17,16,17,15,train
action_36,user7,36,7,3-3-1,True,True,IMU/action_36/user7/3-3-1/up.csv,IMU/action_36/user7/3-3-1/down.csv,True,True,8,6,8,9,8,train
action_36,user7,36,7,4-1-1,True,True,IMU/action_36/user7/4-1-1/up.csv,IMU/action_36/user7/4-1-1/down.csv,True,True,14,13,13,14,13,train
action_36,user7,36,7,5-2-1,True,True,IMU/action_36/user7/5-2-1/up.csv,IMU/action_36/user7/5-2-1/down.csv,True,True,10,11,12,10,12,train
action_36,user7,36,7,5-3-1,True,True,IMU/action_36/user7/5-3-1/up.csv,IMU/action_36/user7/5-3-1/down.csv,True,True,14,13,16,15,15,train
action_36,user7,36,7,6-3-1,True,True,IMU/action_36/user7/6-3-1/up.csv,IMU/action_36/user7/6-3-1/down.csv,True,True,19,17,17,17,17,train
action_36,user8,36,8,1-2-1,True,True,IMU/action_36/user8/1-2-1/up.csv,IMU/action_36/user8/1-2-1/down.csv,True,True,18,17,18,18,17,train
action_36,user8,36,8,2-2-1,True,True,IMU/action_36/user8/2-2-1/up.csv,IMU/action_36/user8/2-2-1/down.csv,True,True,9,7,9,8,8,train
action_36,user8,36,8,3-3-1,True,True,IMU/action_36/user8/3-3-1/up.csv,IMU/action_36/user8/3-3-1/down.csv,True,True,12,12,12,12,12,train
action_36,user8,36,8,4-2-1,True,True,IMU/action_36/user8/4-2-1/up.csv,IMU/action_36/user8/4-2-1/down.csv,True,True,13,17,13,14,13,train
action_36,user8,36,8,6-2-1,True,True,IMU/action_36/user8/6-2-1/up.csv,IMU/action_36/user8/6-2-1/down.csv,True,True,13,13,14,13,14,train
action_36,user9,36,9,1-2-1,True,True,IMU/action_36/user9/1-2-1/up.csv,IMU/action_36/user9/1-2-1/down.csv,True,True,11,13,12,13,12,train
action_36,user9,36,9,2-2-1,True,True,IMU/action_36/user9/2-2-1/up.csv,IMU/action_36/user9/2-2-1/down.csv,True,True,7,9,8,6,6,train
action_36,user9,36,9,2-3-1,True,True,IMU/action_36/user9/2-3-1/up.csv,IMU/action_36/user9/2-3-1/down.csv,True,True,7,9,10,9,7,train
action_36,user9,36,9,3-2-1,True,True,IMU/action_36/user9/3-2-1/up.csv,IMU/action_36/user9/3-2-1/down.csv,True,True,6,6,6,9,8,train
action_36,user9,36,9,3-3-1,True,True,IMU/action_36/user9/3-3-1/up.csv,IMU/action_36/user9/3-3-1/down.csv,True,True,23,22,22,22,22,train
action_36,user9,36,9,4-3-1,True,True,IMU/action_36/user9/4-3-1/up.csv,IMU/action_36/user9/4-3-1/down.csv,True,True,7,8,7,6,6,train
action_36,user9,36,9,5-3-1,True,True,IMU/action_36/user9/5-3-1/up.csv,IMU/action_36/user9/5-3-1/down.csv,True,True,4,3,5,4,5,train
action_36,user9,36,9,7-2-1,True,True,IMU/action_36/user9/7-2-1/up.csv,IMU/action_36/user9/7-2-1/down.csv,True,True,6,6,6,5,5,train
action_37,user1,37,1,7-1-1,True,True,IMU/action_37/user1/7-1-1/up.csv,IMU/action_37/user1/7-1-1/down.csv,True,True,61,61,61,60,60,train
action_37,user16,37,16,6-2-1,True,True,IMU/action_37/user16/6-2-1/up.csv,IMU/action_37/user16/6-2-1/down.csv,True,True,25,26,25,25,26,train
action_37,user17,37,17,4-1-1,True,True,IMU/action_37/user17/4-1-1/up.csv,IMU/action_37/user17/4-1-1/down.csv,True,True,25,25,24,25,26,train
action_37,user18,37,18,7-1-1,True,True,IMU/action_37/user18/7-1-1/up.csv,IMU/action_37/user18/7-1-1/down.csv,True,True,6,5,5,5,6,test
action_37,user18,37,18,7-2-1,True,True,IMU/action_37/user18/7-2-1/up.csv,IMU/action_37/user18/7-2-1/down.csv,True,True,8,8,8,7,9,test
action_37,user19,37,19,6-2-1,True,True,IMU/action_37/user19/6-2-1/up.csv,IMU/action_37/user19/6-2-1/down.csv,True,True,19,18,18,17,18,train
action_37,user19,37,19,7-1-1,True,True,IMU/action_37/user19/7-1-1/up.csv,IMU/action_37/user19/7-1-1/down.csv,True,True,32,31,32,33,30,train
action_37,user2,37,2,7-1-1,True,True,IMU/action_37/user2/7-1-1/up.csv,IMU/action_37/user2/7-1-1/down.csv,True,True,43,43,43,44,43,train
action_37,user20,37,20,7-1-1,True,True,IMU/action_37/user20/7-1-1/up.csv,IMU/action_37/user20/7-1-1/down.csv,True,True,57,58,57,57,58,train
action_37,user21,37,21,7-1-1,True,True,IMU/action_37/user21/7-1-1/up.csv,IMU/action_37/user21/7-1-1/down.csv,True,True,11,11,13,11,11,train
action_37,user22,37,22,7-1-1,True,True,IMU/action_37/user22/7-1-1/up.csv,IMU/action_37/user22/7-1-1/down.csv,True,True,15,17,15,17,16,train
action_37,user23,37,23,7-1-1,True,True,IMU/action_37/user23/7-1-1/up.csv,IMU/action_37/user23/7-1-1/down.csv,True,True,41,40,42,39,42,train
action_37,user23,37,23,7-2-1,True,True,IMU/action_37/user23/7-2-1/up.csv,IMU/action_37/user23/7-2-1/down.csv,True,True,29,28,29,28,29,train
action_37,user24,37,24,5-2-1,True,True,IMU/action_37/user24/5-2-1/up.csv,IMU/action_37/user24/5-2-1/down.csv,True,True,49,49,49,49,50,train
action_37,user24,37,24,7-1-1,True,True,IMU/action_37/user24/7-1-1/up.csv,IMU/action_37/user24/7-1-1/down.csv,True,True,25,25,27,24,25,train
action_37,user3,37,3,2-2-1,True,True,IMU/action_37/user3/2-2-1/up.csv,IMU/action_37/user3/2-2-1/down.csv,True,True,54,53,52,53,53,train
action_37,user3,37,3,7-1-1,True,True,IMU/action_37/user3/7-1-1/up.csv,IMU/action_37/user3/7-1-1/down.csv,True,True,9,9,9,9,8,train
action_37,user4,37,4,7-1-1,True,True,IMU/action_37/user4/7-1-1/up.csv,IMU/action_37/user4/7-1-1/down.csv,True,True,71,72,72,71,72,train
action_37,user6,37,6,6-2-1,True,True,IMU/action_37/user6/6-2-1/up.csv,IMU/action_37/user6/6-2-1/down.csv,True,True,31,32,32,31,32,train
action_37,user7,37,7,4-1-1,True,True,IMU/action_37/user7/4-1-1/up.csv,IMU/action_37/user7/4-1-1/down.csv,True,True,30,31,31,31,31,train
action_37,user8,37,8,7-1-1,True,True,IMU/action_37/user8/7-1-1/up.csv,IMU/action_37/user8/7-1-1/down.csv,True,True,46,47,47,46,47,train
action_37,user8,37,8,7-2-1,True,True,IMU/action_37/user8/7-2-1/up.csv,IMU/action_37/user8/7-2-1/down.csv,True,True,30,31,31,29,28,train
action_37,user9,37,9,6-2-1,True,True,IMU/action_37/user9/6-2-1/up.csv,IMU/action_37/user9/6-2-1/down.csv,True,True,43,43,43,43,43,train
action_37,user9,37,9,7-1-1,True,True,IMU/action_37/user9/7-1-1/up.csv,IMU/action_37/user9/7-1-1/down.csv,True,True,18,18,17,19,17,train
action_38,user1,38,1,7-1-1,True,True,IMU/action_38/user1/7-1-1/up.csv,IMU/action_38/user1/7-1-1/down.csv,True,True,65,67,67,66,65,train
action_38,user16,38,16,7-1-1,True,True,IMU/action_38/user16/7-1-1/up.csv,IMU/action_38/user16/7-1-1/down.csv,True,True,60,59,60,60,60,train
action_38,user18,38,18,7-1-1,True,True,IMU/action_38/user18/7-1-1/up.csv,IMU/action_38/user18/7-1-1/down.csv,True,True,34,33,33,33,33,test
action_38,user19,38,19,5-3-1,True,True,IMU/action_38/user19/5-3-1/up.csv,IMU/action_38/user19/5-3-1/down.csv,True,True,22,23,24,24,24,train
action_38,user19,38,19,7-1-1,True,True,IMU/action_38/user19/7-1-1/up.csv,IMU/action_38/user19/7-1-1/down.csv,True,True,53,54,54,53,53,train
action_38,user2,38,2,2-2-1,True,True,IMU/action_38/user2/2-2-1/up.csv,IMU/action_38/user2/2-2-1/down.csv,True,True,50,49,50,50,50,train
action_38,user2,38,2,7-3-1,True,True,IMU/action_38/user2/7-3-1/up.csv,IMU/action_38/user2/7-3-1/down.csv,True,True,72,70,72,73,72,train
action_38,user20,38,20,6-2-1,True,True,IMU/action_38/user20/6-2-1/up.csv,IMU/action_38/user20/6-2-1/down.csv,True,True,39,39,38,39,39,train
action_38,user20,38,20,7-1-1,True,True,IMU/action_38/user20/7-1-1/up.csv,IMU/action_38/user20/7-1-1/down.csv,True,True,16,15,16,16,16,train
action_38,user21,38,21,3-2-1,True,True,IMU/action_38/user21/3-2-1/up.csv,IMU/action_38/user21/3-2-1/down.csv,True,True,24,24,23,23,22,train
action_38,user21,38,21,7-1-1,True,True,IMU/action_38/user21/7-1-1/up.csv,IMU/action_38/user21/7-1-1/down.csv,True,True,21,21,22,21,20,train
action_38,user21,38,21,7-2-1,True,True,IMU/action_38/user21/7-2-1/up.csv,IMU/action_38/user21/7-2-1/down.csv,True,True,14,14,15,15,13,train
action_38,user22,38,22,5-1-1,True,True,IMU/action_38/user22/5-1-1/up.csv,IMU/action_38/user22/5-1-1/down.csv,True,True,36,36,37,36,38,train
action_38,user22,38,22,6-2-1,True,True,IMU/action_38/user22/6-2-1/up.csv,IMU/action_38/user22/6-2-1/down.csv,True,True,34,33,35,33,34,train
action_38,user23,38,23,2-2-1,True,True,IMU/action_38/user23/2-2-1/up.csv,IMU/action_38/user23/2-2-1/down.csv,True,True,19,20,19,20,19,train
action_38,user23,38,23,7-1-1,True,True,IMU/action_38/user23/7-1-1/up.csv,IMU/action_38/user23/7-1-1/down.csv,True,True,29,28,29,27,28,train
action_38,user24,38,24,4-3-1,True,True,IMU/action_38/user24/4-3-1/up.csv,IMU/action_38/user24/4-3-1/down.csv,True,True,36,35,36,36,36,train
action_38,user24,38,24,7-1-1,True,True,IMU/action_38/user24/7-1-1/up.csv,IMU/action_38/user24/7-1-1/down.csv,True,True,30,29,31,29,30,train
action_38,user3,38,3,2-2-1,True,True,IMU/action_38/user3/2-2-1/up.csv,IMU/action_38/user3/2-2-1/down.csv,True,True,33,31,32,33,31,train
action_38,user3,38,3,7-1-1,True,True,IMU/action_38/user3/7-1-1/up.csv,IMU/action_38/user3/7-1-1/down.csv,True,True,40,42,40,41,38,train
action_38,user6,38,6,7-1-1,True,True,IMU/action_38/user6/7-1-1/up.csv,IMU/action_38/user6/7-1-1/down.csv,True,True,87,86,87,87,87,train
action_39,user16,39,16,6-2-1,True,True,IMU/action_39/user16/6-2-1/up.csv,IMU/action_39/user16/6-2-1/down.csv,True,True,37,36,38,37,38,train
action_39,user17,39,17,4-1-1,True,True,IMU/action_39/user17/4-1-1/up.csv,IMU/action_39/user17/4-1-1/down.csv,True,True,93,94,94,95,94,train
action_39,user17,39,17,7-1-1,True,True,IMU/action_39/user17/7-1-1/up.csv,IMU/action_39/user17/7-1-1/down.csv,True,True,39,39,38,37,38,train
action_39,user18,39,18,7-1-1,True,True,IMU/action_39/user18/7-1-1/up.csv,IMU/action_39/user18/7-1-1/down.csv,True,True,41,41,42,40,41,test
action_39,user19,39,19,6-2-1,True,True,IMU/action_39/user19/6-2-1/up.csv,IMU/action_39/user19/6-2-1/down.csv,True,True,22,20,20,20,22,train
action_39,user19,39,19,7-1-1,True,True,IMU/action_39/user19/7-1-1/up.csv,IMU/action_39/user19/7-1-1/down.csv,True,True,41,41,41,41,42,train
action_39,user2,39,2,2-2-1,True,True,IMU/action_39/user2/2-2-1/up.csv,IMU/action_39/user2/2-2-1/down.csv,True,True,48,48,47,47,46,train
action_39,user21,39,21,3-2-1,True,True,IMU/action_39/user21/3-2-1/up.csv,IMU/action_39/user21/3-2-1/down.csv,True,True,28,29,28,28,28,train
action_39,user21,39,21,6-1-1,True,True,IMU/action_39/user21/6-1-1/up.csv,IMU/action_39/user21/6-1-1/down.csv,True,True,23,22,24,22,22,train
action_39,user22,39,22,5-1-1,True,True,IMU/action_39/user22/5-1-1/up.csv,IMU/action_39/user22/5-1-1/down.csv,True,True,23,18,23,22,25,train
action_39,user23,39,23,7-2-1,True,True,IMU/action_39/user23/7-2-1/up.csv,IMU/action_39/user23/7-2-1/down.csv,True,True,28,29,29,33,28,train
action_39,user24,39,24,5-2-1,True,True,IMU/action_39/user24/5-2-1/up.csv,IMU/action_39/user24/5-2-1/down.csv,True,True,12,12,12,12,13,train
action_39,user24,39,24,7-1-1,True,True,IMU/action_39/user24/7-1-1/up.csv,IMU/action_39/user24/7-1-1/down.csv,True,True,36,35,36,37,36,train
action_39,user6,39,6,6-2-1,True,True,IMU/action_39/user6/6-2-1/up.csv,IMU/action_39/user6/6-2-1/down.csv,True,True,28,29,29,29,27,train
action_39,user7,39,7,4-1-1,True,True,IMU/action_39/user7/4-1-1/up.csv,IMU/action_39/user7/4-1-1/down.csv,True,True,13,12,13,12,12,train
action_39,user7,39,7,7-1-1,True,True,IMU/action_39/user7/7-1-1/up.csv,IMU/action_39/user7/7-1-1/down.csv,True,True,41,39,41,41,39,train
action_39,user9,39,9,6-2-1,True,True,IMU/action_39/user9/6-2-1/up.csv,IMU/action_39/user9/6-2-1/down.csv,True,True,10,9,8,8,8,train
action_39,user9,39,9,7-1-1,True,True,IMU/action_39/user9/7-1-1/up.csv,IMU/action_39/user9/7-1-1/down.csv,True,True,14,17,17,15,16,train
action_03,user17,3,17,6-1-1,True,True,IMU/action_03/user17/6-1-1/up.csv,IMU/action_03/user17/6-1-1/down.csv,True,True,36,37,39,38,37,train
action_03,user18,3,18,6-1-1,True,True,IMU/action_03/user18/6-1-1/up.csv,IMU/action_03/user18/6-1-1/down.csv,True,True,34,35,35,35,34,test
action_03,user18,3,18,7-1-1,True,True,IMU/action_03/user18/7-1-1/up.csv,IMU/action_03/user18/7-1-1/down.csv,True,True,14,15,15,15,15,test
action_03,user19,3,19,3-1-1,True,True,IMU/action_03/user19/3-1-1/up.csv,IMU/action_03/user19/3-1-1/down.csv,True,True,48,48,46,47,47,train
action_03,user22,3,22,6-1-1,True,True,IMU/action_03/user22/6-1-1/up.csv,IMU/action_03/user22/6-1-1/down.csv,True,True,29,33,30,30,29,train
action_03,user22,3,22,7-2-1,True,True,IMU/action_03/user22/7-2-1/up.csv,IMU/action_03/user22/7-2-1/down.csv,True,True,50,50,50,49,49,train
action_03,user23,3,23,4-3-1,True,True,IMU/action_03/user23/4-3-1/up.csv,IMU/action_03/user23/4-3-1/down.csv,True,True,14,15,14,15,15,train
action_03,user23,3,23,5-2-1,True,True,IMU/action_03/user23/5-2-1/up.csv,IMU/action_03/user23/5-2-1/down.csv,True,True,12,10,11,10,11,train
action_03,user7,3,7,5-1-1,True,True,IMU/action_03/user7/5-1-1/up.csv,IMU/action_03/user7/5-1-1/down.csv,True,True,66,66,66,66,65,train
action_03,user8,3,8,6-1-1,True,True,IMU/action_03/user8/6-1-1/up.csv,IMU/action_03/user8/6-1-1/down.csv,True,True,33,33,34,34,34,train
action_03,user8,3,8,7-1-1,True,True,IMU/action_03/user8/7-1-1/up.csv,IMU/action_03/user8/7-1-1/down.csv,True,True,37,36,36,36,37,train
action_03,user9,3,9,3-1-1,True,True,IMU/action_03/user9/3-1-1/up.csv,IMU/action_03/user9/3-1-1/down.csv,True,True,70,66,66,67,67,train
action_04,user1,4,1,1-1-1,True,True,IMU/action_04/user1/1-1-1/up.csv,IMU/action_04/user1/1-1-1/down.csv,True,True,44,46,47,45,44,train
action_04,user16,4,16,2-2-1,True,True,IMU/action_04/user16/2-2-1/up.csv,IMU/action_04/user16/2-2-1/down.csv,True,True,33,33,32,32,35,train
action_04,user17,4,17,1-1-1,True,True,IMU/action_04/user17/1-1-1/up.csv,IMU/action_04/user17/1-1-1/down.csv,True,True,44,44,45,44,44,train
action_04,user17,4,17,7-2-1,True,True,IMU/action_04/user17/7-2-1/up.csv,IMU/action_04/user17/7-2-1/down.csv,True,True,44,43,44,44,44,train
action_04,user18,4,18,1-1-1,True,True,IMU/action_04/user18/1-1-1/up.csv,IMU/action_04/user18/1-1-1/down.csv,True,True,40,40,40,40,40,test
action_04,user18,4,18,7-1-1,True,True,IMU/action_04/user18/7-1-1/up.csv,IMU/action_04/user18/7-1-1/down.csv,True,True,17,18,19,20,19,test
action_04,user19,4,19,1-1-1,True,True,IMU/action_04/user19/1-1-1/up.csv,IMU/action_04/user19/1-1-1/down.csv,True,True,20,20,20,21,19,train
action_04,user19,4,19,5-2-1,True,True,IMU/action_04/user19/5-2-1/up.csv,IMU/action_04/user19/5-2-1/down.csv,True,True,33,32,33,32,33,train
action_04,user2,4,2,2-2-1,True,True,IMU/action_04/user2/2-2-1/up.csv,IMU/action_04/user2/2-2-1/down.csv,True,True,32,32,32,31,32,train
action_04,user20,4,20,6-2-1,True,True,IMU/action_04/user20/6-2-1/up.csv,IMU/action_04/user20/6-2-1/down.csv,True,True,30,29,31,31,30,train
action_04,user21,4,21,1-1-1,True,True,IMU/action_04/user21/1-1-1/up.csv,IMU/action_04/user21/1-1-1/down.csv,True,True,26,25,27,26,27,train
action_04,user21,4,21,7-2-1,True,True,IMU/action_04/user21/7-2-1/up.csv,IMU/action_04/user21/7-2-1/down.csv,True,True,23,24,22,22,22,train
action_04,user22,4,22,6-2-1,True,True,IMU/action_04/user22/6-2-1/up.csv,IMU/action_04/user22/6-2-1/down.csv,True,True,29,27,29,27,29,train
action_04,user23,4,23,1-1-1,True,True,IMU/action_04/user23/1-1-1/up.csv,IMU/action_04/user23/1-1-1/down.csv,True,True,26,25,25,24,25,train
action_04,user24,4,24,6-2-1,True,True,IMU/action_04/user24/6-2-1/up.csv,IMU/action_04/user24/6-2-1/down.csv,True,True,26,27,27,27,27,train
action_04,user4,4,4,1-1-1,True,True,IMU/action_04/user4/1-1-1/up.csv,IMU/action_04/user4/1-1-1/down.csv,True,True,22,22,21,22,23,train
action_04,user6,4,6,2-2-1,True,True,IMU/action_04/user6/2-2-1/up.csv,IMU/action_04/user6/2-2-1/down.csv,True,True,19,19,18,20,18,train
action_04,user7,4,7,1-1-1,True,True,IMU/action_04/user7/1-1-1/up.csv,IMU/action_04/user7/1-1-1/down.csv,True,True,21,22,22,22,22,train
action_04,user7,4,7,7-2-1,True,True,IMU/action_04/user7/7-2-1/up.csv,IMU/action_04/user7/7-2-1/down.csv,True,True,29,27,27,27,28,train
action_04,user8,4,8,1-1-1,True,True,IMU/action_04/user8/1-1-1/up.csv,IMU/action_04/user8/1-1-1/down.csv,True,True,27,28,27,28,28,train
action_04,user8,4,8,7-1-1,True,True,IMU/action_04/user8/7-1-1/up.csv,IMU/action_04/user8/7-1-1/down.csv,True,True,26,26,26,26,25,train
action_04,user9,4,9,1-1-1,True,True,IMU/action_04/user9/1-1-1/up.csv,IMU/action_04/user9/1-1-1/down.csv,True,True,13,11,12,12,12,train
action_04,user9,4,9,5-2-1,True,True,IMU/action_04/user9/5-2-1/up.csv,IMU/action_04/user9/5-2-1/down.csv,True,True,27,29,28,28,29,train
action_05,user1,5,1,1-1-1,True,True,IMU/action_05/user1/1-1-1/up.csv,IMU/action_05/user1/1-1-1/down.csv,True,True,124,124,122,121,120,train
action_05,user17,5,17,1-1-1,True,True,IMU/action_05/user17/1-1-1/up.csv,IMU/action_05/user17/1-1-1/down.csv,True,True,88,89,87,88,87,train
action_05,user17,5,17,6-1-1,True,True,IMU/action_05/user17/6-1-1/up.csv,IMU/action_05/user17/6-1-1/down.csv,True,True,56,55,56,54,56,train
action_05,user18,5,18,6-1-1,True,True,IMU/action_05/user18/6-1-1/up.csv,IMU/action_05/user18/6-1-1/down.csv,True,True,41,42,42,41,42,test
action_05,user18,5,18,7-1-1,True,True,IMU/action_05/user18/7-1-1/up.csv,IMU/action_05/user18/7-1-1/down.csv,True,True,56,55,54,55,56,test
action_05,user19,5,19,1-1-1,True,True,IMU/action_05/user19/1-1-1/up.csv,IMU/action_05/user19/1-1-1/down.csv,True,True,115,114,115,114,114,train
action_05,user21,5,21,6-1-1,True,True,IMU/action_05/user21/6-1-1/up.csv,IMU/action_05/user21/6-1-1/down.csv,True,True,83,82,84,80,86,train
action_05,user22,5,22,2-2-1,True,True,IMU/action_05/user22/2-2-1/up.csv,IMU/action_05/user22/2-2-1/down.csv,True,True,72,71,71,72,71,train
action_05,user22,5,22,6-1-1,True,True,IMU/action_05/user22/6-1-1/up.csv,IMU/action_05/user22/6-1-1/down.csv,True,True,52,55,51,51,50,train
action_05,user22,5,22,7-2-1,True,True,IMU/action_05/user22/7-2-1/up.csv,IMU/action_05/user22/7-2-1/down.csv,True,True,79,79,80,79,80,train
action_05,user23,5,23,4-3-1,True,True,IMU/action_05/user23/4-3-1/up.csv,IMU/action_05/user23/4-3-1/down.csv,True,True,31,33,31,30,30,train
action_05,user23,5,23,5-2-1,True,True,IMU/action_05/user23/5-2-1/up.csv,IMU/action_05/user23/5-2-1/down.csv,True,True,34,35,36,36,37,train
action_05,user3,5,3,1-1-1,True,True,IMU/action_05/user3/1-1-1/up.csv,IMU/action_05/user3/1-1-1/down.csv,True,True,70,71,72,72,71,train
action_05,user4,5,4,5-2-1,True,True,IMU/action_05/user4/5-2-1/up.csv,IMU/action_05/user4/5-2-1/down.csv,True,True,92,91,92,91,92,train
action_05,user7,5,7,1-1-1,True,True,IMU/action_05/user7/1-1-1/up.csv,IMU/action_05/user7/1-1-1/down.csv,True,True,66,66,65,66,64,train
action_05,user8,5,8,6-1-1,True,True,IMU/action_05/user8/6-1-1/up.csv,IMU/action_05/user8/6-1-1/down.csv,True,True,143,144,144,143,143,train
action_05,user8,5,8,7-1-1,True,True,IMU/action_05/user8/7-1-1/up.csv,IMU/action_05/user8/7-1-1/down.csv,True,True,70,69,69,70,69,train
action_05,user9,5,9,1-1-1,True,True,IMU/action_05/user9/1-1-1/up.csv,IMU/action_05/user9/1-1-1/down.csv,True,True,58,59,60,59,59,train
action_06,user1,6,1,5-1-1,True,True,IMU/action_06/user1/5-1-1/up.csv,IMU/action_06/user1/5-1-1/down.csv,True,True,33,33,33,33,32,train
action_06,user16,6,16,1-2-1,True,True,IMU/action_06/user16/1-2-1/up.csv,IMU/action_06/user16/1-2-1/down.csv,True,True,24,23,23,23,23,train
action_06,user16,6,16,3-2-1,True,True,IMU/action_06/user16/3-2-1/up.csv,IMU/action_06/user16/3-2-1/down.csv,True,True,30,31,29,30,28,train
action_06,user16,6,16,5-3-1,True,True,IMU/action_06/user16/5-3-1/up.csv,IMU/action_06/user16/5-3-1/down.csv,True,True,137,137,136,135,135,train
action_06,user16,6,16,6-2-1,True,True,IMU/action_06/user16/6-2-1/up.csv,IMU/action_06/user16/6-2-1/down.csv,True,True,15,14,14,13,14,train
action_06,user18,6,18,6-2-1,True,True,IMU/action_06/user18/6-2-1/up.csv,IMU/action_06/user18/6-2-1/down.csv,True,True,8,8,8,10,12,test
action_06,user19,6,19,3-2-1,True,True,IMU/action_06/user19/3-2-1/up.csv,IMU/action_06/user19/3-2-1/down.csv,True,True,11,11,11,10,11,train
action_06,user19,6,19,7-2-1,True,True,IMU/action_06/user19/7-2-1/up.csv,IMU/action_06/user19/7-2-1/down.csv,True,True,14,14,14,15,14,train
action_06,user2,6,2,1-2-1,True,True,IMU/action_06/user2/1-2-1/up.csv,IMU/action_06/user2/1-2-1/down.csv,True,True,29,28,30,29,29,train
action_06,user2,6,2,2-1-1,True,True,IMU/action_06/user2/2-1-1/up.csv,IMU/action_06/user2/2-1-1/down.csv,True,True,14,14,15,13,14,train
action_06,user2,6,2,2-2-1,True,True,IMU/action_06/user2/2-2-1/up.csv,IMU/action_06/user2/2-2-1/down.csv,True,True,40,39,39,39,39,train
action_06,user2,6,2,4-2-1,True,True,IMU/action_06/user2/4-2-1/up.csv,IMU/action_06/user2/4-2-1/down.csv,True,True,14,14,13,14,14,train
action_06,user20,6,20,2-1-1,True,True,IMU/action_06/user20/2-1-1/up.csv,IMU/action_06/user20/2-1-1/down.csv,True,True,20,20,20,19,20,train
action_06,user20,6,20,4-1-1,True,True,IMU/action_06/user20/4-1-1/up.csv,IMU/action_06/user20/4-1-1/down.csv,True,True,29,28,29,28,29,train
action_06,user21,6,21,6-2-1,True,True,IMU/action_06/user21/6-2-1/up.csv,IMU/action_06/user21/6-2-1/down.csv,True,True,26,27,24,26,27,train
action_06,user21,6,21,7-1-1,True,True,IMU/action_06/user21/7-1-1/up.csv,IMU/action_06/user21/7-1-1/down.csv,True,True,14,14,13,15,13,train
action_06,user22,6,22,2-1-1,True,True,IMU/action_06/user22/2-1-1/up.csv,IMU/action_06/user22/2-1-1/down.csv,True,True,31,30,32,32,31,train
action_06,user22,6,22,4-3-1,True,True,IMU/action_06/user22/4-3-1/up.csv,IMU/action_06/user22/4-3-1/down.csv,True,True,14,15,15,13,12,train
action_06,user22,6,22,6-2-1,True,True,IMU/action_06/user22/6-2-1/up.csv,IMU/action_06/user22/6-2-1/down.csv,True,True,23,22,21,22,21,train
action_06,user24,6,24,2-1-1,True,True,IMU/action_06/user24/2-1-1/up.csv,IMU/action_06/user24/2-1-1/down.csv,True,True,25,23,24,24,24,train
action_06,user24,6,24,4-2-1,True,True,IMU/action_06/user24/4-2-1/up.csv,IMU/action_06/user24/4-2-1/down.csv,True,True,40,41,42,41,40,train
action_06,user3,6,3,1-2-1,True,True,IMU/action_06/user3/1-2-1/up.csv,IMU/action_06/user3/1-2-1/down.csv,True,True,19,20,20,17,19,train
action_06,user3,6,3,5-1-1,True,True,IMU/action_06/user3/5-1-1/up.csv,IMU/action_06/user3/5-1-1/down.csv,True,True,16,13,18,17,16,train
action_06,user4,6,4,2-1-1,True,True,IMU/action_06/user4/2-1-1/up.csv,IMU/action_06/user4/2-1-1/down.csv,True,True,36,36,35,34,37,train
action_06,user4,6,4,4-2-1,True,True,IMU/action_06/user4/4-2-1/up.csv,IMU/action_06/user4/4-2-1/down.csv,True,True,86,85,88,66,67,train
action_06,user5,6,5,1-2-1,True,True,IMU/action_06/user5/1-2-1/up.csv,IMU/action_06/user5/1-2-1/down.csv,True,True,24,25,26,24,26,train
action_06,user5,6,5,2-1-1,True,True,IMU/action_06/user5/2-1-1/up.csv,IMU/action_06/user5/2-1-1/down.csv,True,True,73,73,74,74,74,train
action_06,user5,6,5,3-2-1,True,True,IMU/action_06/user5/3-2-1/up.csv,IMU/action_06/user5/3-2-1/down.csv,True,True,31,31,32,31,31,train
action_06,user5,6,5,6-2-1,True,True,IMU/action_06/user5/6-2-1/up.csv,IMU/action_06/user5/6-2-1/down.csv,True,True,35,36,37,36,36,train
action_06,user6,6,6,1-2-1,True,True,IMU/action_06/user6/1-2-1/up.csv,IMU/action_06/user6/1-2-1/down.csv,True,True,55,55,55,55,55,train
action_06,user6,6,6,3-2-1,True,True,IMU/action_06/user6/3-2-1/up.csv,IMU/action_06/user6/3-2-1/down.csv,True,True,44,45,44,43,45,train
action_06,user6,6,6,5-3-1,True,True,IMU/action_06/user6/5-3-1/up.csv,IMU/action_06/user6/5-3-1/down.csv,True,True,69,68,68,69,68,train
action_06,user6,6,6,6-2-1,True,True,IMU/action_06/user6/6-2-1/up.csv,IMU/action_06/user6/6-2-1/down.csv,True,True,34,34,33,33,33,train
action_06,user7,6,7,5-2-1,True,True,IMU/action_06/user7/5-2-1/up.csv,IMU/action_06/user7/5-2-1/down.csv,True,True,32,33,32,34,32,train
action_06,user8,6,8,6-2-1,True,True,IMU/action_06/user8/6-2-1/up.csv,IMU/action_06/user8/6-2-1/down.csv,True,True,24,26,23,22,25,train
action_06,user9,6,9,3-2-1,True,True,IMU/action_06/user9/3-2-1/up.csv,IMU/action_06/user9/3-2-1/down.csv,True,True,34,34,34,35,36,train
action_06,user9,6,9,7-2-1,True,True,IMU/action_06/user9/7-2-1/up.csv,IMU/action_06/user9/7-2-1/down.csv,True,True,13,13,13,13,13,train
action_07,user1,7,1,1-2-1,True,True,IMU/action_07/user1/1-2-1/up.csv,IMU/action_07/user1/1-2-1/down.csv,True,True,54,54,53,54,54,train
action_07,user1,7,1,3-1-1,True,True,IMU/action_07/user1/3-1-1/up.csv,IMU/action_07/user1/3-1-1/down.csv,True,True,36,36,37,35,36,train
action_07,user1,7,1,6-1-1,True,True,IMU/action_07/user1/6-1-1/up.csv,IMU/action_07/user1/6-1-1/down.csv,True,True,25,24,24,25,26,train
action_07,user16,7,16,1-2-1,True,True,IMU/action_07/user16/1-2-1/up.csv,IMU/action_07/user16/1-2-1/down.csv,True,True,21,21,20,22,19,train
action_07,user16,7,16,5-2-1,True,True,IMU/action_07/user16/5-2-1/up.csv,IMU/action_07/user16/5-2-1/down.csv,True,True,26,27,26,26,27,train
action_07,user16,7,16,6-2-1,True,True,IMU/action_07/user16/6-2-1/up.csv,IMU/action_07/user16/6-2-1/down.csv,True,True,20,21,21,21,21,train
action_07,user16,7,16,7-2-1,True,True,IMU/action_07/user16/7-2-1/up.csv,IMU/action_07/user16/7-2-1/down.csv,True,True,39,40,40,38,39,train
action_07,user17,7,17,1-2-1,True,True,IMU/action_07/user17/1-2-1/up.csv,IMU/action_07/user17/1-2-1/down.csv,True,True,21,22,22,20,22,train
action_07,user17,7,17,2-2-1,True,True,IMU/action_07/user17/2-2-1/up.csv,IMU/action_07/user17/2-2-1/down.csv,True,True,44,43,43,44,42,train
action_07,user17,7,17,3-2-1,True,True,IMU/action_07/user17/3-2-1/up.csv,IMU/action_07/user17/3-2-1/down.csv,True,True,35,37,38,36,36,train
action_07,user17,7,17,5-2-1,True,True,IMU/action_07/user17/5-2-1/up.csv,IMU/action_07/user17/5-2-1/down.csv,True,True,29,28,29,30,29,train
action_07,user17,7,17,7-2-1,True,True,IMU/action_07/user17/7-2-1/up.csv,IMU/action_07/user17/7-2-1/down.csv,True,True,42,40,40,41,41,train
action_07,user18,7,18,7-2-1,True,True,IMU/action_07/user18/7-2-1/up.csv,IMU/action_07/user18/7-2-1/down.csv,True,True,18,18,18,18,18,test
action_07,user19,7,19,7-2-1,True,True,IMU/action_07/user19/7-2-1/up.csv,IMU/action_07/user19/7-2-1/down.csv,True,True,22,23,22,21,22,train
action_07,user2,7,2,1-2-1,True,True,IMU/action_07/user2/1-2-1/up.csv,IMU/action_07/user2/1-2-1/down.csv,True,True,24,26,24,24,24,train
action_07,user2,7,2,2-1-1,True,True,IMU/action_07/user2/2-1-1/up.csv,IMU/action_07/user2/2-1-1/down.csv,True,True,9,9,9,11,9,train
action_07,user2,7,2,2-2-1,True,True,IMU/action_07/user2/2-2-1/up.csv,IMU/action_07/user2/2-2-1/down.csv,True,True,16,15,16,15,15,train
action_07,user2,7,2,4-2-1,True,True,IMU/action_07/user2/4-2-1/up.csv,IMU/action_07/user2/4-2-1/down.csv,True,True,8,7,7,8,7,train
action_07,user20,7,20,2-1-1,True,True,IMU/action_07/user20/2-1-1/up.csv,IMU/action_07/user20/2-1-1/down.csv,True,True,33,33,33,34,33,train
action_07,user20,7,20,3-1-1,True,True,IMU/action_07/user20/3-1-1/up.csv,IMU/action_07/user20/3-1-1/down.csv,True,True,44,47,44,43,44,train
action_07,user20,7,20,7-1-1,True,True,IMU/action_07/user20/7-1-1/up.csv,IMU/action_07/user20/7-1-1/down.csv,True,True,24,24,25,24,24,train
action_07,user21,7,21,7-1-1,True,True,IMU/action_07/user21/7-1-1/up.csv,IMU/action_07/user21/7-1-1/down.csv,True,True,16,14,16,16,14,train
action_07,user22,7,22,3-1-1,True,True,IMU/action_07/user22/3-1-1/up.csv,IMU/action_07/user22/3-1-1/down.csv,True,True,19,20,22,21,21,train
action_07,user22,7,22,3-3-1,True,True,IMU/action_07/user22/3-3-1/up.csv,IMU/action_07/user22/3-3-1/down.csv,True,True,33,33,34,34,33,train
action_07,user22,7,22,4-3-1,True,True,IMU/action_07/user22/4-3-1/up.csv,IMU/action_07/user22/4-3-1/down.csv,True,True,28,28,28,32,27,train
action_07,user23,7,23,2-3-1,True,True,IMU/action_07/user23/2-3-1/up.csv,IMU/action_07/user23/2-3-1/down.csv,True,True,30,30,31,29,31,train
action_07,user24,7,24,2-1-1,True,True,IMU/action_07/user24/2-1-1/up.csv,IMU/action_07/user24/2-1-1/down.csv,True,True,16,15,14,15,15,train
action_07,user3,7,3,5-2-1,True,True,IMU/action_07/user3/5-2-1/up.csv,IMU/action_07/user3/5-2-1/down.csv,True,True,19,18,18,18,19,train
action_07,user3,7,3,6-1-1,True,True,IMU/action_07/user3/6-1-1/up.csv,IMU/action_07/user3/6-1-1/down.csv,True,True,5,8,5,4,5,train
action_07,user3,7,3,7-1-1,True,True,IMU/action_07/user3/7-1-1/up.csv,IMU/action_07/user3/7-1-1/down.csv,True,True,13,14,13,13,12,train
action_07,user4,7,4,2-1-1,True,True,IMU/action_07/user4/2-1-1/up.csv,IMU/action_07/user4/2-1-1/down.csv,True,True,70,69,72,70,70,train
action_07,user4,7,4,5-1-1,True,True,IMU/action_07/user4/5-1-1/up.csv,IMU/action_07/user4/5-1-1/down.csv,True,True,11,11,12,12,12,train
action_07,user4,7,4,7-2-1,True,True,IMU/action_07/user4/7-2-1/up.csv,IMU/action_07/user4/7-2-1/down.csv,True,True,29,30,29,28,29,train
action_07,user5,7,5,1-2-1,True,True,IMU/action_07/user5/1-2-1/up.csv,IMU/action_07/user5/1-2-1/down.csv,True,True,25,25,24,26,24,train
action_07,user5,7,5,2-1-1,True,True,IMU/action_07/user5/2-1-1/up.csv,IMU/action_07/user5/2-1-1/down.csv,True,True,36,38,36,39,38,train
action_07,user5,7,5,3-2-1,True,True,IMU/action_07/user5/3-2-1/up.csv,IMU/action_07/user5/3-2-1/down.csv,True,True,41,42,42,41,41,train
action_07,user5,7,5,6-2-1,True,True,IMU/action_07/user5/6-2-1/up.csv,IMU/action_07/user5/6-2-1/down.csv,True,True,41,40,41,43,41,train
action_07,user6,7,6,1-2-1,True,True,IMU/action_07/user6/1-2-1/up.csv,IMU/action_07/user6/1-2-1/down.csv,True,True,30,31,30,30,30,train
action_07,user6,7,6,5-2-1,True,True,IMU/action_07/user6/5-2-1/up.csv,IMU/action_07/user6/5-2-1/down.csv,True,True,16,16,15,16,14,train
action_07,user6,7,6,6-2-1,True,True,IMU/action_07/user6/6-2-1/up.csv,IMU/action_07/user6/6-2-1/down.csv,True,True,20,20,19,20,19,train
action_07,user6,7,6,7-2-1,True,True,IMU/action_07/user6/7-2-1/up.csv,IMU/action_07/user6/7-2-1/down.csv,True,True,38,39,40,37,39,train
action_07,user7,7,7,1-2-1,True,True,IMU/action_07/user7/1-2-1/up.csv,IMU/action_07/user7/1-2-1/down.csv,True,True,21,22,20,19,19,train
action_07,user7,7,7,2-2-1,True,True,IMU/action_07/user7/2-2-1/up.csv,IMU/action_07/user7/2-2-1/down.csv,True,True,25,24,24,23,24,train
action_07,user7,7,7,3-2-1,True,True,IMU/action_07/user7/3-2-1/up.csv,IMU/action_07/user7/3-2-1/down.csv,True,True,10,11,12,11,12,train
action_07,user7,7,7,5-3-1,True,True,IMU/action_07/user7/5-3-1/up.csv,IMU/action_07/user7/5-3-1/down.csv,True,True,30,30,31,30,30,train
action_07,user7,7,7,7-2-1,True,True,IMU/action_07/user7/7-2-1/up.csv,IMU/action_07/user7/7-2-1/down.csv,True,True,23,24,24,24,24,train
action_07,user8,7,8,7-2-1,True,True,IMU/action_07/user8/7-2-1/up.csv,IMU/action_07/user8/7-2-1/down.csv,True,True,46,46,46,47,46,train
action_07,user9,7,9,7-2-1,True,True,IMU/action_07/user9/7-2-1/up.csv,IMU/action_07/user9/7-2-1/down.csv,True,True,2,2,2,2,2,train
action_08,user1,8,1,1-2-1,True,True,IMU/action_08/user1/1-2-1/up.csv,IMU/action_08/user1/1-2-1/down.csv,True,True,26,27,26,27,26,train
action_08,user1,8,1,5-1-1,True,True,IMU/action_08/user1/5-1-1/up.csv,IMU/action_08/user1/5-1-1/down.csv,True,True,21,21,21,22,21,train
action_08,user16,8,16,6-2-1,True,True,IMU/action_08/user16/6-2-1/up.csv,IMU/action_08/user16/6-2-1/down.csv,True,True,17,17,18,18,19,train
action_08,user17,8,17,1-2-1,True,True,IMU/action_08/user17/1-2-1/up.csv,IMU/action_08/user17/1-2-1/down.csv,True,True,21,22,22,20,22,train
action_08,user17,8,17,2-1-1,True,True,IMU/action_08/user17/2-1-1/up.csv,IMU/action_08/user17/2-1-1/down.csv,True,True,35,34,36,34,33,train
action_08,user17,8,17,3-2-1,True,True,IMU/action_08/user17/3-2-1/up.csv,IMU/action_08/user17/3-2-1/down.csv,True,True,46,46,43,45,44,train
action_08,user19,8,19,7-2-1,True,True,IMU/action_08/user19/7-2-1/up.csv,IMU/action_08/user19/7-2-1/down.csv,True,True,24,23,23,23,23,train
action_08,user2,8,2,1-2-1,True,True,IMU/action_08/user2/1-2-1/up.csv,IMU/action_08/user2/1-2-1/down.csv,True,True,31,31,31,31,31,train
action_08,user2,8,2,2-1-1,True,True,IMU/action_08/user2/2-1-1/up.csv,IMU/action_08/user2/2-1-1/down.csv,True,True,40,40,39,39,42,train
action_08,user2,8,2,2-2-1,True,True,IMU/action_08/user2/2-2-1/up.csv,IMU/action_08/user2/2-2-1/down.csv,True,True,56,57,57,56,56,train
action_08,user2,8,2,4-2-1,True,True,IMU/action_08/user2/4-2-1/up.csv,IMU/action_08/user2/4-2-1/down.csv,True,True,76,77,76,75,75,train
action_08,user20,8,20,2-1-1,True,True,IMU/action_08/user20/2-1-1/up.csv,IMU/action_08/user20/2-1-1/down.csv,True,True,19,18,19,18,18,train
action_08,user21,8,21,2-1-1,True,True,IMU/action_08/user21/2-1-1/up.csv,IMU/action_08/user21/2-1-1/down.csv,True,True,68,69,68,69,69,train
action_08,user21,8,21,3-1-1,True,True,IMU/action_08/user21/3-1-1/up.csv,IMU/action_08/user21/3-1-1/down.csv,True,True,18,20,19,19,20,train
action_08,user21,8,21,7-1-1,True,True,IMU/action_08/user21/7-1-1/up.csv,IMU/action_08/user21/7-1-1/down.csv,True,True,10,10,9,10,9,train
action_08,user22,8,22,2-1-1,True,True,IMU/action_08/user22/2-1-1/up.csv,IMU/action_08/user22/2-1-1/down.csv,True,True,40,40,40,41,40,train
action_08,user22,8,22,6-2-1,True,True,IMU/action_08/user22/6-2-1/up.csv,IMU/action_08/user22/6-2-1/down.csv,True,True,25,24,25,25,22,train
action_08,user3,8,3,5-1-1,True,True,IMU/action_08/user3/5-1-1/up.csv,IMU/action_08/user3/5-1-1/down.csv,True,True,21,21,21,21,22,train
action_08,user3,8,3,5-2-1,True,True,IMU/action_08/user3/5-2-1/up.csv,IMU/action_08/user3/5-2-1/down.csv,True,True,35,35,35,34,33,train
action_08,user3,8,3,6-1-1,True,True,IMU/action_08/user3/6-1-1/up.csv,IMU/action_08/user3/6-1-1/down.csv,True,True,79,79,79,78,79,train
action_08,user4,8,4,2-1-1,True,True,IMU/action_08/user4/2-1-1/up.csv,IMU/action_08/user4/2-1-1/down.csv,True,True,17,18,18,18,17,train
action_08,user6,8,6,1-2-1,True,True,IMU/action_08/user6/1-2-1/up.csv,IMU/action_08/user6/1-2-1/down.csv,True,True,28,28,29,29,28,train
action_08,user6,8,6,2-1-1,True,True,IMU/action_08/user6/2-1-1/up.csv,IMU/action_08/user6/2-1-1/down.csv,True,True,61,59,60,60,60,train
action_08,user6,8,6,2-3-1,True,True,IMU/action_08/user6/2-3-1/up.csv,IMU/action_08/user6/2-3-1/down.csv,True,True,40,40,39,40,42,train
action_08,user6,8,6,6-2-1,True,True,IMU/action_08/user6/6-2-1/up.csv,IMU/action_08/user6/6-2-1/down.csv,True,True,23,23,23,24,25,train
action_08,user6,8,6,7-2-1,True,True,IMU/action_08/user6/7-2-1/up.csv,IMU/action_08/user6/7-2-1/down.csv,True,True,25,23,24,23,25,train
action_08,user7,8,7,1-2-1,True,True,IMU/action_08/user7/1-2-1/up.csv,IMU/action_08/user7/1-2-1/down.csv,True,True,21,20,20,22,22,train
action_08,user7,8,7,2-1-1,True,True,IMU/action_08/user7/2-1-1/up.csv,IMU/action_08/user7/2-1-1/down.csv,True,True,36,38,38,38,38,train
action_08,user7,8,7,3-2-1,True,True,IMU/action_08/user7/3-2-1/up.csv,IMU/action_08/user7/3-2-1/down.csv,True,True,9,9,9,9,9,train
action_08,user7,8,7,5-3-1,True,True,IMU/action_08/user7/5-3-1/up.csv,IMU/action_08/user7/5-3-1/down.csv,True,True,15,17,17,15,17,train
action_09,user16,9,16,1-2-1,True,True,IMU/action_09/user16/1-2-1/up.csv,IMU/action_09/user16/1-2-1/down.csv,True,True,37,35,35,35,37,train
action_09,user16,9,16,2-1-1,True,True,IMU/action_09/user16/2-1-1/up.csv,IMU/action_09/user16/2-1-1/down.csv,True,True,40,39,39,39,40,train
action_09,user16,9,16,7-2-1,True,True,IMU/action_09/user16/7-2-1/up.csv,IMU/action_09/user16/7-2-1/down.csv,True,True,31,32,30,30,30,train
action_09,user17,9,17,1-2-1,True,True,IMU/action_09/user17/1-2-1/up.csv,IMU/action_09/user17/1-2-1/down.csv,True,True,26,28,27,27,27,train
action_09,user17,9,17,2-1-1,True,True,IMU/action_09/user17/2-1-1/up.csv,IMU/action_09/user17/2-1-1/down.csv,True,True,28,29,29,28,28,train
action_09,user17,9,17,5-2-1,True,True,IMU/action_09/user17/5-2-1/up.csv,IMU/action_09/user17/5-2-1/down.csv,True,True,17,15,17,18,18,train
action_09,user18,9,18,3-2-1,True,True,IMU/action_09/user18/3-2-1/up.csv,IMU/action_09/user18/3-2-1/down.csv,True,True,30,30,29,30,31,test
action_09,user18,9,18,4-2-1,True,True,IMU/action_09/user18/4-2-1/up.csv,IMU/action_09/user18/4-2-1/down.csv,True,True,5,6,5,4,4,test
action_09,user18,9,18,7-2-1,True,True,IMU/action_09/user18/7-2-1/up.csv,IMU/action_09/user18/7-2-1/down.csv,True,True,6,7,8,7,7,test
action_09,user19,9,19,2-1-1,True,True,IMU/action_09/user19/2-1-1/up.csv,IMU/action_09/user19/2-1-1/down.csv,True,True,43,43,43,43,44,train
action_09,user19,9,19,3-2-1,True,True,IMU/action_09/user19/3-2-1/up.csv,IMU/action_09/user19/3-2-1/down.csv,True,True,37,38,37,38,38,train
action_09,user19,9,19,7-2-1,True,True,IMU/action_09/user19/7-2-1/up.csv,IMU/action_09/user19/7-2-1/down.csv,True,True,28,27,28,27,27,train
action_09,user2,9,2,2-1-1,True,True,IMU/action_09/user2/2-1-1/up.csv,IMU/action_09/user2/2-1-1/down.csv,True,True,57,56,58,56,56,train
action_09,user2,9,2,6-1-1,True,True,IMU/action_09/user2/6-1-1/up.csv,IMU/action_09/user2/6-1-1/down.csv,True,True,48,49,48,48,48,train
action_09,user20,9,20,2-1-1,True,True,IMU/action_09/user20/2-1-1/up.csv,IMU/action_09/user20/2-1-1/down.csv,True,True,69,70,69,70,71,train
action_09,user20,9,20,3-1-1,True,True,IMU/action_09/user20/3-1-1/up.csv,IMU/action_09/user20/3-1-1/down.csv,True,True,64,66,62,64,65,train
action_09,user20,9,20,5-1-1,True,True,IMU/action_09/user20/5-1-1/up.csv,IMU/action_09/user20/5-1-1/down.csv,True,True,22,22,22,21,23,train
action_09,user20,9,20,6-3-1,True,True,IMU/action_09/user20/6-3-1/up.csv,IMU/action_09/user20/6-3-1/down.csv,True,True,47,47,47,48,48,train
action_09,user20,9,20,7-1-1,True,True,IMU/action_09/user20/7-1-1/up.csv,IMU/action_09/user20/7-1-1/down.csv,True,True,41,42,41,41,44,train
action_09,user21,9,21,6-2-1,True,True,IMU/action_09/user21/6-2-1/up.csv,IMU/action_09/user21/6-2-1/down.csv,True,True,26,23,23,26,21,train
action_09,user22,9,22,2-1-1,True,True,IMU/action_09/user22/2-1-1/up.csv,IMU/action_09/user22/2-1-1/down.csv,True,True,27,28,26,27,27,train
action_09,user22,9,22,4-3-1,True,True,IMU/action_09/user22/4-3-1/up.csv,IMU/action_09/user22/4-3-1/down.csv,True,True,19,19,17,18,19,train
action_09,user3,9,3,5-1-1,True,True,IMU/action_09/user3/5-1-1/up.csv,IMU/action_09/user3/5-1-1/down.csv,True,True,27,29,28,27,26,train
action_09,user3,9,3,7-1-1,True,True,IMU/action_09/user3/7-1-1/up.csv,IMU/action_09/user3/7-1-1/down.csv,True,True,38,38,39,38,38,train
action_09,user4,9,4,1-2-1,True,True,IMU/action_09/user4/1-2-1/up.csv,IMU/action_09/user4/1-2-1/down.csv,True,True,67,67,67,67,68,train
action_09,user4,9,4,6-1-1,True,True,IMU/action_09/user4/6-1-1/up.csv,IMU/action_09/user4/6-1-1/down.csv,True,True,69,69,67,68,69,train
action_09,user5,9,5,1-2-1,True,True,IMU/action_09/user5/1-2-1/up.csv,IMU/action_09/user5/1-2-1/down.csv,True,True,53,52,52,53,55,train
action_09,user5,9,5,3-2-1,True,True,IMU/action_09/user5/3-2-1/up.csv,IMU/action_09/user5/3-2-1/down.csv,True,True,39,39,39,39,39,train
action_09,user5,9,5,4-2-1,True,True,IMU/action_09/user5/4-2-1/up.csv,IMU/action_09/user5/4-2-1/down.csv,True,True,42,42,42,43,43,train
action_09,user6,9,6,1-2-1,True,True,IMU/action_09/user6/1-2-1/up.csv,IMU/action_09/user6/1-2-1/down.csv,True,True,123,123,122,123,123,train
action_09,user6,9,6,2-1-1,True,True,IMU/action_09/user6/2-1-1/up.csv,IMU/action_09/user6/2-1-1/down.csv,True,True,55,54,54,54,56,train
action_09,user6,9,6,7-2-1,True,True,IMU/action_09/user6/7-2-1/up.csv,IMU/action_09/user6/7-2-1/down.csv,True,True,37,38,38,38,38,train
action_09,user7,9,7,1-2-1,True,True,IMU/action_09/user7/1-2-1/up.csv,IMU/action_09/user7/1-2-1/down.csv,True,True,26,25,25,26,24,train
action_09,user7,9,7,2-1-1,True,True,IMU/action_09/user7/2-1-1/up.csv,IMU/action_09/user7/2-1-1/down.csv,True,True,34,34,34,34,34,train
action_09,user7,9,7,5-2-1,True,True,IMU/action_09/user7/5-2-1/up.csv,IMU/action_09/user7/5-2-1/down.csv,True,True,26,26,26,25,24,train
action_09,user8,9,8,3-2-1,True,True,IMU/action_09/user8/3-2-1/up.csv,IMU/action_09/user8/3-2-1/down.csv,True,True,12,17,16,16,16,train
action_09,user8,9,8,4-2-1,True,True,IMU/action_09/user8/4-2-1/up.csv,IMU/action_09/user8/4-2-1/down.csv,True,True,16,15,13,14,15,train
action_09,user8,9,8,7-2-1,True,True,IMU/action_09/user8/7-2-1/up.csv,IMU/action_09/user8/7-2-1/down.csv,True,True,21,22,22,23,22,train
action_09,user9,9,9,2-1-1,True,True,IMU/action_09/user9/2-1-1/up.csv,IMU/action_09/user9/2-1-1/down.csv,True,True,21,21,20,21,22,train
action_09,user9,9,9,3-2-1,True,True,IMU/action_09/user9/3-2-1/up.csv,IMU/action_09/user9/3-2-1/down.csv,True,True,19,17,21,20,19,train
action_09,user9,9,9,7-2-1,True,True,IMU/action_09/user9/7-2-1/up.csv,IMU/action_09/user9/7-2-1/down.csv,True,True,14,15,15,13,14,train
