{
    "timestamp": "20251130_050921",
    "best_metrics": {
        "accuracy": 40.57971014492754,
        "f1": 30.56349206349206,
        "precision": 37.17857142857143,
        "recall": 33.05555555555556,
        "roc_auc": NaN,
        "loss": 3.5314159393310547
    },
    "best_epoch": 26,
    "best_predictions": [
        0,
        0,
        0,
        2,
        0,
        10,
        6,
        15,
        7,
        12,
        8,
        8,
        8,
        8,
        8,
        15,
        19,
        9,
        8,
        8,
        8,
        11,
        15,
        5,
        8,
        2,
        11,
        11,
        15,
        5,
        8,
        2,
        11,
        12,
        7,
        7,
        8,
        8,
        15,
        13,
        13,
        13,
        11,
        14,
        14,
        15,
        15,
        13,
        16,
        16,
        16,
        4,
        16,
        12,
        17,
        17,
        19,
        17,
        18,
        1,
        18,
        18,
        10,
        18,
        3,
        0,
        2,
        2,
        0
    ],
    "best_labels": [
        0,
        0,
        0,
        0,
        0,
        0,
        6,
        6,
        6,
        6,
        6,
        6,
        6,
        6,
        6,
        7,
        7,
        7,
        8,
        8,
        8,
        9,
        9,
        9,
        9,
        9,
        9,
        10,
        10,
        10,
        10,
        10,
        10,
        12,
        12,
        12,
        12,
        12,
        12,
        13,
        13,
        13,
        14,
        14,
        14,
        15,
        15,
        15,
        16,
        16,
        16,
        16,
        16,
        16,
        17,
        17,
        17,
        17,
        17,
        17,
        18,
        18,
        18,
        18,
        18,
        18,
        2,
        2,
        2
    ],
    "args": {
        "data_path": "data_imu/activity_20/dataset_user_14.csv",
        "modalities": "acc_gyr_mag",
        "sample_length": 30,
        "batch_size": 128,
        "num_epochs": 200,
        "learning_rate": 0.001,
        "device": "cuda",
        "random_init": false,
        "experiment_name": "activity_20/cross_user/cnn_transformer/acc_gyr_mag/bsz128"
    },
    "training_config": {
        "num_epochs": 200,
        "batch_size": 128,
        "learning_rate": 0.001,
        "sample_length": 30,
        "device": "cuda",
        "in_channels": 45,
        "out_size": 20,
        "data_path": "data_imu/activity_20/dataset_user_14.csv",
        "modalities": "acc_gyr_mag",
        "random_init": false,
        "experiment_name": "activity_20/cross_user/cnn_transformer/acc_gyr_mag/bsz128"
    }
}