{
    "timestamp": "20251130_040517",
    "best_metrics": {
        "accuracy": 20.98765432098765,
        "f1": 9.533450204406087,
        "precision": 8.329545454545453,
        "recall": 15.104166666666668,
        "roc_auc": NaN,
        "loss": 2.9339334964752197
    },
    "best_epoch": 3,
    "best_predictions": [
        5,
        5,
        5,
        4,
        8,
        4,
        5,
        5,
        2,
        4,
        3,
        3,
        3,
        6,
        6,
        11,
        4,
        4,
        1,
        2,
        2,
        5,
        4,
        2,
        2,
        3,
        3,
        1,
        4,
        8,
        8,
        13,
        13,
        3,
        15,
        15,
        15,
        6,
        16,
        13,
        4,
        4,
        16,
        5,
        6,
        6,
        5,
        13,
        16,
        13,
        5,
        1,
        4,
        4,
        3,
        4,
        13,
        5,
        4,
        16,
        2,
        2,
        2,
        4,
        4,
        4,
        1,
        2,
        1,
        4,
        16,
        4,
        4,
        4,
        4,
        4,
        4,
        4,
        2,
        4,
        5
    ],
    "best_labels": [
        5,
        5,
        5,
        6,
        6,
        6,
        6,
        6,
        8,
        8,
        8,
        8,
        8,
        8,
        8,
        8,
        9,
        9,
        9,
        11,
        11,
        11,
        12,
        12,
        12,
        13,
        13,
        13,
        1,
        1,
        1,
        14,
        14,
        14,
        14,
        14,
        14,
        15,
        15,
        15,
        16,
        16,
        16,
        16,
        16,
        16,
        16,
        16,
        16,
        16,
        16,
        16,
        17,
        17,
        17,
        19,
        19,
        19,
        19,
        19,
        2,
        2,
        2,
        2,
        2,
        2,
        3,
        3,
        3,
        4,
        4,
        4,
        4,
        4,
        4,
        4,
        4,
        4,
        4,
        4,
        4
    ],
    "args": {
        "data_path": "data_imu/activity_20/dataset_user_7.csv",
        "modalities": "acc_gyr_mag",
        "sample_length": 30,
        "batch_size": 128,
        "num_epochs": 200,
        "learning_rate": 0.001,
        "device": "cuda",
        "random_init": false,
        "experiment_name": "activity_20/cross_user/cnn_transformer/acc_gyr_mag/bsz128_resample_all"
    },
    "training_config": {
        "num_epochs": 200,
        "batch_size": 128,
        "learning_rate": 0.001,
        "sample_length": 30,
        "device": "cuda",
        "in_channels": 45,
        "out_size": 20,
        "data_path": "data_imu/activity_20/dataset_user_7.csv",
        "modalities": "acc_gyr_mag",
        "random_init": false,
        "experiment_name": "activity_20/cross_user/cnn_transformer/acc_gyr_mag/bsz128_resample_all"
    }
}