{
    "timestamp": "20251130_033219",
    "best_metrics": {
        "accuracy": 21.428571428571427,
        "f1": 25.966386554621852,
        "precision": 28.82352941176471,
        "recall": 25.882352941176475,
        "roc_auc": NaN,
        "loss": 8.25428295135498
    },
    "best_epoch": 18,
    "best_predictions": [
        0,
        0,
        2,
        11,
        4,
        1,
        11,
        11,
        11,
        11,
        11,
        11,
        11,
        11,
        11,
        11,
        11,
        17,
        17,
        11,
        9,
        11,
        11,
        11,
        11,
        11,
        11,
        11,
        11,
        10,
        1,
        17,
        3,
        11,
        17,
        6,
        17,
        11,
        11,
        11,
        11,
        16,
        4,
        4,
        5,
        2,
        2,
        2,
        3,
        3,
        3,
        4,
        4,
        11,
        11,
        8
    ],
    "best_labels": [
        0,
        0,
        0,
        5,
        5,
        5,
        6,
        6,
        6,
        6,
        6,
        6,
        7,
        7,
        7,
        8,
        8,
        8,
        9,
        9,
        9,
        10,
        10,
        10,
        12,
        12,
        12,
        12,
        12,
        12,
        14,
        14,
        14,
        15,
        15,
        15,
        15,
        15,
        15,
        15,
        15,
        16,
        17,
        17,
        17,
        2,
        2,
        2,
        3,
        3,
        3,
        4,
        4,
        4,
        4,
        4
    ],
    "args": {
        "data_path": "data_imu/activity_20/dataset_user_4.csv",
        "modalities": "acc_gyr_mag",
        "sample_length": 30,
        "batch_size": 128,
        "num_epochs": 200,
        "learning_rate": 0.001,
        "device": "cuda",
        "random_init": false,
        "experiment_name": "activity_20/cross_user/cnn_transformer/acc_gyr_mag/bsz128"
    },
    "training_config": {
        "num_epochs": 200,
        "batch_size": 128,
        "learning_rate": 0.001,
        "sample_length": 30,
        "device": "cuda",
        "in_channels": 45,
        "out_size": 20,
        "data_path": "data_imu/activity_20/dataset_user_4.csv",
        "modalities": "acc_gyr_mag",
        "random_init": false,
        "experiment_name": "activity_20/cross_user/cnn_transformer/acc_gyr_mag/bsz128"
    }
}