{"_wandb":{"runtime":3354},"_runtime":3354.536744234,"train_top5":99.7740478515625,"test_f1":0.8691429979625493,"test_loss":0.36618374827473327,"_step":100,"train_top1":89.6773681640625,"test_top5":99.32672882080078,"test_precision":0.8589666352464135,"train_loss":0.28800720225213183,"test_recall":0.8865262389158738,"_timestamp":1.7645894599242127e+09,"test_auc_roc":0.9978582980899443,"test_top1":85.6532974243164}