{
    "timestamp": "20251130_060713",
    "best_metrics": {
        "accuracy": 35.064935064935064,
        "f1": 24.547619047619047,
        "precision": 28.2797619047619,
        "recall": 27.77272727272727,
        "roc_auc": NaN,
        "loss": 4.6607584953308105
    },
    "best_epoch": 74,
    "best_predictions": [
        0,
        0,
        5,
        7,
        5,
        5,
        5,
        5,
        6,
        6,
        6,
        4,
        4,
        4,
        3,
        6,
        5,
        6,
        6,
        11,
        8,
        1,
        8,
        8,
        14,
        8,
        9,
        8,
        6,
        6,
        5,
        2,
        2,
        18,
        2,
        0,
        2,
        2,
        2,
        2,
        2,
        17,
        5,
        2,
        17,
        0,
        13,
        0,
        15,
        14,
        15,
        17,
        2,
        1,
        1,
        1,
        14,
        14,
        19,
        4,
        15,
        16,
        12,
        12,
        12,
        18,
        18,
        8,
        16,
        4,
        3,
        2,
        10,
        2,
        8,
        11,
        11
    ],
    "best_labels": [
        0,
        0,
        5,
        5,
        5,
        5,
        5,
        5,
        6,
        6,
        6,
        6,
        6,
        6,
        6,
        6,
        7,
        7,
        7,
        8,
        8,
        8,
        8,
        8,
        8,
        8,
        8,
        8,
        8,
        8,
        9,
        9,
        9,
        10,
        10,
        10,
        10,
        10,
        10,
        11,
        11,
        11,
        12,
        12,
        12,
        13,
        13,
        13,
        13,
        13,
        13,
        1,
        1,
        1,
        1,
        1,
        14,
        14,
        14,
        15,
        15,
        15,
        17,
        17,
        17,
        18,
        18,
        18,
        18,
        18,
        18,
        2,
        2,
        2,
        4,
        4,
        4
    ],
    "args": {
        "data_path": "data_imu/activity_20/dataset_user_20.csv",
        "modalities": "acc_gyr_mag",
        "sample_length": 30,
        "batch_size": 128,
        "num_epochs": 200,
        "learning_rate": 0.001,
        "device": "cuda",
        "random_init": false,
        "experiment_name": "activity_20/cross_user/cnn_transformer/acc_gyr_mag/bsz128"
    },
    "training_config": {
        "num_epochs": 200,
        "batch_size": 128,
        "learning_rate": 0.001,
        "sample_length": 30,
        "device": "cuda",
        "in_channels": 45,
        "out_size": 20,
        "data_path": "data_imu/activity_20/dataset_user_20.csv",
        "modalities": "acc_gyr_mag",
        "random_init": false,
        "experiment_name": "activity_20/cross_user/cnn_transformer/acc_gyr_mag/bsz128"
    }
}