{
    "timestamp": "20251130_072421",
    "best_metrics": {
        "accuracy": 39.325842696629216,
        "f1": 30.709926991391523,
        "precision": 34.88914594177752,
        "recall": 33.32934609250399,
        "roc_auc": NaN,
        "loss": 4.128069877624512
    },
    "best_epoch": 26,
    "best_predictions": [
        6,
        16,
        5,
        6,
        6,
        6,
        5,
        12,
        7,
        9,
        4,
        1,
        8,
        12,
        15,
        7,
        6,
        9,
        7,
        11,
        9,
        7,
        6,
        11,
        7,
        6,
        9,
        19,
        9,
        6,
        11,
        11,
        14,
        14,
        11,
        11,
        11,
        11,
        11,
        13,
        13,
        13,
        17,
        4,
        1,
        14,
        14,
        14,
        14,
        14,
        15,
        16,
        15,
        15,
        15,
        15,
        15,
        15,
        0,
        15,
        15,
        13,
        15,
        1,
        11,
        7,
        12,
        18,
        7,
        17,
        11,
        1,
        17,
        12,
        12,
        5,
        3,
        3,
        11,
        11,
        15,
        17,
        8,
        15,
        11,
        17,
        4,
        16,
        17
    ],
    "best_labels": [
        6,
        6,
        6,
        6,
        6,
        6,
        7,
        7,
        7,
        8,
        8,
        8,
        8,
        8,
        8,
        9,
        9,
        9,
        9,
        9,
        9,
        9,
        9,
        9,
        10,
        10,
        10,
        10,
        10,
        10,
        11,
        11,
        11,
        11,
        11,
        11,
        11,
        11,
        11,
        13,
        13,
        13,
        1,
        1,
        1,
        14,
        14,
        14,
        14,
        14,
        15,
        15,
        15,
        15,
        15,
        15,
        15,
        15,
        16,
        16,
        16,
        16,
        17,
        17,
        17,
        17,
        17,
        18,
        18,
        18,
        18,
        18,
        19,
        19,
        19,
        3,
        3,
        3,
        4,
        4,
        4,
        4,
        4,
        4,
        4,
        4,
        4,
        4,
        4
    ],
    "args": {
        "data_path": "data_imu/activity_20/dataset_user_28.csv",
        "modalities": "acc_gyr_mag",
        "sample_length": 30,
        "batch_size": 128,
        "num_epochs": 200,
        "learning_rate": 0.001,
        "device": "cuda",
        "random_init": false,
        "experiment_name": "activity_20/cross_user/cnn_transformer/acc_gyr_mag/bsz128"
    },
    "training_config": {
        "num_epochs": 200,
        "batch_size": 128,
        "learning_rate": 0.001,
        "sample_length": 30,
        "device": "cuda",
        "in_channels": 45,
        "out_size": 20,
        "data_path": "data_imu/activity_20/dataset_user_28.csv",
        "modalities": "acc_gyr_mag",
        "random_init": false,
        "experiment_name": "activity_20/cross_user/cnn_transformer/acc_gyr_mag/bsz128"
    }
}