{
    "timestamp": "20251130_035202",
    "best_metrics": {
        "accuracy": 37.89473684210527,
        "f1": 27.350749378990713,
        "precision": 27.015703594650965,
        "recall": 31.503759398496236,
        "roc_auc": NaN,
        "loss": 3.130772113800049
    },
    "best_epoch": 10,
    "best_predictions": [
        9,
        2,
        2,
        8,
        5,
        5,
        5,
        15,
        5,
        6,
        6,
        6,
        6,
        6,
        6,
        6,
        6,
        6,
        6,
        9,
        11,
        4,
        15,
        4,
        13,
        16,
        16,
        4,
        19,
        1,
        7,
        10,
        4,
        7,
        12,
        4,
        10,
        10,
        10,
        11,
        11,
        11,
        7,
        7,
        7,
        7,
        7,
        7,
        4,
        15,
        4,
        15,
        13,
        13,
        1,
        11,
        15,
        14,
        0,
        0,
        8,
        1,
        15,
        7,
        16,
        7,
        0,
        16,
        5,
        4,
        4,
        6,
        5,
        10,
        4,
        1,
        19,
        4,
        2,
        9,
        4,
        4,
        4,
        4,
        4,
        4,
        4,
        4,
        4,
        4,
        4,
        4,
        4,
        4,
        4
    ],
    "best_labels": [
        0,
        0,
        0,
        5,
        5,
        5,
        5,
        5,
        5,
        6,
        6,
        6,
        7,
        7,
        7,
        8,
        8,
        8,
        8,
        8,
        8,
        8,
        8,
        8,
        8,
        8,
        8,
        9,
        9,
        9,
        9,
        9,
        9,
        10,
        10,
        10,
        10,
        10,
        10,
        11,
        11,
        11,
        11,
        11,
        11,
        12,
        12,
        12,
        12,
        12,
        12,
        13,
        13,
        13,
        1,
        1,
        15,
        15,
        15,
        15,
        15,
        16,
        16,
        16,
        16,
        16,
        16,
        16,
        17,
        17,
        17,
        18,
        18,
        18,
        19,
        19,
        19,
        2,
        2,
        2,
        4,
        4,
        4,
        4,
        4,
        4,
        4,
        4,
        4,
        4,
        4,
        4,
        4,
        4,
        4
    ],
    "args": {
        "data_path": "data_imu/activity_20/dataset_user_6.csv",
        "modalities": "acc_gyr_mag",
        "sample_length": 30,
        "batch_size": 128,
        "num_epochs": 200,
        "learning_rate": 0.001,
        "device": "cuda",
        "random_init": false,
        "experiment_name": "activity_20/cross_user/cnn_transformer/acc_gyr_mag/bsz128"
    },
    "training_config": {
        "num_epochs": 200,
        "batch_size": 128,
        "learning_rate": 0.001,
        "sample_length": 30,
        "device": "cuda",
        "in_channels": 45,
        "out_size": 20,
        "data_path": "data_imu/activity_20/dataset_user_6.csv",
        "modalities": "acc_gyr_mag",
        "random_init": false,
        "experiment_name": "activity_20/cross_user/cnn_transformer/acc_gyr_mag/bsz128"
    }
}