{
    "timestamp": "20251130_071444",
    "best_metrics": {
        "accuracy": 36.0,
        "f1": 27.562617121440653,
        "precision": 32.71475256769374,
        "recall": 30.22281639928699,
        "roc_auc": NaN,
        "loss": 2.545422077178955
    },
    "best_epoch": 7,
    "best_predictions": [
        9,
        10,
        9,
        9,
        9,
        9,
        9,
        9,
        9,
        9,
        9,
        9,
        9,
        9,
        9,
        11,
        9,
        11,
        11,
        17,
        4,
        12,
        4,
        9,
        4,
        9,
        12,
        10,
        13,
        13,
        13,
        18,
        13,
        13,
        15,
        15,
        14,
        19,
        14,
        14,
        1,
        14,
        4,
        1,
        14,
        15,
        16,
        15,
        15,
        15,
        15,
        19,
        2,
        15,
        9,
        17,
        15,
        9,
        9,
        18,
        4,
        19,
        19,
        9,
        9,
        9,
        2,
        9,
        2,
        18,
        10,
        13,
        12,
        8,
        13
    ],
    "best_labels": [
        5,
        5,
        5,
        7,
        7,
        7,
        7,
        7,
        7,
        9,
        9,
        9,
        10,
        10,
        10,
        11,
        11,
        11,
        11,
        11,
        12,
        12,
        12,
        12,
        12,
        12,
        12,
        12,
        13,
        13,
        13,
        13,
        13,
        13,
        14,
        14,
        14,
        14,
        14,
        14,
        14,
        14,
        14,
        14,
        14,
        15,
        15,
        15,
        15,
        15,
        15,
        16,
        16,
        16,
        17,
        17,
        17,
        18,
        18,
        18,
        18,
        18,
        18,
        19,
        19,
        19,
        2,
        2,
        2,
        4,
        4,
        4,
        4,
        4,
        4
    ],
    "args": {
        "data_path": "data_imu/activity_20/dataset_user_27.csv",
        "modalities": "acc_gyr_mag",
        "sample_length": 30,
        "batch_size": 128,
        "num_epochs": 200,
        "learning_rate": 0.001,
        "device": "cuda",
        "random_init": false,
        "experiment_name": "activity_20/cross_user/cnn_transformer/acc_gyr_mag/bsz128"
    },
    "training_config": {
        "num_epochs": 200,
        "batch_size": 128,
        "learning_rate": 0.001,
        "sample_length": 30,
        "device": "cuda",
        "in_channels": 45,
        "out_size": 20,
        "data_path": "data_imu/activity_20/dataset_user_27.csv",
        "modalities": "acc_gyr_mag",
        "random_init": false,
        "experiment_name": "activity_20/cross_user/cnn_transformer/acc_gyr_mag/bsz128"
    }
}