{
    "timestamp": "20251130_031244",
    "best_metrics": {
        "accuracy": 33.78378378378378,
        "f1": 21.57051282051282,
        "precision": 24.14159914159914,
        "recall": 34.322390572390574,
        "roc_auc": NaN,
        "loss": 2.837265729904175
    },
    "best_epoch": 8,
    "best_predictions": [
        5,
        5,
        5,
        11,
        9,
        9,
        11,
        9,
        10,
        11,
        11,
        11,
        11,
        11,
        9,
        9,
        9,
        9,
        9,
        13,
        13,
        13,
        5,
        5,
        3,
        4,
        13,
        13,
        13,
        14,
        14,
        14,
        13,
        13,
        14,
        14,
        14,
        15,
        10,
        7,
        6,
        5,
        15,
        14,
        15,
        16,
        15,
        16,
        11,
        9,
        10,
        10,
        11,
        9,
        10,
        11,
        10,
        10,
        10,
        9,
        10,
        1,
        13,
        5,
        5,
        5,
        4,
        5,
        10,
        9,
        10,
        5,
        5,
        5
    ],
    "best_labels": [
        5,
        5,
        5,
        7,
        7,
        7,
        7,
        9,
        10,
        11,
        11,
        11,
        11,
        11,
        12,
        12,
        12,
        12,
        12,
        13,
        13,
        13,
        13,
        13,
        13,
        1,
        14,
        14,
        14,
        14,
        14,
        14,
        14,
        14,
        14,
        14,
        14,
        15,
        15,
        15,
        15,
        15,
        15,
        15,
        15,
        16,
        16,
        16,
        17,
        17,
        18,
        18,
        18,
        18,
        18,
        18,
        19,
        19,
        19,
        2,
        2,
        2,
        2,
        4,
        4,
        4,
        4,
        4,
        4,
        4,
        4,
        4,
        4,
        4
    ],
    "args": {
        "data_path": "data_imu/activity_20/dataset_user_2.csv",
        "modalities": "acc_gyr_mag",
        "sample_length": 30,
        "batch_size": 128,
        "num_epochs": 200,
        "learning_rate": 0.001,
        "device": "cuda",
        "random_init": false,
        "experiment_name": "activity_20/cross_user/cnn_transformer/acc_gyr_mag/bsz128"
    },
    "training_config": {
        "num_epochs": 200,
        "batch_size": 128,
        "learning_rate": 0.001,
        "sample_length": 30,
        "device": "cuda",
        "in_channels": 45,
        "out_size": 20,
        "data_path": "data_imu/activity_20/dataset_user_2.csv",
        "modalities": "acc_gyr_mag",
        "random_init": false,
        "experiment_name": "activity_20/cross_user/cnn_transformer/acc_gyr_mag/bsz128"
    }
}