{
    "timestamp": "20251130_061652",
    "best_metrics": {
        "accuracy": 29.87012987012987,
        "f1": 19.06337814232551,
        "precision": 19.196067090803933,
        "recall": 22.869674185463655,
        "roc_auc": NaN,
        "loss": 2.991089344024658
    },
    "best_epoch": 5,
    "best_predictions": [
        15,
        15,
        18,
        6,
        4,
        15,
        4,
        5,
        5,
        7,
        7,
        2,
        12,
        6,
        12,
        12,
        7,
        3,
        2,
        4,
        12,
        11,
        12,
        12,
        9,
        1,
        1,
        3,
        12,
        13,
        16,
        16,
        4,
        2,
        16,
        5,
        5,
        15,
        15,
        15,
        15,
        19,
        7,
        12,
        3,
        15,
        3,
        5,
        2,
        5,
        4,
        4,
        12,
        11,
        11,
        18,
        5,
        6,
        1,
        2,
        4,
        10,
        2,
        2,
        2,
        3,
        3,
        2,
        18,
        4,
        4,
        4,
        4,
        6,
        4,
        2,
        4
    ],
    "best_labels": [
        0,
        0,
        0,
        0,
        0,
        0,
        5,
        5,
        5,
        8,
        8,
        8,
        8,
        8,
        8,
        10,
        10,
        10,
        11,
        11,
        11,
        11,
        12,
        12,
        12,
        12,
        12,
        12,
        12,
        13,
        13,
        13,
        1,
        1,
        1,
        15,
        15,
        15,
        15,
        15,
        15,
        17,
        17,
        17,
        18,
        18,
        18,
        18,
        18,
        18,
        18,
        18,
        18,
        19,
        19,
        19,
        19,
        19,
        19,
        2,
        2,
        2,
        2,
        2,
        2,
        3,
        3,
        3,
        4,
        4,
        4,
        4,
        4,
        4,
        4,
        4,
        4
    ],
    "args": {
        "data_path": "data_imu/activity_20/dataset_user_21.csv",
        "modalities": "acc_gyr_mag",
        "sample_length": 30,
        "batch_size": 128,
        "num_epochs": 200,
        "learning_rate": 0.001,
        "device": "cuda",
        "random_init": false,
        "experiment_name": "activity_20/cross_user/cnn_transformer/acc_gyr_mag/bsz128"
    },
    "training_config": {
        "num_epochs": 200,
        "batch_size": 128,
        "learning_rate": 0.001,
        "sample_length": 30,
        "device": "cuda",
        "in_channels": 45,
        "out_size": 20,
        "data_path": "data_imu/activity_20/dataset_user_21.csv",
        "modalities": "acc_gyr_mag",
        "random_init": false,
        "experiment_name": "activity_20/cross_user/cnn_transformer/acc_gyr_mag/bsz128"
    }
}