{
    "timestamp": "20251130_031637",
    "best_metrics": {
        "accuracy": 44.5945945945946,
        "f1": 26.49912660438976,
        "precision": 32.52415966386555,
        "recall": 31.07954545454545,
        "roc_auc": NaN,
        "loss": 3.2387855052948
    },
    "best_epoch": 26,
    "best_predictions": [
        11,
        5,
        5,
        5,
        1,
        9,
        11,
        12,
        1,
        11,
        11,
        11,
        11,
        11,
        10,
        17,
        11,
        0,
        10,
        13,
        13,
        13,
        5,
        13,
        3,
        1,
        13,
        14,
        14,
        11,
        14,
        13,
        14,
        14,
        14,
        14,
        14,
        15,
        11,
        15,
        6,
        8,
        15,
        15,
        15,
        15,
        4,
        16,
        11,
        17,
        9,
        18,
        11,
        18,
        10,
        11,
        11,
        11,
        9,
        11,
        1,
        0,
        1,
        4,
        4,
        4,
        1,
        1,
        11,
        1,
        4,
        5,
        5,
        5
    ],
    "best_labels": [
        5,
        5,
        5,
        7,
        7,
        7,
        7,
        9,
        10,
        11,
        11,
        11,
        11,
        11,
        12,
        12,
        12,
        12,
        12,
        13,
        13,
        13,
        13,
        13,
        13,
        1,
        14,
        14,
        14,
        14,
        14,
        14,
        14,
        14,
        14,
        14,
        14,
        15,
        15,
        15,
        15,
        15,
        15,
        15,
        15,
        16,
        16,
        16,
        17,
        17,
        18,
        18,
        18,
        18,
        18,
        18,
        19,
        19,
        19,
        2,
        2,
        2,
        2,
        4,
        4,
        4,
        4,
        4,
        4,
        4,
        4,
        4,
        4,
        4
    ],
    "args": {
        "data_path": "data_imu/activity_20/dataset_user_2.csv",
        "modalities": "acc_gyr_mag",
        "sample_length": 30,
        "batch_size": 128,
        "num_epochs": 200,
        "learning_rate": 0.001,
        "device": "cuda",
        "random_init": false,
        "experiment_name": "activity_20/cross_user/cnn_transformer/acc_gyr_mag/bsz128_resample_all"
    },
    "training_config": {
        "num_epochs": 200,
        "batch_size": 128,
        "learning_rate": 0.001,
        "sample_length": 30,
        "device": "cuda",
        "in_channels": 45,
        "out_size": 20,
        "data_path": "data_imu/activity_20/dataset_user_2.csv",
        "modalities": "acc_gyr_mag",
        "random_init": false,
        "experiment_name": "activity_20/cross_user/cnn_transformer/acc_gyr_mag/bsz128_resample_all"
    }
}