{
    "timestamp": "20251130_030650",
    "best_metrics": {
        "accuracy": 39.0625,
        "f1": 26.724567099567096,
        "precision": 29.477564102564102,
        "recall": 26.319444444444446,
        "roc_auc": NaN,
        "loss": 4.545977592468262
    },
    "best_epoch": 39,
    "best_predictions": [
        4,
        4,
        6,
        6,
        18,
        6,
        6,
        19,
        15,
        1,
        1,
        4,
        12,
        12,
        4,
        4,
        4,
        4,
        4,
        15,
        4,
        13,
        13,
        14,
        13,
        13,
        14,
        1,
        18,
        3,
        4,
        19,
        14,
        13,
        5,
        15,
        15,
        15,
        8,
        15,
        15,
        16,
        16,
        16,
        15,
        17,
        4,
        0,
        11,
        18,
        18,
        9,
        3,
        3,
        11,
        1,
        1,
        16,
        13,
        7,
        12,
        4,
        4,
        12
    ],
    "best_labels": [
        5,
        5,
        6,
        6,
        6,
        6,
        6,
        6,
        8,
        8,
        8,
        8,
        8,
        8,
        9,
        9,
        10,
        10,
        11,
        11,
        11,
        13,
        13,
        13,
        13,
        13,
        13,
        1,
        1,
        1,
        14,
        14,
        14,
        15,
        15,
        15,
        15,
        15,
        15,
        15,
        15,
        16,
        16,
        16,
        16,
        17,
        17,
        17,
        18,
        18,
        18,
        2,
        3,
        3,
        3,
        4,
        4,
        4,
        4,
        4,
        4,
        4,
        4,
        4
    ],
    "args": {
        "data_path": "data_imu/activity_20/dataset_user_1.csv",
        "modalities": "acc_gyr_mag",
        "sample_length": 30,
        "batch_size": 128,
        "num_epochs": 200,
        "learning_rate": 0.001,
        "device": "cuda",
        "random_init": false,
        "experiment_name": "activity_20/cross_user/cnn_transformer/acc_gyr_mag/bsz128_resample_all"
    },
    "training_config": {
        "num_epochs": 200,
        "batch_size": 128,
        "learning_rate": 0.001,
        "sample_length": 30,
        "device": "cuda",
        "in_channels": 45,
        "out_size": 20,
        "data_path": "data_imu/activity_20/dataset_user_1.csv",
        "modalities": "acc_gyr_mag",
        "random_init": false,
        "experiment_name": "activity_20/cross_user/cnn_transformer/acc_gyr_mag/bsz128_resample_all"
    }
}