{
    "timestamp": "20251130_045005",
    "best_metrics": {
        "accuracy": 34.44444444444444,
        "f1": 26.496742851232014,
        "precision": 27.15956558061821,
        "recall": 28.918128654970754,
        "roc_auc": NaN,
        "loss": 3.042872428894043
    },
    "best_epoch": 10,
    "best_predictions": [
        0,
        0,
        2,
        14,
        14,
        15,
        6,
        6,
        4,
        6,
        6,
        6,
        17,
        18,
        1,
        8,
        19,
        8,
        9,
        9,
        2,
        8,
        6,
        6,
        8,
        6,
        6,
        10,
        6,
        18,
        5,
        15,
        15,
        4,
        9,
        14,
        19,
        0,
        0,
        5,
        16,
        13,
        16,
        14,
        14,
        18,
        1,
        2,
        17,
        14,
        15,
        15,
        2,
        16,
        8,
        16,
        15,
        10,
        2,
        17,
        18,
        18,
        0,
        9,
        14,
        14,
        17,
        11,
        17,
        2,
        2,
        2,
        1,
        2,
        8,
        0,
        3,
        3,
        18,
        2,
        18,
        3,
        14,
        3,
        4,
        4,
        4,
        15,
        10,
        10
    ],
    "best_labels": [
        0,
        0,
        0,
        0,
        0,
        0,
        6,
        6,
        6,
        6,
        6,
        6,
        7,
        7,
        7,
        8,
        8,
        8,
        9,
        9,
        9,
        9,
        9,
        9,
        10,
        10,
        10,
        11,
        11,
        11,
        13,
        13,
        13,
        1,
        1,
        1,
        1,
        1,
        1,
        14,
        14,
        14,
        14,
        14,
        14,
        14,
        14,
        15,
        15,
        15,
        15,
        15,
        16,
        16,
        16,
        16,
        16,
        17,
        17,
        17,
        18,
        18,
        18,
        18,
        18,
        18,
        19,
        19,
        19,
        2,
        2,
        2,
        2,
        2,
        2,
        3,
        3,
        3,
        3,
        3,
        3,
        3,
        3,
        3,
        4,
        4,
        4,
        4,
        4,
        4
    ],
    "args": {
        "data_path": "data_imu/activity_20/dataset_user_12.csv",
        "modalities": "acc_gyr_mag",
        "sample_length": 30,
        "batch_size": 128,
        "num_epochs": 200,
        "learning_rate": 0.001,
        "device": "cuda",
        "random_init": false,
        "experiment_name": "activity_20/cross_user/cnn_transformer/acc_gyr_mag/bsz128"
    },
    "training_config": {
        "num_epochs": 200,
        "batch_size": 128,
        "learning_rate": 0.001,
        "sample_length": 30,
        "device": "cuda",
        "in_channels": 45,
        "out_size": 20,
        "data_path": "data_imu/activity_20/dataset_user_12.csv",
        "modalities": "acc_gyr_mag",
        "random_init": false,
        "experiment_name": "activity_20/cross_user/cnn_transformer/acc_gyr_mag/bsz128"
    }
}