{
    "timestamp": "20251130_051856",
    "best_metrics": {
        "accuracy": 30.0,
        "f1": 29.26406926406926,
        "precision": 35.476190476190474,
        "recall": 31.975308641975303,
        "roc_auc": NaN,
        "loss": 5.523535251617432
    },
    "best_epoch": 26,
    "best_predictions": [
        0,
        2,
        2,
        7,
        18,
        18,
        4,
        19,
        10,
        6,
        1,
        4,
        1,
        7,
        7,
        18,
        2,
        8,
        17,
        2,
        7,
        18,
        2,
        6,
        11,
        18,
        19,
        19,
        18,
        13,
        13,
        13,
        18,
        18,
        4,
        18,
        1,
        18,
        14,
        14,
        14,
        16,
        17,
        17,
        1,
        16,
        5,
        5,
        7,
        18,
        8,
        6,
        5,
        13,
        2,
        2,
        3,
        17,
        4,
        1
    ],
    "best_labels": [
        0,
        0,
        0,
        0,
        0,
        5,
        5,
        5,
        7,
        7,
        7,
        7,
        7,
        7,
        7,
        7,
        7,
        8,
        8,
        8,
        9,
        9,
        9,
        11,
        11,
        11,
        11,
        11,
        11,
        13,
        13,
        13,
        1,
        1,
        1,
        1,
        1,
        1,
        14,
        14,
        14,
        16,
        17,
        17,
        17,
        18,
        18,
        18,
        19,
        19,
        19,
        19,
        19,
        19,
        2,
        2,
        2,
        4,
        4,
        4
    ],
    "args": {
        "data_path": "data_imu/activity_20/dataset_user_15.csv",
        "modalities": "acc_gyr_mag",
        "sample_length": 30,
        "batch_size": 128,
        "num_epochs": 200,
        "learning_rate": 0.001,
        "device": "cuda",
        "random_init": false,
        "experiment_name": "activity_20/cross_user/cnn_transformer/acc_gyr_mag/bsz128"
    },
    "training_config": {
        "num_epochs": 200,
        "batch_size": 128,
        "learning_rate": 0.001,
        "sample_length": 30,
        "device": "cuda",
        "in_channels": 45,
        "out_size": 20,
        "data_path": "data_imu/activity_20/dataset_user_15.csv",
        "modalities": "acc_gyr_mag",
        "random_init": false,
        "experiment_name": "activity_20/cross_user/cnn_transformer/acc_gyr_mag/bsz128"
    }
}