{
    "timestamp": "20251130_074331",
    "best_metrics": {
        "accuracy": 35.714285714285715,
        "f1": 24.65945818886995,
        "precision": 24.01260504201681,
        "recall": 28.26797385620915,
        "roc_auc": NaN,
        "loss": 4.180734157562256
    },
    "best_epoch": 12,
    "best_predictions": [
        0,
        0,
        0,
        13,
        14,
        13,
        6,
        6,
        6,
        1,
        9,
        5,
        4,
        6,
        18,
        10,
        12,
        6,
        10,
        8,
        2,
        1,
        4,
        17,
        10,
        8,
        2,
        6,
        8,
        10,
        1,
        1,
        6,
        18,
        8,
        18,
        2,
        18,
        1,
        14,
        14,
        14,
        15,
        6,
        15,
        15,
        15,
        15,
        8,
        15,
        16,
        16,
        15,
        16,
        16,
        16
    ],
    "best_labels": [
        0,
        0,
        0,
        5,
        5,
        5,
        6,
        6,
        6,
        7,
        7,
        7,
        8,
        8,
        8,
        9,
        9,
        9,
        9,
        9,
        9,
        9,
        9,
        9,
        10,
        10,
        10,
        10,
        10,
        10,
        10,
        10,
        10,
        1,
        1,
        1,
        1,
        1,
        1,
        14,
        14,
        14,
        15,
        15,
        15,
        15,
        15,
        15,
        15,
        15,
        16,
        16,
        16,
        17,
        17,
        17
    ],
    "args": {
        "data_path": "data_imu/activity_20/dataset_user_30.csv",
        "modalities": "acc_gyr_mag",
        "sample_length": 30,
        "batch_size": 128,
        "num_epochs": 200,
        "learning_rate": 0.001,
        "device": "cuda",
        "random_init": false,
        "experiment_name": "activity_20/cross_user/cnn_transformer/acc_gyr_mag/bsz128"
    },
    "training_config": {
        "num_epochs": 200,
        "batch_size": 128,
        "learning_rate": 0.001,
        "sample_length": 30,
        "device": "cuda",
        "in_channels": 45,
        "out_size": 20,
        "data_path": "data_imu/activity_20/dataset_user_30.csv",
        "modalities": "acc_gyr_mag",
        "random_init": false,
        "experiment_name": "activity_20/cross_user/cnn_transformer/acc_gyr_mag/bsz128"
    }
}