{
    "timestamp": "20251130_061100",
    "best_metrics": {
        "accuracy": 48.05194805194805,
        "f1": 34.850383534594066,
        "precision": 35.98708309234625,
        "recall": 41.63078149920255,
        "roc_auc": NaN,
        "loss": 3.200928211212158
    },
    "best_epoch": 25,
    "best_predictions": [
        0,
        0,
        18,
        5,
        5,
        5,
        5,
        5,
        6,
        6,
        6,
        15,
        15,
        16,
        6,
        6,
        6,
        6,
        6,
        8,
        17,
        8,
        8,
        8,
        8,
        8,
        8,
        8,
        8,
        6,
        12,
        17,
        2,
        8,
        1,
        2,
        2,
        16,
        12,
        0,
        12,
        8,
        12,
        2,
        12,
        15,
        5,
        15,
        15,
        15,
        13,
        8,
        1,
        1,
        1,
        1,
        14,
        14,
        12,
        15,
        15,
        15,
        11,
        12,
        17,
        10,
        9,
        10,
        4,
        6,
        3,
        2,
        2,
        2,
        8,
        12,
        9
    ],
    "best_labels": [
        0,
        0,
        5,
        5,
        5,
        5,
        5,
        5,
        6,
        6,
        6,
        6,
        6,
        6,
        6,
        6,
        7,
        7,
        7,
        8,
        8,
        8,
        8,
        8,
        8,
        8,
        8,
        8,
        8,
        8,
        9,
        9,
        9,
        10,
        10,
        10,
        10,
        10,
        10,
        11,
        11,
        11,
        12,
        12,
        12,
        13,
        13,
        13,
        13,
        13,
        13,
        1,
        1,
        1,
        1,
        1,
        14,
        14,
        14,
        15,
        15,
        15,
        17,
        17,
        17,
        18,
        18,
        18,
        18,
        18,
        18,
        2,
        2,
        2,
        4,
        4,
        4
    ],
    "args": {
        "data_path": "data_imu/activity_20/dataset_user_20.csv",
        "modalities": "acc_gyr_mag",
        "sample_length": 30,
        "batch_size": 128,
        "num_epochs": 200,
        "learning_rate": 0.001,
        "device": "cuda",
        "random_init": false,
        "experiment_name": "activity_20/cross_user/cnn_transformer/acc_gyr_mag/bsz128_resample_all"
    },
    "training_config": {
        "num_epochs": 200,
        "batch_size": 128,
        "learning_rate": 0.001,
        "sample_length": 30,
        "device": "cuda",
        "in_channels": 45,
        "out_size": 20,
        "data_path": "data_imu/activity_20/dataset_user_20.csv",
        "modalities": "acc_gyr_mag",
        "random_init": false,
        "experiment_name": "activity_20/cross_user/cnn_transformer/acc_gyr_mag/bsz128_resample_all"
    }
}