{
    "timestamp": "20251128_043939",
    "best_metrics": {
        "accuracy": 31.010452961672474,
        "f1": 19.74575861505719,
        "precision": 20.468963226316166,
        "recall": 20.778640681214213,
        "roc_auc": 79.70822335998248,
        "loss": 4.244572639465332
    },
    "best_epoch": 60,
    "best_predictions": [
        39,
        3,
        31,
        37,
        0,
        6,
        9,
        9,
        10,
        10,
        6,
        9,
        10,
        9,
        7,
        6,
        11,
        7,
        11,
        11,
        23,
        20,
        11,
        11,
        10,
        10,
        21,
        26,
        13,
        13,
        21,
        21,
        13,
        38,
        12,
        29,
        12,
        7,
        11,
        10,
        7,
        38,
        23,
        21,
        9,
        3,
        31,
        28,
        6,
        17,
        11,
        9,
        19,
        9,
        7,
        17,
        17,
        10,
        14,
        21,
        17,
        7,
        24,
        9,
        20,
        1,
        1,
        1,
        23,
        10,
        6,
        21,
        19,
        20,
        20,
        17,
        36,
        20,
        17,
        23,
        22,
        21,
        20,
        20,
        11,
        5,
        10,
        7,
        21,
        4,
        0,
        18,
        23,
        8,
        23,
        23,
        23,
        23,
        36,
        39,
        7,
        2,
        37,
        7,
        24,
        23,
        20,
        23,
        23,
        4,
        20,
        23,
        1,
        10,
        38,
        21,
        20,
        5,
        28,
        2,
        36,
        31,
        3,
        36,
        21,
        39,
        34,
        0,
        2,
        4,
        27,
        20,
        30,
        23,
        30,
        31,
        31,
        5,
        38,
        31,
        36,
        31,
        31,
        31,
        23,
        29,
        35,
        32,
        6,
        29,
        32,
        36,
        17,
        34,
        34,
        34,
        22,
        34,
        36,
        32,
        36,
        36,
        9,
        12,
        36,
        36,
        36,
        36,
        36,
        36,
        36,
        36,
        36,
        34,
        36,
        36,
        36,
        36,
        36,
        36,
        36,
        36,
        36,
        36,
        2,
        36,
        36,
        36,
        23,
        36,
        36,
        36,
        36,
        36,
        9,
        36,
        7,
        36,
        11,
        7,
        21,
        17,
        4,
        28,
        22,
        7,
        15,
        5,
        4,
        23,
        38,
        39,
        23,
        7,
        36,
        20,
        23,
        1,
        37,
        11,
        3,
        15,
        31,
        37,
        38,
        10,
        4,
        0,
        11,
        28,
        0,
        5,
        5,
        23,
        3,
        5,
        7,
        2,
        7,
        38,
        6,
        9,
        27,
        6,
        6,
        6,
        23,
        8,
        6,
        0,
        7,
        7,
        7,
        36,
        17,
        6,
        10,
        8,
        10,
        7,
        6,
        10,
        9,
        8,
        7,
        14,
        8,
        38,
        13,
        4,
        8,
        20,
        23,
        10,
        7,
        12,
        34,
        7,
        9,
        9,
        6,
        9,
        10,
        9,
        9,
        10,
        10
    ],
    "best_labels": [
        0,
        0,
        0,
        0,
        0,
        10,
        10,
        10,
        10,
        10,
        10,
        10,
        10,
        10,
        10,
        10,
        11,
        11,
        11,
        11,
        11,
        11,
        11,
        11,
        11,
        11,
        11,
        12,
        12,
        12,
        12,
        12,
        13,
        13,
        13,
        13,
        13,
        14,
        14,
        14,
        14,
        15,
        15,
        15,
        15,
        16,
        16,
        16,
        17,
        17,
        17,
        17,
        17,
        17,
        17,
        17,
        18,
        18,
        18,
        18,
        18,
        19,
        19,
        19,
        19,
        1,
        1,
        1,
        1,
        1,
        20,
        20,
        20,
        20,
        20,
        20,
        20,
        20,
        20,
        21,
        21,
        21,
        21,
        21,
        21,
        21,
        22,
        22,
        22,
        22,
        22,
        22,
        23,
        23,
        23,
        23,
        23,
        23,
        23,
        23,
        23,
        24,
        24,
        24,
        24,
        24,
        24,
        25,
        26,
        26,
        26,
        26,
        27,
        27,
        27,
        27,
        27,
        28,
        28,
        28,
        28,
        29,
        29,
        29,
        29,
        29,
        29,
        2,
        2,
        2,
        2,
        2,
        2,
        2,
        30,
        30,
        30,
        30,
        31,
        31,
        31,
        31,
        31,
        31,
        31,
        31,
        32,
        32,
        32,
        32,
        32,
        32,
        33,
        33,
        34,
        34,
        34,
        34,
        34,
        34,
        34,
        34,
        35,
        35,
        36,
        36,
        36,
        36,
        36,
        36,
        36,
        36,
        36,
        36,
        36,
        36,
        36,
        36,
        36,
        36,
        36,
        36,
        36,
        36,
        36,
        36,
        36,
        36,
        36,
        36,
        36,
        36,
        36,
        36,
        36,
        36,
        36,
        36,
        37,
        37,
        37,
        37,
        37,
        37,
        37,
        37,
        38,
        38,
        38,
        38,
        38,
        38,
        38,
        38,
        39,
        39,
        39,
        39,
        39,
        39,
        3,
        3,
        3,
        3,
        4,
        4,
        4,
        4,
        4,
        4,
        4,
        5,
        5,
        5,
        5,
        5,
        6,
        6,
        6,
        6,
        6,
        6,
        6,
        6,
        6,
        6,
        6,
        6,
        6,
        7,
        7,
        7,
        7,
        7,
        7,
        7,
        7,
        7,
        7,
        7,
        7,
        7,
        7,
        7,
        7,
        8,
        8,
        8,
        8,
        8,
        8,
        8,
        8,
        8,
        8,
        9,
        9,
        9,
        9,
        9,
        9,
        9,
        9,
        9,
        9,
        9,
        9
    ],
    "args": {
        "data_path": "dataset/activity_40/dataset_fold_5.csv",
        "modalities": "acc_gyr_mag",
        "sample_length": 30,
        "batch_size": 128,
        "num_epochs": 200,
        "learning_rate": 0.001,
        "device": "cuda",
        "random_init": false,
        "experiment_name": "activity_40/cnn_transformer/acc_gyr_mag/bsz128"
    },
    "training_config": {
        "num_epochs": 200,
        "batch_size": 128,
        "learning_rate": 0.001,
        "sample_length": 30,
        "device": "cuda",
        "in_channels": 45,
        "out_size": 40,
        "data_path": "dataset/activity_40/dataset_fold_5.csv",
        "modalities": "acc_gyr_mag",
        "random_init": false,
        "experiment_name": "activity_40/cnn_transformer/acc_gyr_mag/bsz128"
    }
}