{
    "timestamp": "20251130_045349",
    "best_metrics": {
        "accuracy": 36.666666666666664,
        "f1": 30.008880008880006,
        "precision": 34.464466089466086,
        "recall": 30.25,
        "roc_auc": NaN,
        "loss": 4.241415500640869
    },
    "best_epoch": 41,
    "best_predictions": [
        0,
        0,
        17,
        18,
        14,
        15,
        6,
        8,
        4,
        6,
        6,
        6,
        4,
        0,
        7,
        0,
        8,
        17,
        7,
        9,
        9,
        6,
        7,
        7,
        7,
        7,
        7,
        7,
        9,
        10,
        13,
        13,
        13,
        1,
        0,
        14,
        1,
        0,
        17,
        16,
        15,
        15,
        16,
        5,
        14,
        14,
        1,
        17,
        7,
        14,
        15,
        13,
        4,
        16,
        16,
        16,
        5,
        18,
        4,
        7,
        18,
        18,
        0,
        14,
        1,
        9,
        1,
        11,
        18,
        2,
        17,
        14,
        18,
        9,
        4,
        3,
        3,
        18,
        18,
        3,
        18,
        3,
        3,
        3,
        4,
        4,
        4,
        7,
        12,
        1
    ],
    "best_labels": [
        0,
        0,
        0,
        0,
        0,
        0,
        6,
        6,
        6,
        6,
        6,
        6,
        7,
        7,
        7,
        8,
        8,
        8,
        9,
        9,
        9,
        9,
        9,
        9,
        10,
        10,
        10,
        11,
        11,
        11,
        13,
        13,
        13,
        1,
        1,
        1,
        1,
        1,
        1,
        14,
        14,
        14,
        14,
        14,
        14,
        14,
        14,
        15,
        15,
        15,
        15,
        15,
        16,
        16,
        16,
        16,
        16,
        17,
        17,
        17,
        18,
        18,
        18,
        18,
        18,
        18,
        19,
        19,
        19,
        2,
        2,
        2,
        2,
        2,
        2,
        3,
        3,
        3,
        3,
        3,
        3,
        3,
        3,
        3,
        4,
        4,
        4,
        4,
        4,
        4
    ],
    "args": {
        "data_path": "data_imu/activity_20/dataset_user_12.csv",
        "modalities": "acc_gyr_mag",
        "sample_length": 30,
        "batch_size": 128,
        "num_epochs": 200,
        "learning_rate": 0.001,
        "device": "cuda",
        "random_init": false,
        "experiment_name": "activity_20/cross_user/cnn_transformer/acc_gyr_mag/bsz128_resample_all"
    },
    "training_config": {
        "num_epochs": 200,
        "batch_size": 128,
        "learning_rate": 0.001,
        "sample_length": 30,
        "device": "cuda",
        "in_channels": 45,
        "out_size": 20,
        "data_path": "data_imu/activity_20/dataset_user_12.csv",
        "modalities": "acc_gyr_mag",
        "random_init": false,
        "experiment_name": "activity_20/cross_user/cnn_transformer/acc_gyr_mag/bsz128_resample_all"
    }
}