{
    "timestamp": "20251130_052235",
    "best_metrics": {
        "accuracy": 30.0,
        "f1": 23.209782229390065,
        "precision": 24.616402116402114,
        "recall": 28.333333333333332,
        "roc_auc": NaN,
        "loss": 2.926574468612671
    },
    "best_epoch": 4,
    "best_predictions": [
        0,
        2,
        0,
        0,
        4,
        15,
        4,
        15,
        8,
        8,
        1,
        17,
        17,
        4,
        10,
        4,
        4,
        10,
        8,
        9,
        9,
        4,
        4,
        11,
        11,
        11,
        17,
        17,
        4,
        13,
        15,
        13,
        4,
        17,
        4,
        17,
        0,
        4,
        14,
        14,
        14,
        5,
        17,
        17,
        17,
        6,
        6,
        5,
        4,
        4,
        17,
        17,
        17,
        14,
        17,
        0,
        0,
        4,
        4,
        17
    ],
    "best_labels": [
        0,
        0,
        0,
        0,
        0,
        5,
        5,
        5,
        7,
        7,
        7,
        7,
        7,
        7,
        7,
        7,
        7,
        8,
        8,
        8,
        9,
        9,
        9,
        11,
        11,
        11,
        11,
        11,
        11,
        13,
        13,
        13,
        1,
        1,
        1,
        1,
        1,
        1,
        14,
        14,
        14,
        16,
        17,
        17,
        17,
        18,
        18,
        18,
        19,
        19,
        19,
        19,
        19,
        19,
        2,
        2,
        2,
        4,
        4,
        4
    ],
    "args": {
        "data_path": "data_imu/activity_20/dataset_user_15.csv",
        "modalities": "acc_gyr_mag",
        "sample_length": 30,
        "batch_size": 128,
        "num_epochs": 200,
        "learning_rate": 0.001,
        "device": "cuda",
        "random_init": false,
        "experiment_name": "activity_20/cross_user/cnn_transformer/acc_gyr_mag/bsz128_resample_all"
    },
    "training_config": {
        "num_epochs": 200,
        "batch_size": 128,
        "learning_rate": 0.001,
        "sample_length": 30,
        "device": "cuda",
        "in_channels": 45,
        "out_size": 20,
        "data_path": "data_imu/activity_20/dataset_user_15.csv",
        "modalities": "acc_gyr_mag",
        "random_init": false,
        "experiment_name": "activity_20/cross_user/cnn_transformer/acc_gyr_mag/bsz128_resample_all"
    }
}