{
    "timestamp": "20251130_043054",
    "best_metrics": {
        "accuracy": 38.88888888888889,
        "f1": 27.038239538239537,
        "precision": 33.07692307692307,
        "recall": 29.27777777777778,
        "roc_auc": NaN,
        "loss": 3.187340259552002
    },
    "best_epoch": 15,
    "best_predictions": [
        17,
        14,
        0,
        13,
        5,
        5,
        5,
        19,
        6,
        6,
        16,
        6,
        6,
        6,
        6,
        6,
        6,
        6,
        5,
        6,
        16,
        17,
        17,
        17,
        11,
        9,
        9,
        6,
        6,
        6,
        4,
        4,
        17,
        10,
        10,
        11,
        8,
        14,
        11,
        2,
        9,
        13,
        15,
        16,
        13,
        13,
        14,
        1,
        14,
        2,
        3,
        11,
        17,
        14,
        13,
        14,
        11,
        13,
        11,
        18,
        2,
        5,
        18,
        18,
        7,
        4,
        18,
        2,
        2,
        4,
        4,
        4
    ],
    "best_labels": [
        0,
        0,
        0,
        5,
        5,
        5,
        5,
        5,
        5,
        6,
        6,
        6,
        6,
        6,
        6,
        6,
        6,
        6,
        7,
        7,
        7,
        8,
        8,
        8,
        8,
        8,
        8,
        8,
        8,
        8,
        10,
        10,
        10,
        10,
        10,
        11,
        11,
        11,
        12,
        12,
        12,
        13,
        13,
        13,
        13,
        13,
        13,
        1,
        1,
        1,
        1,
        1,
        1,
        14,
        14,
        14,
        15,
        15,
        15,
        17,
        17,
        18,
        18,
        18,
        18,
        18,
        2,
        2,
        2,
        4,
        4,
        4
    ],
    "args": {
        "data_path": "data_imu/activity_20/dataset_user_10.csv",
        "modalities": "acc_gyr_mag",
        "sample_length": 30,
        "batch_size": 128,
        "num_epochs": 200,
        "learning_rate": 0.001,
        "device": "cuda",
        "random_init": false,
        "experiment_name": "activity_20/cross_user/cnn_transformer/acc_gyr_mag/bsz128"
    },
    "training_config": {
        "num_epochs": 200,
        "batch_size": 128,
        "learning_rate": 0.001,
        "sample_length": 30,
        "device": "cuda",
        "in_channels": 45,
        "out_size": 20,
        "data_path": "data_imu/activity_20/dataset_user_10.csv",
        "modalities": "acc_gyr_mag",
        "random_init": false,
        "experiment_name": "activity_20/cross_user/cnn_transformer/acc_gyr_mag/bsz128"
    }
}