{
    "timestamp": "20251130_055134",
    "best_metrics": {
        "accuracy": 45.65217391304348,
        "f1": 32.299995618416666,
        "precision": 32.44940476190475,
        "recall": 36.77777777777778,
        "roc_auc": NaN,
        "loss": 3.3499109745025635
    },
    "best_epoch": 12,
    "best_predictions": [
        0,
        0,
        0,
        5,
        14,
        5,
        8,
        8,
        8,
        9,
        5,
        8,
        0,
        8,
        8,
        4,
        19,
        8,
        8,
        8,
        8,
        8,
        8,
        9,
        17,
        12,
        5,
        5,
        17,
        11,
        9,
        15,
        10,
        17,
        5,
        9,
        11,
        4,
        4,
        17,
        17,
        5,
        5,
        5,
        15,
        15,
        15,
        9,
        1,
        1,
        14,
        14,
        14,
        14,
        14,
        14,
        14,
        14,
        14,
        16,
        15,
        15,
        15,
        15,
        5,
        4,
        8,
        8,
        17,
        10,
        9,
        4,
        8,
        17,
        9,
        2,
        2,
        8,
        9,
        2,
        2,
        2,
        1,
        2,
        2,
        2,
        3,
        13,
        3,
        3,
        3,
        3
    ],
    "best_labels": [
        0,
        0,
        0,
        5,
        5,
        5,
        6,
        6,
        6,
        7,
        7,
        7,
        7,
        7,
        8,
        8,
        8,
        8,
        8,
        8,
        8,
        8,
        8,
        9,
        9,
        9,
        9,
        9,
        9,
        10,
        10,
        10,
        10,
        10,
        10,
        11,
        11,
        11,
        11,
        11,
        11,
        11,
        11,
        11,
        13,
        13,
        13,
        1,
        1,
        1,
        14,
        14,
        14,
        14,
        14,
        14,
        14,
        14,
        14,
        15,
        15,
        15,
        15,
        15,
        16,
        16,
        16,
        16,
        17,
        17,
        17,
        17,
        17,
        17,
        18,
        18,
        18,
        19,
        19,
        19,
        2,
        2,
        2,
        2,
        2,
        2,
        3,
        3,
        3,
        3,
        3,
        3
    ],
    "args": {
        "data_path": "data_imu/activity_20/dataset_user_18.csv",
        "modalities": "acc_gyr_mag",
        "sample_length": 30,
        "batch_size": 128,
        "num_epochs": 200,
        "learning_rate": 0.001,
        "device": "cuda",
        "random_init": false,
        "experiment_name": "activity_20/cross_user/cnn_transformer/acc_gyr_mag/bsz128_resample_all"
    },
    "training_config": {
        "num_epochs": 200,
        "batch_size": 128,
        "learning_rate": 0.001,
        "sample_length": 30,
        "device": "cuda",
        "in_channels": 45,
        "out_size": 20,
        "data_path": "data_imu/activity_20/dataset_user_18.csv",
        "modalities": "acc_gyr_mag",
        "random_init": false,
        "experiment_name": "activity_20/cross_user/cnn_transformer/acc_gyr_mag/bsz128_resample_all"
    }
}