{
    "timestamp": "20251130_060114",
    "best_metrics": {
        "accuracy": 47.25274725274725,
        "f1": 38.274384894883504,
        "precision": 41.041064198958935,
        "recall": 38.803827751196174,
        "roc_auc": NaN,
        "loss": 3.3393423557281494
    },
    "best_epoch": 22,
    "best_predictions": [
        5,
        13,
        5,
        5,
        6,
        6,
        6,
        6,
        6,
        6,
        17,
        6,
        6,
        6,
        6,
        17,
        6,
        2,
        8,
        15,
        15,
        15,
        17,
        17,
        2,
        2,
        1,
        8,
        11,
        18,
        18,
        11,
        13,
        15,
        13,
        15,
        4,
        19,
        5,
        19,
        4,
        13,
        13,
        15,
        1,
        1,
        1,
        1,
        14,
        14,
        14,
        14,
        14,
        13,
        13,
        13,
        16,
        16,
        15,
        17,
        17,
        16,
        5,
        19,
        19,
        6,
        8,
        6,
        17,
        14,
        5,
        18,
        18,
        18,
        19,
        9,
        7,
        19,
        19,
        2,
        2,
        2,
        2,
        3,
        2,
        18,
        3,
        3,
        10,
        4,
        12
    ],
    "best_labels": [
        5,
        5,
        5,
        5,
        5,
        6,
        6,
        6,
        6,
        6,
        6,
        6,
        6,
        6,
        6,
        6,
        6,
        8,
        8,
        8,
        8,
        8,
        9,
        9,
        9,
        9,
        9,
        9,
        11,
        11,
        11,
        11,
        11,
        13,
        13,
        13,
        13,
        13,
        13,
        13,
        13,
        13,
        13,
        13,
        1,
        1,
        1,
        14,
        14,
        14,
        14,
        14,
        14,
        15,
        15,
        15,
        16,
        16,
        16,
        16,
        16,
        16,
        17,
        17,
        17,
        17,
        17,
        17,
        18,
        18,
        18,
        18,
        18,
        19,
        19,
        19,
        19,
        19,
        19,
        2,
        2,
        2,
        2,
        2,
        2,
        3,
        3,
        3,
        4,
        4,
        4
    ],
    "args": {
        "data_path": "data_imu/activity_20/dataset_user_19.csv",
        "modalities": "acc_gyr_mag",
        "sample_length": 30,
        "batch_size": 128,
        "num_epochs": 200,
        "learning_rate": 0.001,
        "device": "cuda",
        "random_init": false,
        "experiment_name": "activity_20/cross_user/cnn_transformer/acc_gyr_mag/bsz128_resample_all"
    },
    "training_config": {
        "num_epochs": 200,
        "batch_size": 128,
        "learning_rate": 0.001,
        "sample_length": 30,
        "device": "cuda",
        "in_channels": 45,
        "out_size": 20,
        "data_path": "data_imu/activity_20/dataset_user_19.csv",
        "modalities": "acc_gyr_mag",
        "random_init": false,
        "experiment_name": "activity_20/cross_user/cnn_transformer/acc_gyr_mag/bsz128_resample_all"
    }
}