{"train_top5":99.79669189453125,"_timestamp":1.7642221734227574e+09,"test_recall":0.8845931075192917,"test_top1":86.31050872802734,"_runtime":8876.181396867,"test_top5":99.21461486816406,"test_precision":0.8546348006112399,"test_auc_roc":0.9976434453185349,"train_loss":0.2887730499108632,"train_top1":89.99223327636719,"test_f1":0.8653408174413528,"test_loss":0.36782212016245003,"_step":100,"_wandb":{"runtime":8876}}