Metric,Value
BERTScore_P,0.8479717373847961
BERTScore_R,0.853567898273468
BERTScore_F1,0.8507038950920105
ROUGE-1_F1,0.15654618004418447
ROUGE-2_F1,0.013175670166902496
ROUGE-L_F1,0.14261520548595616
BLEU-1,0.1869331103685529
BLEU-2,0.04604822712699401
BLEU-3,0.01775134317135172
BLEU-4,0.009512810265963251
METEOR,0.17000257417623857
