Metric,Value
BERTScore_P,0.8400092720985413
BERTScore_R,0.8494942784309387
BERTScore_F1,0.8447206616401672
ROUGE-1_F1,0.12837228665796765
ROUGE-2_F1,0.018190146067831505
ROUGE-L_F1,0.12014183398307055
BLEU-1,0.18314358697319544
BLEU-2,0.06770898543216052
BLEU-3,0.024970092462897414
BLEU-4,0.010897674958600079
METEOR,0.2085782096892371
