{
    "timestamp": "20251130_035525",
    "best_metrics": {
        "accuracy": 24.210526315789473,
        "f1": 21.052281052281053,
        "precision": 27.125,
        "recall": 23.559523809523807,
        "roc_auc": NaN,
        "loss": 4.479147434234619
    },
    "best_epoch": 16,
    "best_predictions": [
        17,
        11,
        9,
        5,
        8,
        3,
        5,
        16,
        5,
        6,
        8,
        6,
        6,
        8,
        6,
        6,
        8,
        6,
        8,
        6,
        6,
        4,
        16,
        8,
        15,
        15,
        16,
        12,
        1,
        1,
        18,
        18,
        18,
        12,
        12,
        1,
        12,
        18,
        10,
        11,
        18,
        11,
        6,
        15,
        9,
        6,
        15,
        9,
        4,
        16,
        8,
        16,
        13,
        13,
        1,
        17,
        13,
        14,
        1,
        2,
        8,
        13,
        17,
        9,
        16,
        16,
        12,
        16,
        18,
        15,
        18,
        12,
        12,
        18,
        1,
        1,
        19,
        0,
        2,
        1,
        4,
        4,
        19,
        8,
        18,
        7,
        11,
        8,
        18,
        19,
        1,
        1,
        4,
        7,
        19
    ],
    "best_labels": [
        0,
        0,
        0,
        5,
        5,
        5,
        5,
        5,
        5,
        6,
        6,
        6,
        7,
        7,
        7,
        8,
        8,
        8,
        8,
        8,
        8,
        8,
        8,
        8,
        8,
        8,
        8,
        9,
        9,
        9,
        9,
        9,
        9,
        10,
        10,
        10,
        10,
        10,
        10,
        11,
        11,
        11,
        11,
        11,
        11,
        12,
        12,
        12,
        12,
        12,
        12,
        13,
        13,
        13,
        1,
        1,
        15,
        15,
        15,
        15,
        15,
        16,
        16,
        16,
        16,
        16,
        16,
        16,
        17,
        17,
        17,
        18,
        18,
        18,
        19,
        19,
        19,
        2,
        2,
        2,
        4,
        4,
        4,
        4,
        4,
        4,
        4,
        4,
        4,
        4,
        4,
        4,
        4,
        4,
        4
    ],
    "args": {
        "data_path": "data_imu/activity_20/dataset_user_6.csv",
        "modalities": "acc_gyr_mag",
        "sample_length": 30,
        "batch_size": 128,
        "num_epochs": 200,
        "learning_rate": 0.001,
        "device": "cuda",
        "random_init": false,
        "experiment_name": "activity_20/cross_user/cnn_transformer/acc_gyr_mag/bsz128_resample_all"
    },
    "training_config": {
        "num_epochs": 200,
        "batch_size": 128,
        "learning_rate": 0.001,
        "sample_length": 30,
        "device": "cuda",
        "in_channels": 45,
        "out_size": 20,
        "data_path": "data_imu/activity_20/dataset_user_6.csv",
        "modalities": "acc_gyr_mag",
        "random_init": false,
        "experiment_name": "activity_20/cross_user/cnn_transformer/acc_gyr_mag/bsz128_resample_all"
    }
}