{
    "timestamp": "20251130_070513",
    "best_metrics": {
        "accuracy": 48.93617021276596,
        "f1": 45.02334267040149,
        "precision": 50.49019607843137,
        "recall": 45.09803921568627,
        "roc_auc": NaN,
        "loss": 2.6364004611968994
    },
    "best_epoch": 8,
    "best_predictions": [
        5,
        5,
        5,
        9,
        11,
        7,
        7,
        12,
        7,
        10,
        9,
        10,
        7,
        11,
        12,
        13,
        13,
        13,
        12,
        7,
        7,
        14,
        14,
        14,
        15,
        15,
        15,
        16,
        15,
        10,
        10,
        9,
        7,
        7,
        7,
        9,
        10,
        9,
        10,
        9,
        2,
        3,
        3,
        3,
        4,
        4,
        4
    ],
    "best_labels": [
        5,
        5,
        5,
        8,
        8,
        8,
        9,
        9,
        9,
        10,
        10,
        10,
        11,
        11,
        11,
        13,
        13,
        13,
        1,
        1,
        1,
        14,
        14,
        14,
        15,
        15,
        15,
        16,
        16,
        17,
        17,
        17,
        18,
        18,
        18,
        2,
        2,
        2,
        2,
        2,
        2,
        3,
        3,
        3,
        4,
        4,
        4
    ],
    "args": {
        "data_path": "data_imu/activity_20/dataset_user_26.csv",
        "modalities": "acc_gyr_mag",
        "sample_length": 30,
        "batch_size": 128,
        "num_epochs": 200,
        "learning_rate": 0.001,
        "device": "cuda",
        "random_init": false,
        "experiment_name": "activity_20/cross_user/cnn_transformer/acc_gyr_mag/bsz128"
    },
    "training_config": {
        "num_epochs": 200,
        "batch_size": 128,
        "learning_rate": 0.001,
        "sample_length": 30,
        "device": "cuda",
        "in_channels": 45,
        "out_size": 20,
        "data_path": "data_imu/activity_20/dataset_user_26.csv",
        "modalities": "acc_gyr_mag",
        "random_init": false,
        "experiment_name": "activity_20/cross_user/cnn_transformer/acc_gyr_mag/bsz128"
    }
}