{
    "timestamp": "20251130_032622",
    "best_metrics": {
        "accuracy": 32.8125,
        "f1": 23.27067669172932,
        "precision": 26.403508771929822,
        "recall": 24.64114832535885,
        "roc_auc": NaN,
        "loss": 4.68618631362915
    },
    "best_epoch": 35,
    "best_predictions": [
        6,
        6,
        7,
        10,
        9,
        7,
        5,
        9,
        9,
        10,
        10,
        9,
        10,
        14,
        13,
        12,
        18,
        7,
        10,
        7,
        13,
        3,
        11,
        15,
        14,
        17,
        13,
        1,
        14,
        15,
        15,
        12,
        8,
        15,
        4,
        15,
        16,
        2,
        16,
        8,
        10,
        17,
        6,
        6,
        13,
        18,
        18,
        18,
        6,
        8,
        3,
        12,
        3,
        16,
        10,
        6,
        4,
        4,
        10,
        10,
        10,
        5,
        14,
        13
    ],
    "best_labels": [
        6,
        6,
        6,
        9,
        9,
        9,
        9,
        9,
        10,
        10,
        10,
        10,
        10,
        11,
        11,
        11,
        11,
        11,
        11,
        11,
        13,
        13,
        1,
        1,
        14,
        14,
        14,
        14,
        14,
        15,
        15,
        15,
        15,
        15,
        16,
        16,
        17,
        17,
        17,
        17,
        17,
        17,
        18,
        18,
        18,
        18,
        18,
        18,
        19,
        19,
        3,
        3,
        3,
        4,
        4,
        4,
        4,
        4,
        4,
        4,
        4,
        4,
        4,
        4
    ],
    "args": {
        "data_path": "data_imu/activity_20/dataset_user_3.csv",
        "modalities": "acc_gyr_mag",
        "sample_length": 30,
        "batch_size": 128,
        "num_epochs": 200,
        "learning_rate": 0.001,
        "device": "cuda",
        "random_init": false,
        "experiment_name": "activity_20/cross_user/cnn_transformer/acc_gyr_mag/bsz128_resample_all"
    },
    "training_config": {
        "num_epochs": 200,
        "batch_size": 128,
        "learning_rate": 0.001,
        "sample_length": 30,
        "device": "cuda",
        "in_channels": 45,
        "out_size": 20,
        "data_path": "data_imu/activity_20/dataset_user_3.csv",
        "modalities": "acc_gyr_mag",
        "random_init": false,
        "experiment_name": "activity_20/cross_user/cnn_transformer/acc_gyr_mag/bsz128_resample_all"
    }
}