{
    "timestamp": "20251130_073358",
    "best_metrics": {
        "accuracy": 47.76119402985074,
        "f1": 35.803117543313626,
        "precision": 37.26851851851852,
        "recall": 39.50617283950616,
        "roc_auc": NaN,
        "loss": 1.8124799728393555
    },
    "best_epoch": 6,
    "best_predictions": [
        11,
        11,
        11,
        18,
        7,
        18,
        6,
        6,
        6,
        6,
        6,
        6,
        19,
        4,
        11,
        6,
        6,
        11,
        19,
        9,
        19,
        19,
        9,
        19,
        11,
        11,
        11,
        9,
        10,
        18,
        10,
        9,
        18,
        14,
        0,
        14,
        15,
        11,
        15,
        15,
        15,
        15,
        15,
        16,
        15,
        15,
        17,
        17,
        11,
        18,
        18,
        18,
        18,
        2,
        18,
        18,
        2,
        2,
        3,
        3,
        3,
        9,
        11,
        11,
        4,
        9,
        5
    ],
    "best_labels": [
        0,
        0,
        0,
        5,
        5,
        5,
        6,
        6,
        6,
        6,
        6,
        6,
        7,
        7,
        7,
        8,
        8,
        8,
        9,
        9,
        9,
        10,
        10,
        10,
        11,
        11,
        11,
        12,
        12,
        12,
        12,
        12,
        12,
        14,
        14,
        14,
        15,
        15,
        15,
        15,
        15,
        15,
        15,
        15,
        15,
        16,
        17,
        17,
        17,
        18,
        18,
        18,
        18,
        18,
        18,
        2,
        2,
        2,
        3,
        3,
        3,
        4,
        4,
        4,
        4,
        4,
        4
    ],
    "args": {
        "data_path": "data_imu/activity_20/dataset_user_29.csv",
        "modalities": "acc_gyr_mag",
        "sample_length": 30,
        "batch_size": 128,
        "num_epochs": 200,
        "learning_rate": 0.001,
        "device": "cuda",
        "random_init": false,
        "experiment_name": "activity_20/cross_user/cnn_transformer/acc_gyr_mag/bsz128"
    },
    "training_config": {
        "num_epochs": 200,
        "batch_size": 128,
        "learning_rate": 0.001,
        "sample_length": 30,
        "device": "cuda",
        "in_channels": 45,
        "out_size": 20,
        "data_path": "data_imu/activity_20/dataset_user_29.csv",
        "modalities": "acc_gyr_mag",
        "random_init": false,
        "experiment_name": "activity_20/cross_user/cnn_transformer/acc_gyr_mag/bsz128"
    }
}