{"test_recall":0.8985725724147636,"test_f1":0.8798262312531576,"train_loss":0.2783558065166122,"_runtime":1081.216169454,"test_auc_roc":0.9978326607249821,"_step":100,"test_precision":0.8677428165332242,"_wandb":{"runtime":1081},"test_top5":99.4671630859375,"test_loss":0.3316767820015481,"train_top1":90.29017639160156,"train_top5":99.85598754882812,"_timestamp":1.7642417826408987e+09,"test_top1":86.9815673828125}