{
    "timestamp": "20251128_040808",
    "best_metrics": {
        "accuracy": 30.555555555555557,
        "f1": 20.170384757936503,
        "precision": 21.162850672719095,
        "recall": 21.458700000979416,
        "roc_auc": 81.67264326504117,
        "loss": 3.7082082430521646
    },
    "best_epoch": 13,
    "best_predictions": [
        24,
        26,
        36,
        23,
        36,
        37,
        7,
        20,
        7,
        12,
        17,
        10,
        10,
        6,
        9,
        8,
        9,
        36,
        14,
        36,
        10,
        23,
        4,
        4,
        17,
        27,
        12,
        36,
        38,
        36,
        12,
        12,
        21,
        12,
        38,
        18,
        7,
        36,
        8,
        15,
        8,
        10,
        17,
        36,
        20,
        38,
        5,
        4,
        8,
        17,
        10,
        17,
        17,
        17,
        27,
        17,
        17,
        20,
        7,
        6,
        24,
        39,
        26,
        23,
        21,
        19,
        1,
        31,
        17,
        37,
        8,
        20,
        6,
        20,
        20,
        20,
        21,
        21,
        19,
        29,
        18,
        18,
        18,
        24,
        7,
        22,
        22,
        26,
        9,
        21,
        21,
        21,
        11,
        27,
        27,
        22,
        23,
        38,
        36,
        21,
        12,
        6,
        36,
        27,
        8,
        7,
        7,
        20,
        3,
        26,
        27,
        26,
        21,
        7,
        24,
        26,
        26,
        26,
        23,
        31,
        23,
        13,
        35,
        32,
        35,
        36,
        36,
        31,
        34,
        39,
        12,
        18,
        7,
        12,
        36,
        31,
        30,
        30,
        36,
        28,
        36,
        37,
        31,
        38,
        23,
        34,
        31,
        32,
        32,
        36,
        32,
        32,
        31,
        36,
        6,
        21,
        17,
        36,
        34,
        36,
        37,
        36,
        36,
        9,
        36,
        36,
        36,
        36,
        36,
        36,
        36,
        36,
        36,
        36,
        36,
        36,
        36,
        36,
        36,
        36,
        36,
        36,
        36,
        36,
        36,
        34,
        17,
        36,
        36,
        36,
        36,
        36,
        36,
        36,
        36,
        36,
        36,
        36,
        36,
        38,
        10,
        26,
        37,
        23,
        37,
        31,
        36,
        23,
        37,
        4,
        38,
        38,
        4,
        4,
        23,
        9,
        1,
        17,
        21,
        38,
        21,
        12,
        3,
        3,
        39,
        11,
        11,
        24,
        4,
        22,
        8,
        4,
        5,
        5,
        5,
        3,
        5,
        6,
        20,
        17,
        6,
        9,
        6,
        6,
        7,
        7,
        39,
        6,
        6,
        6,
        7,
        38,
        37,
        7,
        18,
        21,
        11,
        37,
        11,
        10,
        7,
        10,
        11,
        27,
        10,
        37,
        10,
        23,
        7,
        7,
        17,
        6,
        23,
        6,
        37,
        9,
        7,
        9,
        9,
        9,
        17,
        18,
        7,
        7,
        37,
        9,
        9,
        9
    ],
    "best_labels": [
        0,
        0,
        0,
        0,
        0,
        0,
        10,
        10,
        10,
        10,
        10,
        10,
        10,
        10,
        10,
        10,
        10,
        11,
        11,
        11,
        11,
        11,
        11,
        11,
        11,
        11,
        11,
        12,
        12,
        12,
        12,
        12,
        12,
        13,
        13,
        13,
        13,
        13,
        14,
        14,
        14,
        14,
        15,
        15,
        15,
        15,
        16,
        16,
        16,
        17,
        17,
        17,
        17,
        17,
        17,
        17,
        17,
        18,
        18,
        18,
        18,
        19,
        19,
        19,
        19,
        19,
        1,
        1,
        1,
        1,
        20,
        20,
        20,
        20,
        20,
        20,
        20,
        20,
        20,
        20,
        21,
        21,
        21,
        21,
        21,
        21,
        21,
        22,
        22,
        22,
        22,
        22,
        22,
        23,
        23,
        23,
        23,
        23,
        23,
        23,
        23,
        24,
        24,
        24,
        24,
        24,
        24,
        25,
        25,
        26,
        26,
        26,
        26,
        27,
        27,
        27,
        27,
        27,
        28,
        28,
        28,
        29,
        29,
        29,
        29,
        29,
        29,
        29,
        2,
        2,
        2,
        2,
        2,
        2,
        30,
        30,
        30,
        30,
        30,
        31,
        31,
        31,
        31,
        31,
        31,
        31,
        31,
        32,
        32,
        32,
        32,
        32,
        32,
        33,
        33,
        34,
        34,
        34,
        34,
        34,
        34,
        34,
        35,
        35,
        35,
        36,
        36,
        36,
        36,
        36,
        36,
        36,
        36,
        36,
        36,
        36,
        36,
        36,
        36,
        36,
        36,
        36,
        36,
        36,
        36,
        36,
        36,
        36,
        36,
        36,
        36,
        36,
        36,
        36,
        36,
        36,
        36,
        36,
        36,
        37,
        37,
        37,
        37,
        37,
        37,
        37,
        37,
        38,
        38,
        38,
        38,
        38,
        38,
        38,
        38,
        39,
        39,
        39,
        39,
        39,
        39,
        3,
        3,
        3,
        4,
        4,
        4,
        4,
        4,
        4,
        4,
        4,
        5,
        5,
        5,
        5,
        5,
        6,
        6,
        6,
        6,
        6,
        6,
        6,
        6,
        6,
        6,
        6,
        6,
        6,
        7,
        7,
        7,
        7,
        7,
        7,
        7,
        7,
        7,
        7,
        7,
        7,
        7,
        7,
        7,
        7,
        8,
        8,
        8,
        8,
        8,
        8,
        8,
        8,
        8,
        8,
        9,
        9,
        9,
        9,
        9,
        9,
        9,
        9,
        9,
        9,
        9,
        9
    ],
    "args": {
        "data_path": "dataset/activity_40/dataset_fold_1.csv",
        "modalities": "acc_gyr_mag",
        "sample_length": 30,
        "batch_size": 128,
        "num_epochs": 200,
        "learning_rate": 0.001,
        "device": "cuda",
        "random_init": false,
        "experiment_name": "activity_40/cnn_transformer/acc_gyr_mag/bsz128"
    },
    "training_config": {
        "num_epochs": 200,
        "batch_size": 128,
        "learning_rate": 0.001,
        "sample_length": 30,
        "device": "cuda",
        "in_channels": 45,
        "out_size": 40,
        "data_path": "dataset/activity_40/dataset_fold_1.csv",
        "modalities": "acc_gyr_mag",
        "random_init": false,
        "experiment_name": "activity_40/cnn_transformer/acc_gyr_mag/bsz128"
    }
}