Metric,Value
BERTScore_P,0.8635421991348267
BERTScore_R,0.8512498140335083
BERTScore_F1,0.8572177290916443
ROUGE-1_F1,0.14959548210979903
ROUGE-2_F1,0.014091469326253686
ROUGE-L_F1,0.13330365746190412
BLEU-1,0.1867473953626965
BLEU-2,0.051920340430475345
BLEU-3,0.018374402381230656
BLEU-4,0.010597284131367048
METEOR,0.16411518142102183
