{
    "timestamp": "20251130_044030",
    "best_metrics": {
        "accuracy": 23.684210526315788,
        "f1": 18.012369633761825,
        "precision": 23.572874493927127,
        "recall": 19.12280701754386,
        "roc_auc": NaN,
        "loss": 3.308929443359375
    },
    "best_epoch": 5,
    "best_predictions": [
        11,
        11,
        13,
        11,
        18,
        4,
        4,
        4,
        4,
        8,
        9,
        9,
        6,
        6,
        4,
        4,
        4,
        2,
        11,
        4,
        4,
        11,
        11,
        17,
        4,
        16,
        16,
        6,
        11,
        4,
        13,
        16,
        0,
        5,
        0,
        11,
        18,
        1,
        15,
        13,
        16,
        15,
        15,
        15,
        4,
        4,
        4,
        19,
        4,
        4,
        4,
        4,
        4,
        10,
        4,
        10,
        1,
        1,
        14,
        1,
        1,
        14,
        4,
        4,
        18,
        2,
        2,
        2,
        3,
        18,
        3,
        4,
        4,
        4,
        6,
        4
    ],
    "best_labels": [
        0,
        0,
        0,
        0,
        0,
        0,
        5,
        5,
        5,
        8,
        8,
        8,
        8,
        8,
        8,
        10,
        10,
        10,
        11,
        11,
        11,
        11,
        11,
        11,
        12,
        12,
        12,
        12,
        12,
        12,
        12,
        12,
        13,
        13,
        13,
        1,
        1,
        1,
        15,
        15,
        15,
        15,
        15,
        15,
        17,
        17,
        17,
        18,
        18,
        18,
        18,
        18,
        18,
        18,
        18,
        18,
        19,
        19,
        19,
        19,
        19,
        19,
        2,
        2,
        2,
        2,
        2,
        2,
        3,
        3,
        3,
        4,
        4,
        4,
        4,
        4
    ],
    "args": {
        "data_path": "data_imu/activity_20/dataset_user_11.csv",
        "modalities": "acc_gyr_mag",
        "sample_length": 30,
        "batch_size": 128,
        "num_epochs": 200,
        "learning_rate": 0.001,
        "device": "cuda",
        "random_init": false,
        "experiment_name": "activity_20/cross_user/cnn_transformer/acc_gyr_mag/bsz128"
    },
    "training_config": {
        "num_epochs": 200,
        "batch_size": 128,
        "learning_rate": 0.001,
        "sample_length": 30,
        "device": "cuda",
        "in_channels": 45,
        "out_size": 20,
        "data_path": "data_imu/activity_20/dataset_user_11.csv",
        "modalities": "acc_gyr_mag",
        "random_init": false,
        "experiment_name": "activity_20/cross_user/cnn_transformer/acc_gyr_mag/bsz128"
    }
}