{
    "timestamp": "20251130_054757",
    "best_metrics": {
        "accuracy": 44.565217391304344,
        "f1": 35.207355243203374,
        "precision": 35.31641604010024,
        "recall": 36.081871345029235,
        "roc_auc": NaN,
        "loss": 3.999211072921753
    },
    "best_epoch": 32,
    "best_predictions": [
        17,
        1,
        17,
        5,
        11,
        5,
        4,
        4,
        4,
        17,
        17,
        15,
        0,
        8,
        11,
        8,
        19,
        8,
        8,
        8,
        8,
        8,
        8,
        4,
        10,
        18,
        17,
        17,
        17,
        11,
        14,
        11,
        17,
        17,
        17,
        11,
        18,
        11,
        11,
        11,
        4,
        17,
        17,
        17,
        13,
        13,
        15,
        9,
        1,
        1,
        14,
        14,
        14,
        14,
        14,
        14,
        14,
        14,
        14,
        15,
        15,
        15,
        15,
        16,
        17,
        19,
        4,
        5,
        17,
        1,
        9,
        4,
        8,
        9,
        19,
        19,
        2,
        8,
        17,
        2,
        2,
        2,
        2,
        2,
        2,
        16,
        3,
        3,
        3,
        18,
        3,
        3
    ],
    "best_labels": [
        0,
        0,
        0,
        5,
        5,
        5,
        6,
        6,
        6,
        7,
        7,
        7,
        7,
        7,
        8,
        8,
        8,
        8,
        8,
        8,
        8,
        8,
        8,
        9,
        9,
        9,
        9,
        9,
        9,
        10,
        10,
        10,
        10,
        10,
        10,
        11,
        11,
        11,
        11,
        11,
        11,
        11,
        11,
        11,
        13,
        13,
        13,
        1,
        1,
        1,
        14,
        14,
        14,
        14,
        14,
        14,
        14,
        14,
        14,
        15,
        15,
        15,
        15,
        15,
        16,
        16,
        16,
        16,
        17,
        17,
        17,
        17,
        17,
        17,
        18,
        18,
        18,
        19,
        19,
        19,
        2,
        2,
        2,
        2,
        2,
        2,
        3,
        3,
        3,
        3,
        3,
        3
    ],
    "args": {
        "data_path": "data_imu/activity_20/dataset_user_18.csv",
        "modalities": "acc_gyr_mag",
        "sample_length": 30,
        "batch_size": 128,
        "num_epochs": 200,
        "learning_rate": 0.001,
        "device": "cuda",
        "random_init": false,
        "experiment_name": "activity_20/cross_user/cnn_transformer/acc_gyr_mag/bsz128"
    },
    "training_config": {
        "num_epochs": 200,
        "batch_size": 128,
        "learning_rate": 0.001,
        "sample_length": 30,
        "device": "cuda",
        "in_channels": 45,
        "out_size": 20,
        "data_path": "data_imu/activity_20/dataset_user_18.csv",
        "modalities": "acc_gyr_mag",
        "random_init": false,
        "experiment_name": "activity_20/cross_user/cnn_transformer/acc_gyr_mag/bsz128"
    }
}