{
    "timestamp": "20251130_045949",
    "best_metrics": {
        "accuracy": 36.61971830985916,
        "f1": 26.50375939849624,
        "precision": 31.321105794790004,
        "recall": 27.105263157894736,
        "roc_auc": NaN,
        "loss": 4.270090579986572
    },
    "best_epoch": 23,
    "best_predictions": [
        0,
        2,
        1,
        5,
        5,
        5,
        4,
        6,
        4,
        6,
        9,
        10,
        4,
        10,
        12,
        12,
        10,
        4,
        10,
        15,
        13,
        13,
        13,
        13,
        14,
        13,
        19,
        2,
        19,
        14,
        14,
        6,
        11,
        6,
        13,
        15,
        15,
        15,
        15,
        15,
        15,
        4,
        13,
        16,
        1,
        13,
        15,
        10,
        13,
        12,
        18,
        1,
        19,
        17,
        1,
        17,
        11,
        15,
        15,
        5,
        5,
        15,
        17,
        1,
        2,
        3,
        3,
        3,
        3,
        3,
        3
    ],
    "best_labels": [
        0,
        0,
        0,
        5,
        5,
        5,
        6,
        6,
        6,
        7,
        7,
        7,
        7,
        9,
        11,
        11,
        11,
        12,
        12,
        12,
        13,
        13,
        13,
        13,
        13,
        13,
        1,
        1,
        1,
        14,
        14,
        14,
        14,
        14,
        15,
        15,
        15,
        15,
        15,
        15,
        15,
        15,
        15,
        16,
        16,
        16,
        16,
        17,
        17,
        17,
        17,
        17,
        17,
        18,
        18,
        18,
        18,
        18,
        18,
        19,
        19,
        19,
        2,
        2,
        2,
        3,
        3,
        3,
        3,
        3,
        3
    ],
    "args": {
        "data_path": "data_imu/activity_20/dataset_user_13.csv",
        "modalities": "acc_gyr_mag",
        "sample_length": 30,
        "batch_size": 128,
        "num_epochs": 200,
        "learning_rate": 0.001,
        "device": "cuda",
        "random_init": false,
        "experiment_name": "activity_20/cross_user/cnn_transformer/acc_gyr_mag/bsz128"
    },
    "training_config": {
        "num_epochs": 200,
        "batch_size": 128,
        "learning_rate": 0.001,
        "sample_length": 30,
        "device": "cuda",
        "in_channels": 45,
        "out_size": 20,
        "data_path": "data_imu/activity_20/dataset_user_13.csv",
        "modalities": "acc_gyr_mag",
        "random_init": false,
        "experiment_name": "activity_20/cross_user/cnn_transformer/acc_gyr_mag/bsz128"
    }
}