{
    "timestamp": "20251130_054154",
    "best_metrics": {
        "accuracy": 52.56410256410257,
        "f1": 41.748530107663235,
        "precision": 46.12781954887218,
        "recall": 44.15204678362573,
        "roc_auc": NaN,
        "loss": 2.197235584259033
    },
    "best_epoch": 8,
    "best_predictions": [
        5,
        5,
        5,
        6,
        6,
        6,
        10,
        1,
        1,
        8,
        8,
        8,
        7,
        9,
        9,
        11,
        11,
        12,
        11,
        11,
        11,
        1,
        1,
        1,
        5,
        13,
        13,
        5,
        1,
        11,
        14,
        14,
        14,
        14,
        14,
        14,
        11,
        15,
        14,
        16,
        16,
        16,
        16,
        16,
        15,
        16,
        16,
        4,
        10,
        19,
        8,
        3,
        5,
        6,
        5,
        5,
        9,
        2,
        18,
        17,
        19,
        2,
        18,
        5,
        3,
        3,
        3,
        3,
        3,
        1,
        4,
        1,
        14,
        19,
        16,
        10,
        18,
        5
    ],
    "best_labels": [
        5,
        5,
        5,
        6,
        6,
        6,
        8,
        8,
        8,
        8,
        8,
        8,
        9,
        9,
        9,
        11,
        11,
        11,
        11,
        11,
        11,
        12,
        12,
        12,
        13,
        13,
        13,
        1,
        1,
        1,
        14,
        14,
        14,
        14,
        14,
        14,
        15,
        15,
        15,
        16,
        16,
        16,
        16,
        16,
        16,
        16,
        16,
        16,
        17,
        17,
        17,
        19,
        19,
        19,
        19,
        19,
        19,
        2,
        2,
        2,
        2,
        2,
        2,
        3,
        3,
        3,
        3,
        3,
        3,
        4,
        4,
        4,
        4,
        4,
        4,
        4,
        4,
        4
    ],
    "args": {
        "data_path": "data_imu/activity_20/dataset_user_17.csv",
        "modalities": "acc_gyr_mag",
        "sample_length": 30,
        "batch_size": 128,
        "num_epochs": 200,
        "learning_rate": 0.001,
        "device": "cuda",
        "random_init": false,
        "experiment_name": "activity_20/cross_user/cnn_transformer/acc_gyr_mag/bsz128_resample_all"
    },
    "training_config": {
        "num_epochs": 200,
        "batch_size": 128,
        "learning_rate": 0.001,
        "sample_length": 30,
        "device": "cuda",
        "in_channels": 45,
        "out_size": 20,
        "data_path": "data_imu/activity_20/dataset_user_17.csv",
        "modalities": "acc_gyr_mag",
        "random_init": false,
        "experiment_name": "activity_20/cross_user/cnn_transformer/acc_gyr_mag/bsz128_resample_all"
    }
}