{
    "timestamp": "20251128_042347",
    "best_metrics": {
        "accuracy": 30.66202090592334,
        "f1": 21.01320479424747,
        "precision": 24.630855594270223,
        "recall": 21.68935149817503,
        "roc_auc": 80.11972276606166,
        "loss": 3.8569655418395996
    },
    "best_epoch": 36,
    "best_predictions": [
        27,
        0,
        3,
        27,
        22,
        9,
        10,
        10,
        9,
        10,
        18,
        12,
        6,
        9,
        11,
        10,
        17,
        11,
        10,
        9,
        24,
        7,
        7,
        7,
        7,
        7,
        7,
        12,
        4,
        38,
        13,
        7,
        21,
        36,
        10,
        29,
        36,
        38,
        9,
        6,
        14,
        12,
        38,
        10,
        15,
        1,
        12,
        5,
        20,
        18,
        17,
        17,
        24,
        9,
        12,
        17,
        7,
        8,
        12,
        38,
        18,
        17,
        20,
        20,
        18,
        1,
        1,
        1,
        4,
        21,
        6,
        20,
        11,
        37,
        23,
        6,
        15,
        15,
        18,
        8,
        21,
        22,
        22,
        21,
        21,
        26,
        21,
        20,
        23,
        9,
        21,
        8,
        22,
        8,
        6,
        23,
        27,
        23,
        7,
        24,
        23,
        8,
        21,
        10,
        38,
        7,
        24,
        37,
        23,
        18,
        7,
        6,
        27,
        18,
        24,
        18,
        24,
        28,
        28,
        31,
        2,
        6,
        30,
        23,
        23,
        24,
        32,
        12,
        1,
        0,
        1,
        27,
        11,
        4,
        5,
        30,
        28,
        31,
        17,
        36,
        37,
        29,
        29,
        7,
        29,
        27,
        31,
        20,
        32,
        36,
        32,
        23,
        17,
        28,
        36,
        36,
        34,
        8,
        37,
        2,
        11,
        20,
        36,
        36,
        36,
        36,
        36,
        36,
        36,
        36,
        36,
        36,
        11,
        36,
        36,
        36,
        36,
        36,
        36,
        36,
        36,
        36,
        36,
        36,
        36,
        36,
        36,
        36,
        36,
        36,
        36,
        36,
        36,
        2,
        36,
        36,
        36,
        9,
        29,
        8,
        11,
        19,
        7,
        4,
        20,
        18,
        12,
        7,
        23,
        26,
        15,
        10,
        30,
        1,
        37,
        10,
        31,
        31,
        9,
        21,
        3,
        3,
        16,
        36,
        4,
        27,
        38,
        4,
        4,
        11,
        36,
        3,
        5,
        15,
        5,
        38,
        5,
        7,
        6,
        6,
        6,
        7,
        7,
        7,
        6,
        17,
        6,
        8,
        6,
        1,
        6,
        8,
        7,
        6,
        7,
        7,
        6,
        7,
        7,
        6,
        6,
        24,
        7,
        7,
        6,
        7,
        9,
        2,
        8,
        7,
        7,
        4,
        7,
        8,
        7,
        8,
        10,
        10,
        10,
        7,
        6,
        7,
        9,
        10,
        10,
        9,
        1
    ],
    "best_labels": [
        0,
        0,
        0,
        0,
        0,
        10,
        10,
        10,
        10,
        10,
        10,
        10,
        10,
        10,
        10,
        10,
        11,
        11,
        11,
        11,
        11,
        11,
        11,
        11,
        11,
        11,
        11,
        12,
        12,
        12,
        12,
        12,
        12,
        13,
        13,
        13,
        13,
        14,
        14,
        14,
        14,
        15,
        15,
        15,
        15,
        15,
        16,
        16,
        17,
        17,
        17,
        17,
        17,
        17,
        17,
        17,
        18,
        18,
        18,
        18,
        18,
        19,
        19,
        19,
        19,
        1,
        1,
        1,
        1,
        1,
        20,
        20,
        20,
        20,
        20,
        20,
        20,
        20,
        20,
        21,
        21,
        21,
        21,
        21,
        21,
        21,
        22,
        22,
        22,
        22,
        22,
        22,
        23,
        23,
        23,
        23,
        23,
        23,
        23,
        23,
        23,
        24,
        24,
        24,
        24,
        24,
        24,
        25,
        26,
        26,
        26,
        26,
        27,
        27,
        27,
        27,
        27,
        28,
        28,
        28,
        28,
        29,
        29,
        29,
        29,
        29,
        29,
        29,
        2,
        2,
        2,
        2,
        2,
        2,
        30,
        30,
        30,
        30,
        31,
        31,
        31,
        31,
        31,
        31,
        31,
        31,
        31,
        32,
        32,
        32,
        32,
        32,
        32,
        33,
        34,
        34,
        34,
        34,
        34,
        34,
        34,
        34,
        35,
        35,
        35,
        36,
        36,
        36,
        36,
        36,
        36,
        36,
        36,
        36,
        36,
        36,
        36,
        36,
        36,
        36,
        36,
        36,
        36,
        36,
        36,
        36,
        36,
        36,
        36,
        36,
        36,
        36,
        36,
        36,
        36,
        36,
        36,
        36,
        36,
        37,
        37,
        37,
        37,
        37,
        37,
        37,
        38,
        38,
        38,
        38,
        38,
        38,
        38,
        38,
        38,
        39,
        39,
        39,
        39,
        39,
        3,
        3,
        3,
        3,
        4,
        4,
        4,
        4,
        4,
        4,
        4,
        5,
        5,
        5,
        5,
        5,
        5,
        6,
        6,
        6,
        6,
        6,
        6,
        6,
        6,
        6,
        6,
        6,
        6,
        7,
        7,
        7,
        7,
        7,
        7,
        7,
        7,
        7,
        7,
        7,
        7,
        7,
        7,
        7,
        7,
        7,
        8,
        8,
        8,
        8,
        8,
        8,
        8,
        8,
        8,
        9,
        9,
        9,
        9,
        9,
        9,
        9,
        9,
        9,
        9,
        9,
        9
    ],
    "args": {
        "data_path": "dataset/activity_40/dataset_fold_3.csv",
        "modalities": "acc_gyr_mag",
        "sample_length": 30,
        "batch_size": 128,
        "num_epochs": 200,
        "learning_rate": 0.001,
        "device": "cuda",
        "random_init": false,
        "experiment_name": "activity_40/cnn_transformer/acc_gyr_mag/bsz128"
    },
    "training_config": {
        "num_epochs": 200,
        "batch_size": 128,
        "learning_rate": 0.001,
        "sample_length": 30,
        "device": "cuda",
        "in_channels": 45,
        "out_size": 40,
        "data_path": "dataset/activity_40/dataset_fold_3.csv",
        "modalities": "acc_gyr_mag",
        "random_init": false,
        "experiment_name": "activity_40/cnn_transformer/acc_gyr_mag/bsz128"
    }
}