{
    "timestamp": "20251130_033609",
    "best_metrics": {
        "accuracy": 21.428571428571427,
        "f1": 22.037037037037038,
        "precision": 24.074074074074073,
        "recall": 23.703703703703706,
        "roc_auc": NaN,
        "loss": 6.0515031814575195
    },
    "best_epoch": 17,
    "best_predictions": [
        0,
        0,
        2,
        11,
        8,
        10,
        18,
        18,
        18,
        18,
        18,
        4,
        18,
        18,
        1,
        12,
        2,
        1,
        17,
        1,
        8,
        17,
        18,
        1,
        18,
        4,
        18,
        4,
        4,
        15,
        14,
        17,
        18,
        17,
        16,
        8,
        17,
        17,
        11,
        17,
        11,
        16,
        4,
        4,
        5,
        17,
        2,
        2,
        3,
        3,
        3,
        4,
        4,
        17,
        17,
        4
    ],
    "best_labels": [
        0,
        0,
        0,
        5,
        5,
        5,
        6,
        6,
        6,
        6,
        6,
        6,
        7,
        7,
        7,
        8,
        8,
        8,
        9,
        9,
        9,
        10,
        10,
        10,
        12,
        12,
        12,
        12,
        12,
        12,
        14,
        14,
        14,
        15,
        15,
        15,
        15,
        15,
        15,
        15,
        15,
        16,
        17,
        17,
        17,
        2,
        2,
        2,
        3,
        3,
        3,
        4,
        4,
        4,
        4,
        4
    ],
    "args": {
        "data_path": "data_imu/activity_20/dataset_user_4.csv",
        "modalities": "acc_gyr_mag",
        "sample_length": 30,
        "batch_size": 128,
        "num_epochs": 200,
        "learning_rate": 0.001,
        "device": "cuda",
        "random_init": false,
        "experiment_name": "activity_20/cross_user/cnn_transformer/acc_gyr_mag/bsz128_resample_all"
    },
    "training_config": {
        "num_epochs": 200,
        "batch_size": 128,
        "learning_rate": 0.001,
        "sample_length": 30,
        "device": "cuda",
        "in_channels": 45,
        "out_size": 20,
        "data_path": "data_imu/activity_20/dataset_user_4.csv",
        "modalities": "acc_gyr_mag",
        "random_init": false,
        "experiment_name": "activity_20/cross_user/cnn_transformer/acc_gyr_mag/bsz128_resample_all"
    }
}