{
    "timestamp": "20251130_064558",
    "best_metrics": {
        "accuracy": 45.88235294117647,
        "f1": 43.65847602689708,
        "precision": 46.315789473684205,
        "recall": 44.88304093567251,
        "roc_auc": NaN,
        "loss": 2.886409044265747
    },
    "best_epoch": 20,
    "best_predictions": [
        0,
        0,
        19,
        0,
        0,
        0,
        6,
        9,
        18,
        5,
        18,
        12,
        5,
        1,
        10,
        7,
        6,
        18,
        8,
        17,
        11,
        10,
        9,
        5,
        11,
        5,
        18,
        5,
        5,
        9,
        10,
        10,
        18,
        4,
        11,
        11,
        11,
        0,
        11,
        7,
        7,
        2,
        12,
        12,
        12,
        13,
        13,
        13,
        18,
        4,
        0,
        14,
        14,
        14,
        8,
        15,
        15,
        15,
        16,
        15,
        16,
        8,
        16,
        16,
        17,
        17,
        17,
        19,
        15,
        8,
        18,
        4,
        11,
        2,
        2,
        2,
        17,
        17,
        1,
        18,
        0,
        19,
        2,
        2,
        2
    ],
    "best_labels": [
        0,
        0,
        0,
        0,
        0,
        0,
        6,
        6,
        6,
        6,
        6,
        6,
        6,
        6,
        6,
        7,
        7,
        7,
        8,
        8,
        8,
        9,
        9,
        9,
        9,
        9,
        9,
        10,
        10,
        10,
        10,
        10,
        10,
        11,
        11,
        11,
        11,
        11,
        11,
        12,
        12,
        12,
        12,
        12,
        12,
        13,
        13,
        13,
        1,
        1,
        1,
        14,
        14,
        14,
        15,
        15,
        15,
        15,
        15,
        15,
        16,
        16,
        16,
        16,
        17,
        17,
        17,
        17,
        17,
        17,
        18,
        18,
        18,
        18,
        18,
        18,
        19,
        19,
        19,
        19,
        19,
        19,
        2,
        2,
        2
    ],
    "args": {
        "data_path": "data_imu/activity_20/dataset_user_24.csv",
        "modalities": "acc_gyr_mag",
        "sample_length": 30,
        "batch_size": 128,
        "num_epochs": 200,
        "learning_rate": 0.001,
        "device": "cuda",
        "random_init": false,
        "experiment_name": "activity_20/cross_user/cnn_transformer/acc_gyr_mag/bsz128"
    },
    "training_config": {
        "num_epochs": 200,
        "batch_size": 128,
        "learning_rate": 0.001,
        "sample_length": 30,
        "device": "cuda",
        "in_channels": 45,
        "out_size": 20,
        "data_path": "data_imu/activity_20/dataset_user_24.csv",
        "modalities": "acc_gyr_mag",
        "random_init": false,
        "experiment_name": "activity_20/cross_user/cnn_transformer/acc_gyr_mag/bsz128"
    }
}