{
    "timestamp": "20251130_062634",
    "best_metrics": {
        "accuracy": 35.41666666666667,
        "f1": 31.39563369207332,
        "precision": 33.95833333333334,
        "recall": 30.83333333333333,
        "roc_auc": NaN,
        "loss": 4.008841514587402
    },
    "best_epoch": 18,
    "best_predictions": [
        0,
        0,
        0,
        17,
        19,
        18,
        6,
        6,
        18,
        4,
        5,
        5,
        19,
        19,
        14,
        6,
        4,
        8,
        2,
        4,
        4,
        5,
        12,
        8,
        11,
        4,
        11,
        12,
        12,
        7,
        12,
        13,
        13,
        9,
        4,
        17,
        15,
        0,
        1,
        14,
        15,
        14,
        14,
        14,
        14,
        14,
        14,
        14,
        4,
        4,
        18,
        8,
        5,
        16,
        4,
        15,
        6,
        16,
        16,
        16,
        5,
        13,
        5,
        14,
        7,
        17,
        2,
        4,
        19,
        5,
        18,
        1,
        3,
        17,
        19,
        1,
        2,
        9,
        18,
        4,
        6,
        3,
        18,
        3,
        3,
        3,
        3,
        3,
        3,
        0,
        8,
        5,
        5,
        9,
        7,
        2
    ],
    "best_labels": [
        0,
        0,
        0,
        0,
        0,
        6,
        6,
        6,
        6,
        6,
        7,
        7,
        8,
        8,
        8,
        9,
        9,
        9,
        9,
        9,
        9,
        10,
        10,
        10,
        11,
        11,
        11,
        12,
        12,
        12,
        13,
        13,
        13,
        1,
        1,
        1,
        1,
        1,
        1,
        14,
        14,
        14,
        14,
        14,
        14,
        14,
        14,
        14,
        15,
        15,
        15,
        15,
        15,
        15,
        16,
        16,
        16,
        16,
        16,
        16,
        16,
        16,
        16,
        16,
        17,
        17,
        17,
        18,
        18,
        18,
        18,
        18,
        18,
        19,
        19,
        19,
        2,
        2,
        2,
        2,
        2,
        3,
        3,
        3,
        3,
        3,
        3,
        3,
        3,
        3,
        4,
        4,
        4,
        4,
        4,
        4
    ],
    "args": {
        "data_path": "data_imu/activity_20/dataset_user_22.csv",
        "modalities": "acc_gyr_mag",
        "sample_length": 30,
        "batch_size": 128,
        "num_epochs": 200,
        "learning_rate": 0.001,
        "device": "cuda",
        "random_init": false,
        "experiment_name": "activity_20/cross_user/cnn_transformer/acc_gyr_mag/bsz128"
    },
    "training_config": {
        "num_epochs": 200,
        "batch_size": 128,
        "learning_rate": 0.001,
        "sample_length": 30,
        "device": "cuda",
        "in_channels": 45,
        "out_size": 20,
        "data_path": "data_imu/activity_20/dataset_user_22.csv",
        "modalities": "acc_gyr_mag",
        "random_init": false,
        "experiment_name": "activity_20/cross_user/cnn_transformer/acc_gyr_mag/bsz128"
    }
}