{
    "timestamp": "20251130_055737",
    "best_metrics": {
        "accuracy": 46.15384615384615,
        "f1": 35.24010070649839,
        "precision": 40.78149920255183,
        "recall": 38.30940988835725,
        "roc_auc": NaN,
        "loss": 2.734553337097168
    },
    "best_epoch": 17,
    "best_predictions": [
        4,
        13,
        5,
        5,
        9,
        6,
        6,
        6,
        6,
        6,
        8,
        6,
        6,
        6,
        6,
        8,
        6,
        11,
        8,
        8,
        8,
        13,
        12,
        4,
        8,
        9,
        19,
        8,
        8,
        12,
        11,
        8,
        11,
        13,
        13,
        13,
        16,
        15,
        0,
        13,
        16,
        13,
        13,
        15,
        8,
        8,
        1,
        14,
        3,
        3,
        14,
        3,
        1,
        15,
        15,
        15,
        16,
        16,
        16,
        11,
        14,
        16,
        1,
        17,
        19,
        1,
        1,
        6,
        17,
        1,
        3,
        3,
        3,
        4,
        19,
        4,
        4,
        18,
        19,
        5,
        17,
        2,
        10,
        9,
        3,
        3,
        3,
        3,
        9,
        4,
        12
    ],
    "best_labels": [
        5,
        5,
        5,
        5,
        5,
        6,
        6,
        6,
        6,
        6,
        6,
        6,
        6,
        6,
        6,
        6,
        6,
        8,
        8,
        8,
        8,
        8,
        9,
        9,
        9,
        9,
        9,
        9,
        11,
        11,
        11,
        11,
        11,
        13,
        13,
        13,
        13,
        13,
        13,
        13,
        13,
        13,
        13,
        13,
        1,
        1,
        1,
        14,
        14,
        14,
        14,
        14,
        14,
        15,
        15,
        15,
        16,
        16,
        16,
        16,
        16,
        16,
        17,
        17,
        17,
        17,
        17,
        17,
        18,
        18,
        18,
        18,
        18,
        19,
        19,
        19,
        19,
        19,
        19,
        2,
        2,
        2,
        2,
        2,
        2,
        3,
        3,
        3,
        4,
        4,
        4
    ],
    "args": {
        "data_path": "data_imu/activity_20/dataset_user_19.csv",
        "modalities": "acc_gyr_mag",
        "sample_length": 30,
        "batch_size": 128,
        "num_epochs": 200,
        "learning_rate": 0.001,
        "device": "cuda",
        "random_init": false,
        "experiment_name": "activity_20/cross_user/cnn_transformer/acc_gyr_mag/bsz128"
    },
    "training_config": {
        "num_epochs": 200,
        "batch_size": 128,
        "learning_rate": 0.001,
        "sample_length": 30,
        "device": "cuda",
        "in_channels": 45,
        "out_size": 20,
        "data_path": "data_imu/activity_20/dataset_user_19.csv",
        "modalities": "acc_gyr_mag",
        "random_init": false,
        "experiment_name": "activity_20/cross_user/cnn_transformer/acc_gyr_mag/bsz128"
    }
}