{
    "timestamp": "20251130_051301",
    "best_metrics": {
        "accuracy": 44.927536231884055,
        "f1": 35.45340624287993,
        "precision": 39.25438596491229,
        "recall": 38.30409356725146,
        "roc_auc": NaN,
        "loss": 3.2055130004882812
    },
    "best_epoch": 23,
    "best_predictions": [
        0,
        0,
        0,
        0,
        0,
        2,
        10,
        19,
        6,
        11,
        8,
        8,
        6,
        6,
        6,
        9,
        19,
        10,
        8,
        8,
        8,
        19,
        5,
        5,
        8,
        9,
        11,
        19,
        5,
        5,
        8,
        9,
        11,
        12,
        7,
        7,
        8,
        12,
        12,
        13,
        13,
        13,
        14,
        14,
        14,
        15,
        15,
        13,
        16,
        6,
        16,
        10,
        4,
        13,
        2,
        2,
        18,
        0,
        18,
        18,
        9,
        14,
        9,
        18,
        3,
        18,
        2,
        2,
        2
    ],
    "best_labels": [
        0,
        0,
        0,
        0,
        0,
        0,
        6,
        6,
        6,
        6,
        6,
        6,
        6,
        6,
        6,
        7,
        7,
        7,
        8,
        8,
        8,
        9,
        9,
        9,
        9,
        9,
        9,
        10,
        10,
        10,
        10,
        10,
        10,
        12,
        12,
        12,
        12,
        12,
        12,
        13,
        13,
        13,
        14,
        14,
        14,
        15,
        15,
        15,
        16,
        16,
        16,
        16,
        16,
        16,
        17,
        17,
        17,
        17,
        17,
        17,
        18,
        18,
        18,
        18,
        18,
        18,
        2,
        2,
        2
    ],
    "args": {
        "data_path": "data_imu/activity_20/dataset_user_14.csv",
        "modalities": "acc_gyr_mag",
        "sample_length": 30,
        "batch_size": 128,
        "num_epochs": 200,
        "learning_rate": 0.001,
        "device": "cuda",
        "random_init": false,
        "experiment_name": "activity_20/cross_user/cnn_transformer/acc_gyr_mag/bsz128_resample_all"
    },
    "training_config": {
        "num_epochs": 200,
        "batch_size": 128,
        "learning_rate": 0.001,
        "sample_length": 30,
        "device": "cuda",
        "in_channels": 45,
        "out_size": 20,
        "data_path": "data_imu/activity_20/dataset_user_14.csv",
        "modalities": "acc_gyr_mag",
        "random_init": false,
        "experiment_name": "activity_20/cross_user/cnn_transformer/acc_gyr_mag/bsz128_resample_all"
    }
}