{"test_auc_roc":0.9974605279925286,"test_top5":99.05270385742188,"test_loss":0.41064833299459935,"_timestamp":1.764592749730577e+09,"_step":100,"test_recall":0.8751144457668304,"_wandb":{"runtime":8085},"test_f1":0.8541070478275141,"test_precision":0.8414891377824966,"train_top1":88.94363403320312,"train_top5":99.67010498046875,"_runtime":8085.011888059,"test_top1":84.6262435913086,"train_loss":0.3115478477295993}