{
    "timestamp": "20251128_043142",
    "best_metrics": {
        "accuracy": 33.79790940766551,
        "f1": 24.079680736384503,
        "precision": 26.94563537945891,
        "recall": 24.343494740553563,
        "roc_auc": 82.49633068006077,
        "loss": 3.7323502699534097
    },
    "best_epoch": 36,
    "best_predictions": [
        32,
        4,
        0,
        0,
        4,
        7,
        10,
        8,
        9,
        9,
        9,
        7,
        9,
        7,
        9,
        11,
        7,
        7,
        11,
        11,
        11,
        11,
        11,
        38,
        11,
        10,
        10,
        8,
        13,
        13,
        5,
        17,
        12,
        18,
        38,
        7,
        32,
        14,
        2,
        11,
        11,
        9,
        17,
        4,
        11,
        32,
        16,
        24,
        12,
        20,
        17,
        6,
        19,
        17,
        20,
        17,
        37,
        18,
        18,
        7,
        10,
        17,
        23,
        27,
        21,
        1,
        15,
        1,
        2,
        0,
        6,
        6,
        23,
        17,
        17,
        24,
        15,
        10,
        36,
        22,
        17,
        21,
        22,
        18,
        21,
        23,
        26,
        21,
        21,
        21,
        7,
        0,
        2,
        12,
        6,
        3,
        23,
        37,
        23,
        26,
        29,
        6,
        36,
        21,
        7,
        14,
        11,
        21,
        24,
        7,
        6,
        6,
        9,
        24,
        23,
        27,
        6,
        36,
        13,
        31,
        28,
        29,
        39,
        34,
        36,
        15,
        38,
        34,
        5,
        39,
        20,
        7,
        2,
        4,
        38,
        30,
        31,
        34,
        31,
        31,
        31,
        31,
        31,
        28,
        31,
        31,
        18,
        34,
        31,
        29,
        32,
        17,
        21,
        34,
        34,
        34,
        36,
        18,
        23,
        34,
        12,
        29,
        9,
        29,
        36,
        36,
        36,
        36,
        34,
        36,
        36,
        36,
        36,
        36,
        36,
        36,
        36,
        36,
        36,
        31,
        36,
        36,
        36,
        36,
        36,
        36,
        36,
        36,
        23,
        36,
        36,
        36,
        36,
        36,
        9,
        36,
        36,
        36,
        22,
        38,
        11,
        4,
        6,
        2,
        37,
        11,
        29,
        27,
        22,
        37,
        1,
        12,
        7,
        18,
        6,
        31,
        37,
        38,
        21,
        36,
        5,
        38,
        4,
        3,
        11,
        27,
        37,
        4,
        4,
        4,
        0,
        4,
        5,
        5,
        5,
        24,
        20,
        9,
        6,
        6,
        8,
        23,
        22,
        10,
        7,
        6,
        6,
        6,
        6,
        7,
        11,
        10,
        6,
        7,
        7,
        24,
        7,
        15,
        23,
        36,
        7,
        7,
        9,
        10,
        10,
        8,
        21,
        9,
        9,
        27,
        8,
        37,
        11,
        9,
        10,
        9,
        32,
        9,
        37,
        9,
        9,
        7,
        9,
        17,
        9,
        10,
        9
    ],
    "best_labels": [
        0,
        0,
        0,
        0,
        0,
        10,
        10,
        10,
        10,
        10,
        10,
        10,
        10,
        10,
        10,
        10,
        11,
        11,
        11,
        11,
        11,
        11,
        11,
        11,
        11,
        11,
        11,
        12,
        12,
        12,
        12,
        12,
        13,
        13,
        13,
        13,
        13,
        14,
        14,
        14,
        14,
        15,
        15,
        15,
        15,
        15,
        16,
        16,
        17,
        17,
        17,
        17,
        17,
        17,
        17,
        17,
        18,
        18,
        18,
        18,
        18,
        19,
        19,
        19,
        19,
        1,
        1,
        1,
        1,
        1,
        20,
        20,
        20,
        20,
        20,
        20,
        20,
        20,
        20,
        21,
        21,
        21,
        21,
        21,
        21,
        21,
        22,
        22,
        22,
        22,
        22,
        22,
        23,
        23,
        23,
        23,
        23,
        23,
        23,
        23,
        23,
        24,
        24,
        24,
        24,
        24,
        24,
        25,
        26,
        26,
        26,
        26,
        27,
        27,
        27,
        27,
        27,
        28,
        28,
        28,
        28,
        29,
        29,
        29,
        29,
        29,
        29,
        29,
        2,
        2,
        2,
        2,
        2,
        2,
        30,
        30,
        30,
        30,
        31,
        31,
        31,
        31,
        31,
        31,
        31,
        31,
        31,
        32,
        32,
        32,
        32,
        32,
        33,
        33,
        34,
        34,
        34,
        34,
        34,
        34,
        34,
        34,
        35,
        35,
        36,
        36,
        36,
        36,
        36,
        36,
        36,
        36,
        36,
        36,
        36,
        36,
        36,
        36,
        36,
        36,
        36,
        36,
        36,
        36,
        36,
        36,
        36,
        36,
        36,
        36,
        36,
        36,
        36,
        36,
        36,
        36,
        36,
        36,
        37,
        37,
        37,
        37,
        37,
        37,
        37,
        37,
        38,
        38,
        38,
        38,
        38,
        38,
        38,
        38,
        39,
        39,
        39,
        39,
        39,
        39,
        3,
        3,
        3,
        3,
        4,
        4,
        4,
        4,
        4,
        4,
        4,
        5,
        5,
        5,
        5,
        5,
        6,
        6,
        6,
        6,
        6,
        6,
        6,
        6,
        6,
        6,
        6,
        6,
        6,
        7,
        7,
        7,
        7,
        7,
        7,
        7,
        7,
        7,
        7,
        7,
        7,
        7,
        7,
        7,
        7,
        8,
        8,
        8,
        8,
        8,
        8,
        8,
        8,
        8,
        8,
        9,
        9,
        9,
        9,
        9,
        9,
        9,
        9,
        9,
        9,
        9,
        9
    ],
    "args": {
        "data_path": "dataset/activity_40/dataset_fold_4.csv",
        "modalities": "acc_gyr_mag",
        "sample_length": 30,
        "batch_size": 128,
        "num_epochs": 200,
        "learning_rate": 0.001,
        "device": "cuda",
        "random_init": false,
        "experiment_name": "activity_40/cnn_transformer/acc_gyr_mag/bsz128"
    },
    "training_config": {
        "num_epochs": 200,
        "batch_size": 128,
        "learning_rate": 0.001,
        "sample_length": 30,
        "device": "cuda",
        "in_channels": 45,
        "out_size": 40,
        "data_path": "dataset/activity_40/dataset_fold_4.csv",
        "modalities": "acc_gyr_mag",
        "random_init": false,
        "experiment_name": "activity_40/cnn_transformer/acc_gyr_mag/bsz128"
    }
}