{
    "timestamp": "20251130_040151",
    "best_metrics": {
        "accuracy": 23.456790123456788,
        "f1": 14.628982501230587,
        "precision": 14.947992510921573,
        "recall": 17.938596491228072,
        "roc_auc": NaN,
        "loss": 4.518586158752441
    },
    "best_epoch": 8,
    "best_predictions": [
        14,
        14,
        14,
        6,
        18,
        17,
        14,
        16,
        14,
        14,
        14,
        14,
        14,
        10,
        8,
        17,
        14,
        14,
        8,
        9,
        14,
        13,
        14,
        14,
        0,
        3,
        16,
        14,
        3,
        17,
        4,
        14,
        14,
        14,
        14,
        14,
        15,
        4,
        15,
        15,
        16,
        8,
        5,
        14,
        13,
        16,
        16,
        15,
        5,
        16,
        14,
        1,
        4,
        4,
        4,
        11,
        13,
        4,
        11,
        16,
        1,
        1,
        1,
        4,
        17,
        4,
        3,
        3,
        3,
        5,
        16,
        5,
        4,
        14,
        19,
        4,
        4,
        19,
        1,
        6,
        8
    ],
    "best_labels": [
        5,
        5,
        5,
        6,
        6,
        6,
        6,
        6,
        8,
        8,
        8,
        8,
        8,
        8,
        8,
        8,
        9,
        9,
        9,
        11,
        11,
        11,
        12,
        12,
        12,
        13,
        13,
        13,
        1,
        1,
        1,
        14,
        14,
        14,
        14,
        14,
        14,
        15,
        15,
        15,
        16,
        16,
        16,
        16,
        16,
        16,
        16,
        16,
        16,
        16,
        16,
        16,
        17,
        17,
        17,
        19,
        19,
        19,
        19,
        19,
        2,
        2,
        2,
        2,
        2,
        2,
        3,
        3,
        3,
        4,
        4,
        4,
        4,
        4,
        4,
        4,
        4,
        4,
        4,
        4,
        4
    ],
    "args": {
        "data_path": "data_imu/activity_20/dataset_user_7.csv",
        "modalities": "acc_gyr_mag",
        "sample_length": 30,
        "batch_size": 128,
        "num_epochs": 200,
        "learning_rate": 0.001,
        "device": "cuda",
        "random_init": false,
        "experiment_name": "activity_20/cross_user/cnn_transformer/acc_gyr_mag/bsz128"
    },
    "training_config": {
        "num_epochs": 200,
        "batch_size": 128,
        "learning_rate": 0.001,
        "sample_length": 30,
        "device": "cuda",
        "in_channels": 45,
        "out_size": 20,
        "data_path": "data_imu/activity_20/dataset_user_7.csv",
        "modalities": "acc_gyr_mag",
        "random_init": false,
        "experiment_name": "activity_20/cross_user/cnn_transformer/acc_gyr_mag/bsz128"
    }
}