{
    "timestamp": "20251130_065542",
    "best_metrics": {
        "accuracy": 46.2962962962963,
        "f1": 32.27775311108644,
        "precision": 39.04320987654321,
        "recall": 33.273809523809526,
        "roc_auc": NaN,
        "loss": 3.72233247756958
    },
    "best_epoch": 32,
    "best_predictions": [
        17,
        0,
        0,
        7,
        0,
        5,
        5,
        5,
        7,
        7,
        10,
        10,
        7,
        7,
        7,
        9,
        17,
        10,
        9,
        9,
        5,
        11,
        5,
        17,
        17,
        15,
        13,
        5,
        17,
        18,
        10,
        14,
        14,
        14,
        17,
        15,
        17,
        17,
        16,
        19,
        8,
        19,
        19,
        12,
        9,
        9,
        9,
        4,
        4,
        17,
        4,
        10,
        11,
        19
    ],
    "best_labels": [
        0,
        0,
        0,
        0,
        0,
        5,
        5,
        5,
        7,
        7,
        7,
        7,
        7,
        7,
        7,
        8,
        8,
        9,
        9,
        9,
        11,
        11,
        11,
        11,
        11,
        13,
        13,
        13,
        1,
        1,
        1,
        14,
        14,
        14,
        17,
        17,
        18,
        18,
        18,
        19,
        19,
        19,
        19,
        19,
        2,
        2,
        4,
        4,
        4,
        4,
        4,
        4,
        4,
        4
    ],
    "args": {
        "data_path": "data_imu/activity_20/dataset_user_25.csv",
        "modalities": "acc_gyr_mag",
        "sample_length": 30,
        "batch_size": 128,
        "num_epochs": 200,
        "learning_rate": 0.001,
        "device": "cuda",
        "random_init": false,
        "experiment_name": "activity_20/cross_user/cnn_transformer/acc_gyr_mag/bsz128"
    },
    "training_config": {
        "num_epochs": 200,
        "batch_size": 128,
        "learning_rate": 0.001,
        "sample_length": 30,
        "device": "cuda",
        "in_channels": 45,
        "out_size": 20,
        "data_path": "data_imu/activity_20/dataset_user_25.csv",
        "modalities": "acc_gyr_mag",
        "random_init": false,
        "experiment_name": "activity_20/cross_user/cnn_transformer/acc_gyr_mag/bsz128"
    }
}