{
    "timestamp": "20251130_042110",
    "best_metrics": {
        "accuracy": 38.2716049382716,
        "f1": 33.84190300280265,
        "precision": 40.48128342245989,
        "recall": 34.72370766488413,
        "roc_auc": NaN,
        "loss": 4.221791744232178
    },
    "best_epoch": 17,
    "best_predictions": [
        8,
        14,
        14,
        18,
        19,
        16,
        16,
        4,
        6,
        8,
        8,
        6,
        6,
        6,
        18,
        8,
        6,
        15,
        19,
        4,
        8,
        17,
        8,
        4,
        10,
        9,
        10,
        11,
        9,
        11,
        17,
        11,
        13,
        17,
        8,
        14,
        16,
        17,
        19,
        13,
        13,
        16,
        16,
        16,
        16,
        16,
        1,
        2,
        1,
        14,
        1,
        14,
        14,
        15,
        8,
        8,
        8,
        8,
        16,
        16,
        10,
        10,
        10,
        17,
        17,
        4,
        2,
        15,
        4,
        17,
        17,
        4,
        2,
        2,
        2,
        2,
        2,
        2,
        3,
        3,
        3
    ],
    "best_labels": [
        5,
        5,
        5,
        5,
        5,
        5,
        6,
        6,
        6,
        6,
        6,
        6,
        6,
        6,
        6,
        6,
        6,
        8,
        8,
        8,
        8,
        8,
        8,
        9,
        9,
        9,
        9,
        9,
        9,
        11,
        11,
        11,
        11,
        11,
        11,
        13,
        13,
        13,
        13,
        13,
        13,
        13,
        13,
        13,
        13,
        13,
        1,
        1,
        1,
        14,
        14,
        14,
        14,
        14,
        15,
        15,
        15,
        16,
        16,
        16,
        17,
        17,
        17,
        17,
        17,
        17,
        19,
        19,
        19,
        19,
        19,
        19,
        2,
        2,
        2,
        2,
        2,
        2,
        3,
        3,
        3
    ],
    "args": {
        "data_path": "data_imu/activity_20/dataset_user_9.csv",
        "modalities": "acc_gyr_mag",
        "sample_length": 30,
        "batch_size": 128,
        "num_epochs": 200,
        "learning_rate": 0.001,
        "device": "cuda",
        "random_init": false,
        "experiment_name": "activity_20/cross_user/cnn_transformer/acc_gyr_mag/bsz128"
    },
    "training_config": {
        "num_epochs": 200,
        "batch_size": 128,
        "learning_rate": 0.001,
        "sample_length": 30,
        "device": "cuda",
        "in_channels": 45,
        "out_size": 20,
        "data_path": "data_imu/activity_20/dataset_user_9.csv",
        "modalities": "acc_gyr_mag",
        "random_init": false,
        "experiment_name": "activity_20/cross_user/cnn_transformer/acc_gyr_mag/bsz128"
    }
}