{
    "timestamp": "20251130_052833",
    "best_metrics": {
        "accuracy": 49.35064935064935,
        "f1": 39.28174603174603,
        "precision": 40.94047619047618,
        "recall": 43.166666666666664,
        "roc_auc": NaN,
        "loss": 3.0919413566589355
    },
    "best_epoch": 21,
    "best_predictions": [
        12,
        12,
        0,
        5,
        5,
        5,
        18,
        5,
        6,
        6,
        6,
        6,
        8,
        8,
        8,
        8,
        8,
        9,
        6,
        8,
        16,
        12,
        9,
        9,
        9,
        15,
        9,
        9,
        2,
        3,
        9,
        9,
        3,
        11,
        11,
        11,
        4,
        5,
        17,
        5,
        14,
        5,
        9,
        9,
        9,
        13,
        13,
        13,
        1,
        1,
        9,
        0,
        19,
        8,
        15,
        15,
        13,
        9,
        16,
        16,
        16,
        16,
        6,
        2,
        17,
        5,
        9,
        7,
        4,
        4,
        2,
        2,
        2,
        2,
        4,
        4,
        6
    ],
    "best_labels": [
        0,
        0,
        0,
        5,
        5,
        5,
        5,
        5,
        5,
        6,
        6,
        6,
        8,
        8,
        8,
        8,
        8,
        8,
        8,
        8,
        8,
        9,
        9,
        9,
        9,
        9,
        9,
        10,
        10,
        10,
        10,
        10,
        10,
        11,
        11,
        11,
        11,
        11,
        11,
        12,
        12,
        12,
        12,
        12,
        12,
        13,
        13,
        13,
        1,
        1,
        1,
        15,
        15,
        15,
        15,
        15,
        15,
        16,
        16,
        16,
        16,
        16,
        17,
        17,
        17,
        18,
        18,
        18,
        19,
        19,
        19,
        2,
        2,
        2,
        4,
        4,
        4
    ],
    "args": {
        "data_path": "data_imu/activity_20/dataset_user_16.csv",
        "modalities": "acc_gyr_mag",
        "sample_length": 30,
        "batch_size": 128,
        "num_epochs": 200,
        "learning_rate": 0.001,
        "device": "cuda",
        "random_init": false,
        "experiment_name": "activity_20/cross_user/cnn_transformer/acc_gyr_mag/bsz128"
    },
    "training_config": {
        "num_epochs": 200,
        "batch_size": 128,
        "learning_rate": 0.001,
        "sample_length": 30,
        "device": "cuda",
        "in_channels": 45,
        "out_size": 20,
        "data_path": "data_imu/activity_20/dataset_user_16.csv",
        "modalities": "acc_gyr_mag",
        "random_init": false,
        "experiment_name": "activity_20/cross_user/cnn_transformer/acc_gyr_mag/bsz128"
    }
}