{
    "timestamp": "20251130_041134",
    "best_metrics": {
        "accuracy": 28.000000000000004,
        "f1": 20.879661274398117,
        "precision": 28.532870638133794,
        "recall": 21.213450292397663,
        "roc_auc": NaN,
        "loss": 2.5839571952819824
    },
    "best_epoch": 5,
    "best_predictions": [
        9,
        2,
        18,
        11,
        3,
        2,
        4,
        5,
        4,
        8,
        6,
        8,
        16,
        12,
        10,
        8,
        6,
        16,
        16,
        8,
        16,
        16,
        3,
        10,
        3,
        10,
        10,
        10,
        10,
        10,
        12,
        8,
        10,
        10,
        10,
        10,
        11,
        9,
        12,
        10,
        10,
        11,
        14,
        14,
        14,
        8,
        16,
        14,
        13,
        14,
        14,
        3,
        15,
        5,
        5,
        16,
        13,
        18,
        1,
        17,
        4,
        18,
        18,
        9,
        2,
        18,
        3,
        3,
        2,
        18,
        3,
        18,
        3,
        14,
        3
    ],
    "best_labels": [
        0,
        0,
        0,
        0,
        0,
        0,
        5,
        5,
        5,
        6,
        6,
        6,
        7,
        7,
        7,
        8,
        8,
        8,
        8,
        8,
        8,
        8,
        8,
        9,
        9,
        9,
        9,
        9,
        10,
        10,
        10,
        10,
        10,
        11,
        11,
        11,
        11,
        11,
        11,
        11,
        11,
        1,
        1,
        14,
        14,
        14,
        14,
        14,
        14,
        14,
        14,
        14,
        15,
        15,
        15,
        16,
        16,
        17,
        17,
        17,
        17,
        17,
        17,
        2,
        2,
        2,
        2,
        2,
        2,
        3,
        3,
        3,
        3,
        3,
        3
    ],
    "args": {
        "data_path": "data_imu/activity_20/dataset_user_8.csv",
        "modalities": "acc_gyr_mag",
        "sample_length": 30,
        "batch_size": 128,
        "num_epochs": 200,
        "learning_rate": 0.001,
        "device": "cuda",
        "random_init": false,
        "experiment_name": "activity_20/cross_user/cnn_transformer/acc_gyr_mag/bsz128"
    },
    "training_config": {
        "num_epochs": 200,
        "batch_size": 128,
        "learning_rate": 0.001,
        "sample_length": 30,
        "device": "cuda",
        "in_channels": 45,
        "out_size": 20,
        "data_path": "data_imu/activity_20/dataset_user_8.csv",
        "modalities": "acc_gyr_mag",
        "random_init": false,
        "experiment_name": "activity_20/cross_user/cnn_transformer/acc_gyr_mag/bsz128"
    }
}