{
    "timestamp": "20251130_030308",
    "best_metrics": {
        "accuracy": 40.625,
        "f1": 29.19407218168828,
        "precision": 33.40336134453782,
        "recall": 31.86274509803922,
        "roc_auc": NaN,
        "loss": 3.237729072570801
    },
    "best_epoch": 26,
    "best_predictions": [
        11,
        11,
        6,
        6,
        6,
        6,
        6,
        6,
        6,
        16,
        8,
        17,
        6,
        4,
        4,
        4,
        6,
        9,
        4,
        4,
        6,
        13,
        13,
        14,
        14,
        14,
        14,
        1,
        10,
        2,
        8,
        18,
        14,
        15,
        4,
        15,
        8,
        8,
        19,
        15,
        15,
        16,
        15,
        16,
        16,
        18,
        18,
        18,
        18,
        18,
        18,
        10,
        4,
        3,
        3,
        3,
        4,
        3,
        3,
        8,
        17,
        4,
        4,
        19
    ],
    "best_labels": [
        5,
        5,
        6,
        6,
        6,
        6,
        6,
        6,
        8,
        8,
        8,
        8,
        8,
        8,
        9,
        9,
        10,
        10,
        11,
        11,
        11,
        13,
        13,
        13,
        13,
        13,
        13,
        1,
        1,
        1,
        14,
        14,
        14,
        15,
        15,
        15,
        15,
        15,
        15,
        15,
        15,
        16,
        16,
        16,
        16,
        17,
        17,
        17,
        18,
        18,
        18,
        2,
        3,
        3,
        3,
        4,
        4,
        4,
        4,
        4,
        4,
        4,
        4,
        4
    ],
    "args": {
        "data_path": "data_imu/activity_20/dataset_user_1.csv",
        "modalities": "acc_gyr_mag",
        "sample_length": 30,
        "batch_size": 128,
        "num_epochs": 200,
        "learning_rate": 0.001,
        "device": "cuda",
        "random_init": false,
        "experiment_name": "activity_20/cross_user/cnn_transformer/acc_gyr_mag/bsz128"
    },
    "training_config": {
        "num_epochs": 200,
        "batch_size": 128,
        "learning_rate": 0.001,
        "sample_length": 30,
        "device": "cuda",
        "in_channels": 45,
        "out_size": 20,
        "data_path": "data_imu/activity_20/dataset_user_1.csv",
        "modalities": "acc_gyr_mag",
        "random_init": false,
        "experiment_name": "activity_20/cross_user/cnn_transformer/acc_gyr_mag/bsz128"
    }
}