{
    "timestamp": "20251130_042448",
    "best_metrics": {
        "accuracy": 39.50617283950617,
        "f1": 28.138344193419968,
        "precision": 31.000797448165873,
        "recall": 27.40031897926634,
        "roc_auc": NaN,
        "loss": 3.2151172161102295
    },
    "best_epoch": 14,
    "best_predictions": [
        8,
        8,
        7,
        2,
        9,
        15,
        16,
        7,
        6,
        8,
        6,
        6,
        6,
        7,
        6,
        8,
        6,
        1,
        0,
        14,
        8,
        4,
        8,
        12,
        11,
        12,
        12,
        8,
        9,
        11,
        11,
        11,
        14,
        4,
        12,
        13,
        13,
        14,
        11,
        13,
        13,
        13,
        15,
        13,
        13,
        13,
        1,
        2,
        14,
        14,
        1,
        14,
        14,
        1,
        15,
        8,
        8,
        11,
        19,
        16,
        9,
        9,
        8,
        4,
        0,
        7,
        12,
        11,
        11,
        7,
        17,
        4,
        2,
        8,
        2,
        10,
        2,
        2,
        3,
        3,
        2
    ],
    "best_labels": [
        5,
        5,
        5,
        5,
        5,
        5,
        6,
        6,
        6,
        6,
        6,
        6,
        6,
        6,
        6,
        6,
        6,
        8,
        8,
        8,
        8,
        8,
        8,
        9,
        9,
        9,
        9,
        9,
        9,
        11,
        11,
        11,
        11,
        11,
        11,
        13,
        13,
        13,
        13,
        13,
        13,
        13,
        13,
        13,
        13,
        13,
        1,
        1,
        1,
        14,
        14,
        14,
        14,
        14,
        15,
        15,
        15,
        16,
        16,
        16,
        17,
        17,
        17,
        17,
        17,
        17,
        19,
        19,
        19,
        19,
        19,
        19,
        2,
        2,
        2,
        2,
        2,
        2,
        3,
        3,
        3
    ],
    "args": {
        "data_path": "data_imu/activity_20/dataset_user_9.csv",
        "modalities": "acc_gyr_mag",
        "sample_length": 30,
        "batch_size": 128,
        "num_epochs": 200,
        "learning_rate": 0.001,
        "device": "cuda",
        "random_init": false,
        "experiment_name": "activity_20/cross_user/cnn_transformer/acc_gyr_mag/bsz128_resample_all"
    },
    "training_config": {
        "num_epochs": 200,
        "batch_size": 128,
        "learning_rate": 0.001,
        "sample_length": 30,
        "device": "cuda",
        "in_channels": 45,
        "out_size": 20,
        "data_path": "data_imu/activity_20/dataset_user_9.csv",
        "modalities": "acc_gyr_mag",
        "random_init": false,
        "experiment_name": "activity_20/cross_user/cnn_transformer/acc_gyr_mag/bsz128_resample_all"
    }
}