{
    "timestamp": "20251130_053817",
    "best_metrics": {
        "accuracy": 55.12820512820513,
        "f1": 43.36848880966529,
        "precision": 45.74074074074075,
        "recall": 45.37037037037037,
        "roc_auc": NaN,
        "loss": 2.497558832168579
    },
    "best_epoch": 8,
    "best_predictions": [
        18,
        5,
        5,
        15,
        15,
        15,
        8,
        8,
        8,
        8,
        19,
        8,
        9,
        12,
        9,
        11,
        11,
        11,
        11,
        11,
        11,
        1,
        0,
        1,
        13,
        13,
        13,
        5,
        19,
        8,
        14,
        14,
        14,
        14,
        3,
        14,
        15,
        15,
        14,
        16,
        16,
        16,
        16,
        16,
        16,
        16,
        16,
        4,
        12,
        11,
        19,
        3,
        11,
        11,
        3,
        12,
        12,
        2,
        2,
        2,
        18,
        1,
        3,
        3,
        3,
        3,
        3,
        3,
        3,
        1,
        19,
        1,
        5,
        18,
        5,
        4,
        18,
        1
    ],
    "best_labels": [
        5,
        5,
        5,
        6,
        6,
        6,
        8,
        8,
        8,
        8,
        8,
        8,
        9,
        9,
        9,
        11,
        11,
        11,
        11,
        11,
        11,
        12,
        12,
        12,
        13,
        13,
        13,
        1,
        1,
        1,
        14,
        14,
        14,
        14,
        14,
        14,
        15,
        15,
        15,
        16,
        16,
        16,
        16,
        16,
        16,
        16,
        16,
        16,
        17,
        17,
        17,
        19,
        19,
        19,
        19,
        19,
        19,
        2,
        2,
        2,
        2,
        2,
        2,
        3,
        3,
        3,
        3,
        3,
        3,
        4,
        4,
        4,
        4,
        4,
        4,
        4,
        4,
        4
    ],
    "args": {
        "data_path": "data_imu/activity_20/dataset_user_17.csv",
        "modalities": "acc_gyr_mag",
        "sample_length": 30,
        "batch_size": 128,
        "num_epochs": 200,
        "learning_rate": 0.001,
        "device": "cuda",
        "random_init": false,
        "experiment_name": "activity_20/cross_user/cnn_transformer/acc_gyr_mag/bsz128"
    },
    "training_config": {
        "num_epochs": 200,
        "batch_size": 128,
        "learning_rate": 0.001,
        "sample_length": 30,
        "device": "cuda",
        "in_channels": 45,
        "out_size": 20,
        "data_path": "data_imu/activity_20/dataset_user_17.csv",
        "modalities": "acc_gyr_mag",
        "random_init": false,
        "experiment_name": "activity_20/cross_user/cnn_transformer/acc_gyr_mag/bsz128"
    }
}