{
    "timestamp": "20251130_053215",
    "best_metrics": {
        "accuracy": 46.75324675324675,
        "f1": 40.59853726520393,
        "precision": 42.48456790123457,
        "recall": 44.38271604938271,
        "roc_auc": NaN,
        "loss": 3.078005075454712
    },
    "best_epoch": 18,
    "best_predictions": [
        12,
        12,
        0,
        4,
        5,
        5,
        5,
        5,
        5,
        6,
        6,
        6,
        8,
        6,
        10,
        4,
        9,
        9,
        8,
        11,
        5,
        12,
        9,
        9,
        7,
        11,
        9,
        9,
        10,
        2,
        10,
        10,
        2,
        17,
        11,
        11,
        4,
        11,
        11,
        18,
        11,
        5,
        7,
        17,
        16,
        13,
        13,
        13,
        18,
        9,
        9,
        15,
        13,
        12,
        15,
        15,
        15,
        16,
        16,
        5,
        15,
        16,
        8,
        2,
        17,
        10,
        10,
        7,
        4,
        4,
        1,
        2,
        2,
        2,
        4,
        2,
        5
    ],
    "best_labels": [
        0,
        0,
        0,
        5,
        5,
        5,
        5,
        5,
        5,
        6,
        6,
        6,
        8,
        8,
        8,
        8,
        8,
        8,
        8,
        8,
        8,
        9,
        9,
        9,
        9,
        9,
        9,
        10,
        10,
        10,
        10,
        10,
        10,
        11,
        11,
        11,
        11,
        11,
        11,
        12,
        12,
        12,
        12,
        12,
        12,
        13,
        13,
        13,
        1,
        1,
        1,
        15,
        15,
        15,
        15,
        15,
        15,
        16,
        16,
        16,
        16,
        16,
        17,
        17,
        17,
        18,
        18,
        18,
        19,
        19,
        19,
        2,
        2,
        2,
        4,
        4,
        4
    ],
    "args": {
        "data_path": "data_imu/activity_20/dataset_user_16.csv",
        "modalities": "acc_gyr_mag",
        "sample_length": 30,
        "batch_size": 128,
        "num_epochs": 200,
        "learning_rate": 0.001,
        "device": "cuda",
        "random_init": false,
        "experiment_name": "activity_20/cross_user/cnn_transformer/acc_gyr_mag/bsz128_resample_all"
    },
    "training_config": {
        "num_epochs": 200,
        "batch_size": 128,
        "learning_rate": 0.001,
        "sample_length": 30,
        "device": "cuda",
        "in_channels": 45,
        "out_size": 20,
        "data_path": "data_imu/activity_20/dataset_user_16.csv",
        "modalities": "acc_gyr_mag",
        "random_init": false,
        "experiment_name": "activity_20/cross_user/cnn_transformer/acc_gyr_mag/bsz128_resample_all"
    }
}