activity_id,user_id,activity_id_num,user_id_num,identifier_id,has_up,has_down,up_path,down_path,has_data_up,has_data_down,WTLA,WTC,WTRA,WTRL,WTLL,activity_id_num_ori,data_type
action_00,user16,0,16,1-1-1,True,True,IMU/action_00/user16/1-1-1/up.csv,IMU/action_00/user16/1-1-1/down.csv,True,True,45,46,46,46,44,0,train
action_00,user16,0,16,1-1-2,True,True,IMU/action_00/user16/1-1-2/up.csv,IMU/action_00/user16/1-1-2/down.csv,True,True,55,53,55,54,53,0,train
action_00,user16,0,16,1-1-3,True,True,IMU/action_00/user16/1-1-3/up.csv,IMU/action_00/user16/1-1-3/down.csv,True,True,18,18,17,21,20,0,train
action_00,user18,0,18,7-1-1,True,True,IMU/action_00/user18/7-1-1/up.csv,IMU/action_00/user18/7-1-1/down.csv,True,True,20,20,20,20,20,0,train
action_00,user18,0,18,7-1-2,True,True,IMU/action_00/user18/7-1-2/up.csv,IMU/action_00/user18/7-1-2/down.csv,True,True,11,11,11,10,13,0,train
action_00,user18,0,18,7-1-3,True,True,IMU/action_00/user18/7-1-3/up.csv,IMU/action_00/user18/7-1-3/down.csv,True,True,2,2,2,3,2,0,train
action_00,user20,0,20,4-2-2,True,True,IMU/action_00/user20/4-2-2/up.csv,IMU/action_00/user20/4-2-2/down.csv,True,True,22,23,22,23,22,0,train
action_00,user20,0,20,4-2-3,True,True,IMU/action_00/user20/4-2-3/up.csv,IMU/action_00/user20/4-2-3/down.csv,True,True,32,31,33,32,32,0,train
action_00,user21,0,21,1-1-1,True,True,IMU/action_00/user21/1-1-1/up.csv,IMU/action_00/user21/1-1-1/down.csv,True,True,14,14,14,12,14,0,test
action_00,user21,0,21,1-1-2,True,True,IMU/action_00/user21/1-1-2/up.csv,IMU/action_00/user21/1-1-2/down.csv,True,True,8,9,9,8,9,0,test
action_00,user21,0,21,1-1-3,True,True,IMU/action_00/user21/1-1-3/up.csv,IMU/action_00/user21/1-1-3/down.csv,True,True,4,4,5,5,5,0,test
action_00,user21,0,21,4-2-1,True,True,IMU/action_00/user21/4-2-1/up.csv,IMU/action_00/user21/4-2-1/down.csv,True,True,7,5,6,4,6,0,test
action_00,user21,0,21,4-2-2,True,True,IMU/action_00/user21/4-2-2/up.csv,IMU/action_00/user21/4-2-2/down.csv,True,True,4,4,5,4,5,0,test
action_00,user21,0,21,4-2-3,True,True,IMU/action_00/user21/4-2-3/up.csv,IMU/action_00/user21/4-2-3/down.csv,True,True,8,8,8,9,8,0,test
action_00,user22,0,22,1-1-2,True,True,IMU/action_00/user22/1-1-2/up.csv,IMU/action_00/user22/1-1-2/down.csv,True,True,25,25,25,25,1,0,train
action_00,user22,0,22,1-1-3,True,True,IMU/action_00/user22/1-1-3/up.csv,IMU/action_00/user22/1-1-3/down.csv,True,True,7,7,5,5,8,0,train
action_00,user22,0,22,2-2-1,True,True,IMU/action_00/user22/2-2-1/up.csv,IMU/action_00/user22/2-2-1/down.csv,True,True,14,15,14,16,16,0,train
action_00,user22,0,22,2-2-2,True,True,IMU/action_00/user22/2-2-2/up.csv,IMU/action_00/user22/2-2-2/down.csv,True,True,12,11,12,12,13,0,train
action_00,user22,0,22,2-2-3,True,True,IMU/action_00/user22/2-2-3/up.csv,IMU/action_00/user22/2-2-3/down.csv,True,True,3,2,3,4,3,0,train
action_00,user23,0,23,1-1-1,True,True,IMU/action_00/user23/1-1-1/up.csv,IMU/action_00/user23/1-1-1/down.csv,True,True,40,42,42,41,42,0,train
action_00,user23,0,23,1-1-2,True,True,IMU/action_00/user23/1-1-2/up.csv,IMU/action_00/user23/1-1-2/down.csv,True,True,18,18,18,17,19,0,train
action_00,user23,0,23,1-1-3,True,True,IMU/action_00/user23/1-1-3/up.csv,IMU/action_00/user23/1-1-3/down.csv,True,True,16,15,17,17,16,0,train
action_00,user24,0,24,6-2-1,True,True,IMU/action_00/user24/6-2-1/up.csv,IMU/action_00/user24/6-2-1/down.csv,True,True,33,33,34,34,35,0,train
action_00,user24,0,24,6-2-2,True,True,IMU/action_00/user24/6-2-2/up.csv,IMU/action_00/user24/6-2-2/down.csv,True,True,26,24,25,24,25,0,train
action_00,user24,0,24,6-2-3,True,True,IMU/action_00/user24/6-2-3/up.csv,IMU/action_00/user24/6-2-3/down.csv,True,True,15,16,16,18,15,0,train
action_00,user24,0,24,7-1-1,True,True,IMU/action_00/user24/7-1-1/up.csv,IMU/action_00/user24/7-1-1/down.csv,True,True,29,30,30,29,29,0,train
action_00,user24,0,24,7-1-2,True,True,IMU/action_00/user24/7-1-2/up.csv,IMU/action_00/user24/7-1-2/down.csv,True,True,13,12,13,12,13,0,train
action_00,user24,0,24,7-1-3,True,True,IMU/action_00/user24/7-1-3/up.csv,IMU/action_00/user24/7-1-3/down.csv,True,True,20,21,19,20,20,0,train
action_00,user4,0,4,1-1-1,True,True,IMU/action_00/user4/1-1-1/up.csv,IMU/action_00/user4/1-1-1/down.csv,True,True,41,40,41,42,40,0,train
action_00,user4,0,4,1-1-2,True,True,IMU/action_00/user4/1-1-2/up.csv,IMU/action_00/user4/1-1-2/down.csv,True,True,62,63,61,61,61,0,train
action_00,user4,0,4,1-1-3,True,True,IMU/action_00/user4/1-1-3/up.csv,IMU/action_00/user4/1-1-3/down.csv,True,True,30,31,31,30,30,0,train
action_00,user5,0,5,1-1-1,True,True,IMU/action_00/user5/1-1-1/up.csv,IMU/action_00/user5/1-1-1/down.csv,True,True,39,38,38,38,39,0,train
action_00,user5,0,5,1-1-2,True,True,IMU/action_00/user5/1-1-2/up.csv,IMU/action_00/user5/1-1-2/down.csv,True,True,38,36,37,36,35,0,train
action_00,user5,0,5,1-1-3,True,True,IMU/action_00/user5/1-1-3/up.csv,IMU/action_00/user5/1-1-3/down.csv,True,True,29,28,29,29,29,0,train
action_00,user6,0,6,1-1-1,True,True,IMU/action_00/user6/1-1-1/up.csv,IMU/action_00/user6/1-1-1/down.csv,True,True,45,46,45,46,45,0,train
action_00,user6,0,6,1-1-2,True,True,IMU/action_00/user6/1-1-2/up.csv,IMU/action_00/user6/1-1-2/down.csv,True,True,44,44,44,43,45,0,train
action_00,user6,0,6,1-1-3,True,True,IMU/action_00/user6/1-1-3/up.csv,IMU/action_00/user6/1-1-3/down.csv,True,True,32,32,32,33,32,0,train
action_00,user8,0,8,1-1-1,True,True,IMU/action_00/user8/1-1-1/up.csv,IMU/action_00/user8/1-1-1/down.csv,True,True,26,25,25,26,25,0,train
action_00,user8,0,8,1-1-2,True,True,IMU/action_00/user8/1-1-2/up.csv,IMU/action_00/user8/1-1-2/down.csv,True,True,23,24,23,23,23,0,train
action_00,user8,0,8,1-1-3,True,True,IMU/action_00/user8/1-1-3/up.csv,IMU/action_00/user8/1-1-3/down.csv,True,True,16,16,17,16,16,0,train
action_00,user8,0,8,7-1-1,True,True,IMU/action_00/user8/7-1-1/up.csv,IMU/action_00/user8/7-1-1/down.csv,True,True,25,25,25,24,24,0,train
action_00,user8,0,8,7-1-2,True,True,IMU/action_00/user8/7-1-2/up.csv,IMU/action_00/user8/7-1-2/down.csv,True,True,26,27,26,26,27,0,train
action_00,user8,0,8,7-1-3,True,True,IMU/action_00/user8/7-1-3/up.csv,IMU/action_00/user8/7-1-3/down.csv,True,True,18,16,18,17,17,0,train
action_05,user1,5,1,6-2-2,True,True,IMU/action_05/user1/6-2-2/up.csv,IMU/action_05/user1/6-2-2/down.csv,True,True,93,91,92,93,93,12,train
action_05,user1,5,1,6-2-3,True,True,IMU/action_05/user1/6-2-3/up.csv,IMU/action_05/user1/6-2-3/down.csv,True,True,67,67,66,66,66,12,train
action_05,user16,5,16,3-1-1,True,True,IMU/action_05/user16/3-1-1/up.csv,IMU/action_05/user16/3-1-1/down.csv,True,True,100,100,100,101,100,12,train
action_05,user16,5,16,3-1-2,True,True,IMU/action_05/user16/3-1-2/up.csv,IMU/action_05/user16/3-1-2/down.csv,True,True,112,112,112,112,111,12,train
action_05,user16,5,16,3-1-3,True,True,IMU/action_05/user16/3-1-3/up.csv,IMU/action_05/user16/3-1-3/down.csv,True,True,64,64,63,64,65,12,train
action_05,user16,5,16,6-2-1,True,True,IMU/action_05/user16/6-2-1/up.csv,IMU/action_05/user16/6-2-1/down.csv,True,True,67,65,66,67,65,12,train
action_05,user16,5,16,6-2-2,True,True,IMU/action_05/user16/6-2-2/up.csv,IMU/action_05/user16/6-2-2/down.csv,True,True,44,44,45,43,44,12,train
action_05,user16,5,16,6-2-3,True,True,IMU/action_05/user16/6-2-3/up.csv,IMU/action_05/user16/6-2-3/down.csv,True,True,44,46,44,44,45,12,train
action_05,user17,5,17,3-1-1,True,True,IMU/action_05/user17/3-1-1/up.csv,IMU/action_05/user17/3-1-1/down.csv,True,True,92,93,93,93,93,12,train
action_05,user17,5,17,3-1-2,True,True,IMU/action_05/user17/3-1-2/up.csv,IMU/action_05/user17/3-1-2/down.csv,True,True,87,87,88,87,86,12,train
action_05,user17,5,17,3-1-3,True,True,IMU/action_05/user17/3-1-3/up.csv,IMU/action_05/user17/3-1-3/down.csv,True,True,39,39,39,39,38,12,train
action_05,user18,5,18,3-1-1,True,True,IMU/action_05/user18/3-1-1/up.csv,IMU/action_05/user18/3-1-1/down.csv,True,True,44,44,44,42,45,12,train
action_05,user18,5,18,3-1-2,True,True,IMU/action_05/user18/3-1-2/up.csv,IMU/action_05/user18/3-1-2/down.csv,True,True,1,4,4,1,1,12,train
action_05,user18,5,18,3-1-3,True,True,IMU/action_05/user18/3-1-3/up.csv,IMU/action_05/user18/3-1-3/down.csv,True,True,27,27,28,27,25,12,train
action_05,user19,5,19,3-3-2,True,True,IMU/action_05/user19/3-3-2/up.csv,IMU/action_05/user19/3-3-2/down.csv,True,True,31,28,29,29,27,12,train
action_05,user19,5,19,3-3-3,True,True,IMU/action_05/user19/3-3-3/up.csv,IMU/action_05/user19/3-3-3/down.csv,True,True,16,15,16,15,16,12,train
action_05,user19,5,19,7-2-1,True,True,IMU/action_05/user19/7-2-1/up.csv,IMU/action_05/user19/7-2-1/down.csv,True,True,49,49,49,50,50,12,train
action_05,user19,5,19,7-2-2,True,True,IMU/action_05/user19/7-2-2/up.csv,IMU/action_05/user19/7-2-2/down.csv,True,True,31,31,31,32,30,12,train
action_05,user19,5,19,7-2-3,True,True,IMU/action_05/user19/7-2-3/up.csv,IMU/action_05/user19/7-2-3/down.csv,True,True,23,23,23,22,23,12,train
action_05,user2,5,2,3-1-1,True,True,IMU/action_05/user2/3-1-1/up.csv,IMU/action_05/user2/3-1-1/down.csv,True,True,55,56,55,56,54,12,train
action_05,user2,5,2,3-1-2,True,True,IMU/action_05/user2/3-1-2/up.csv,IMU/action_05/user2/3-1-2/down.csv,True,True,88,87,88,89,87,12,train
action_05,user2,5,2,3-1-3,True,True,IMU/action_05/user2/3-1-3/up.csv,IMU/action_05/user2/3-1-3/down.csv,True,True,52,52,52,53,54,12,train
action_05,user20,5,20,2-1-1,True,True,IMU/action_05/user20/2-1-1/up.csv,IMU/action_05/user20/2-1-1/down.csv,True,True,98,96,99,98,98,12,train
action_05,user20,5,20,2-1-2,True,True,IMU/action_05/user20/2-1-2/up.csv,IMU/action_05/user20/2-1-2/down.csv,True,True,60,59,59,59,58,12,train
action_05,user20,5,20,2-1-3,True,True,IMU/action_05/user20/2-1-3/up.csv,IMU/action_05/user20/2-1-3/down.csv,True,True,31,30,30,31,30,12,train
action_05,user20,5,20,3-2-1,True,True,IMU/action_05/user20/3-2-1/up.csv,IMU/action_05/user20/3-2-1/down.csv,True,True,45,45,46,45,45,12,train
action_05,user20,5,20,3-2-2,True,True,IMU/action_05/user20/3-2-2/up.csv,IMU/action_05/user20/3-2-2/down.csv,True,True,37,35,35,35,34,12,train
action_05,user20,5,20,3-2-3,True,True,IMU/action_05/user20/3-2-3/up.csv,IMU/action_05/user20/3-2-3/down.csv,True,True,23,24,23,23,23,12,train
action_05,user21,5,21,2-1-1,True,True,IMU/action_05/user21/2-1-1/up.csv,IMU/action_05/user21/2-1-1/down.csv,True,True,106,107,104,106,108,12,test
action_05,user21,5,21,2-1-2,True,True,IMU/action_05/user21/2-1-2/up.csv,IMU/action_05/user21/2-1-2/down.csv,True,True,105,104,105,104,104,12,test
action_05,user21,5,21,2-1-3,True,True,IMU/action_05/user21/2-1-3/up.csv,IMU/action_05/user21/2-1-3/down.csv,True,True,67,67,68,68,66,12,test
action_05,user23,5,23,3-2-1,True,True,IMU/action_05/user23/3-2-1/up.csv,IMU/action_05/user23/3-2-1/down.csv,True,True,87,87,86,88,86,12,train
action_05,user23,5,23,3-2-2,True,True,IMU/action_05/user23/3-2-2/up.csv,IMU/action_05/user23/3-2-2/down.csv,True,True,67,66,67,68,67,12,train
action_05,user23,5,23,3-2-3,True,True,IMU/action_05/user23/3-2-3/up.csv,IMU/action_05/user23/3-2-3/down.csv,True,True,74,74,74,74,74,12,train
action_05,user4,5,4,2-2-1,True,True,IMU/action_05/user4/2-2-1/up.csv,IMU/action_05/user4/2-2-1/down.csv,True,True,91,92,92,91,91,12,train
action_05,user4,5,4,2-2-2,True,True,IMU/action_05/user4/2-2-2/up.csv,IMU/action_05/user4/2-2-2/down.csv,True,True,68,69,69,69,69,12,train
action_05,user4,5,4,2-2-3,True,True,IMU/action_05/user4/2-2-3/up.csv,IMU/action_05/user4/2-2-3/down.csv,True,True,57,57,57,57,55,12,train
action_05,user5,5,5,3-1-1,True,True,IMU/action_05/user5/3-1-1/up.csv,IMU/action_05/user5/3-1-1/down.csv,True,True,159,160,159,157,158,12,train
action_05,user5,5,5,3-1-2,True,True,IMU/action_05/user5/3-1-2/up.csv,IMU/action_05/user5/3-1-2/down.csv,True,True,176,176,177,176,177,12,train
action_05,user5,5,5,3-1-3,True,True,IMU/action_05/user5/3-1-3/up.csv,IMU/action_05/user5/3-1-3/down.csv,True,True,97,98,96,100,96,12,train
action_05,user6,5,6,3-1-1,True,True,IMU/action_05/user6/3-1-1/up.csv,IMU/action_05/user6/3-1-1/down.csv,True,True,234,234,234,232,234,12,train
action_05,user6,5,6,3-1-2,True,True,IMU/action_05/user6/3-1-2/up.csv,IMU/action_05/user6/3-1-2/down.csv,True,True,88,89,89,100,99,12,train
action_05,user6,5,6,3-1-3,True,True,IMU/action_05/user6/3-1-3/up.csv,IMU/action_05/user6/3-1-3/down.csv,True,True,50,50,50,49,50,12,train
action_05,user6,5,6,6-2-1,True,True,IMU/action_05/user6/6-2-1/up.csv,IMU/action_05/user6/6-2-1/down.csv,True,True,51,51,54,52,51,12,train
action_05,user6,5,6,6-2-2,True,True,IMU/action_05/user6/6-2-2/up.csv,IMU/action_05/user6/6-2-2/down.csv,True,True,14,14,14,14,15,12,train
action_05,user6,5,6,6-2-3,True,True,IMU/action_05/user6/6-2-3/up.csv,IMU/action_05/user6/6-2-3/down.csv,True,True,39,37,39,39,39,12,train
action_05,user7,5,7,3-1-1,True,True,IMU/action_05/user7/3-1-1/up.csv,IMU/action_05/user7/3-1-1/down.csv,True,True,70,69,69,67,67,12,train
action_05,user7,5,7,3-1-2,True,True,IMU/action_05/user7/3-1-2/up.csv,IMU/action_05/user7/3-1-2/down.csv,True,True,40,40,39,40,40,12,train
action_05,user7,5,7,3-1-3,True,True,IMU/action_05/user7/3-1-3/up.csv,IMU/action_05/user7/3-1-3/down.csv,True,True,31,30,29,29,31,12,train
action_05,user8,5,8,3-1-1,True,True,IMU/action_05/user8/3-1-1/up.csv,IMU/action_05/user8/3-1-1/down.csv,True,True,73,72,73,73,73,12,train
action_05,user8,5,8,3-1-2,True,True,IMU/action_05/user8/3-1-2/up.csv,IMU/action_05/user8/3-1-2/down.csv,True,True,36,37,37,37,37,12,train
action_05,user8,5,8,3-1-3,True,True,IMU/action_05/user8/3-1-3/up.csv,IMU/action_05/user8/3-1-3/down.csv,True,True,47,46,46,47,46,12,train
action_05,user9,5,9,3-3-1,True,True,IMU/action_05/user9/3-3-1/up.csv,IMU/action_05/user9/3-3-1/down.csv,True,True,43,42,42,42,41,12,train
action_05,user9,5,9,3-3-2,True,True,IMU/action_05/user9/3-3-2/up.csv,IMU/action_05/user9/3-3-2/down.csv,True,True,46,47,48,47,47,12,train
action_05,user9,5,9,3-3-3,True,True,IMU/action_05/user9/3-3-3/up.csv,IMU/action_05/user9/3-3-3/down.csv,True,True,38,38,41,41,41,12,train
action_05,user9,5,9,7-2-1,True,True,IMU/action_05/user9/7-2-1/up.csv,IMU/action_05/user9/7-2-1/down.csv,True,True,24,27,27,26,29,12,train
action_05,user9,5,9,7-2-2,True,True,IMU/action_05/user9/7-2-2/up.csv,IMU/action_05/user9/7-2-2/down.csv,True,True,13,12,12,13,12,12,train
action_05,user9,5,9,7-2-3,True,True,IMU/action_05/user9/7-2-3/up.csv,IMU/action_05/user9/7-2-3/down.csv,True,True,17,16,16,15,17,12,train
action_06,user1,6,1,2-2-1,True,True,IMU/action_06/user1/2-2-1/up.csv,IMU/action_06/user1/2-2-1/down.csv,True,True,99,100,99,99,99,17,train
action_06,user1,6,1,2-2-2,True,True,IMU/action_06/user1/2-2-2/up.csv,IMU/action_06/user1/2-2-2/down.csv,True,True,113,113,111,111,113,17,train
action_06,user1,6,1,2-2-3,True,True,IMU/action_06/user1/2-2-3/up.csv,IMU/action_06/user1/2-2-3/down.csv,True,True,72,72,74,74,72,17,train
action_06,user1,6,1,3-2-1,True,True,IMU/action_06/user1/3-2-1/up.csv,IMU/action_06/user1/3-2-1/down.csv,True,True,65,65,66,66,65,17,train
action_06,user1,6,1,3-2-2,True,True,IMU/action_06/user1/3-2-2/up.csv,IMU/action_06/user1/3-2-2/down.csv,True,True,63,63,64,63,66,17,train
action_06,user1,6,1,3-2-3,True,True,IMU/action_06/user1/3-2-3/up.csv,IMU/action_06/user1/3-2-3/down.csv,True,True,26,27,28,28,26,17,train
action_06,user16,6,16,4-1-1,True,True,IMU/action_06/user16/4-1-1/up.csv,IMU/action_06/user16/4-1-1/down.csv,True,True,78,78,77,78,77,17,train
action_06,user16,6,16,4-1-2,True,True,IMU/action_06/user16/4-1-2/up.csv,IMU/action_06/user16/4-1-2/down.csv,True,True,64,64,64,64,63,17,train
action_06,user16,6,16,4-1-3,True,True,IMU/action_06/user16/4-1-3/up.csv,IMU/action_06/user16/4-1-3/down.csv,True,True,61,61,62,61,62,17,train
action_06,user17,6,17,4-1-1,True,True,IMU/action_06/user17/4-1-1/up.csv,IMU/action_06/user17/4-1-1/down.csv,True,True,59,58,58,58,59,17,train
action_06,user17,6,17,4-1-2,True,True,IMU/action_06/user17/4-1-2/up.csv,IMU/action_06/user17/4-1-2/down.csv,True,True,67,67,68,67,67,17,train
action_06,user17,6,17,4-1-3,True,True,IMU/action_06/user17/4-1-3/up.csv,IMU/action_06/user17/4-1-3/down.csv,True,True,48,48,47,48,48,17,train
action_06,user18,6,18,5-1-1,True,True,IMU/action_06/user18/5-1-1/up.csv,IMU/action_06/user18/5-1-1/down.csv,True,True,81,80,80,80,81,17,train
action_06,user18,6,18,5-1-2,True,True,IMU/action_06/user18/5-1-2/up.csv,IMU/action_06/user18/5-1-2/down.csv,True,True,36,35,36,37,37,17,train
action_06,user18,6,18,5-1-3,True,True,IMU/action_06/user18/5-1-3/up.csv,IMU/action_06/user18/5-1-3/down.csv,True,True,20,20,19,20,19,17,train
action_06,user19,6,19,1-2-1,True,True,IMU/action_06/user19/1-2-1/up.csv,IMU/action_06/user19/1-2-1/down.csv,True,True,20,20,20,21,20,17,train
action_06,user19,6,19,1-2-2,True,True,IMU/action_06/user19/1-2-2/up.csv,IMU/action_06/user19/1-2-2/down.csv,True,True,12,12,13,13,12,17,train
action_06,user19,6,19,1-2-3,True,True,IMU/action_06/user19/1-2-3/up.csv,IMU/action_06/user19/1-2-3/down.csv,True,True,24,22,31,21,23,17,train
action_06,user19,6,19,4-1-1,True,True,IMU/action_06/user19/4-1-1/up.csv,IMU/action_06/user19/4-1-1/down.csv,True,True,25,24,24,24,24,17,train
action_06,user19,6,19,4-1-2,True,True,IMU/action_06/user19/4-1-2/up.csv,IMU/action_06/user19/4-1-2/down.csv,True,True,22,23,23,25,25,17,train
action_06,user19,6,19,4-1-3,True,True,IMU/action_06/user19/4-1-3/up.csv,IMU/action_06/user19/4-1-3/down.csv,True,True,2,9,5,5,1,17,train
action_06,user19,6,19,4-3-1,True,True,IMU/action_06/user19/4-3-1/up.csv,IMU/action_06/user19/4-3-1/down.csv,True,True,29,29,27,29,28,17,train
action_06,user19,6,19,4-3-2,True,True,IMU/action_06/user19/4-3-2/up.csv,IMU/action_06/user19/4-3-2/down.csv,True,True,50,50,52,51,51,17,train
action_06,user19,6,19,4-3-3,True,True,IMU/action_06/user19/4-3-3/up.csv,IMU/action_06/user19/4-3-3/down.csv,True,True,17,16,16,15,17,17,train
action_06,user19,6,19,6-1-1,True,True,IMU/action_06/user19/6-1-1/up.csv,IMU/action_06/user19/6-1-1/down.csv,True,True,15,18,17,18,15,17,train
action_06,user19,6,19,6-1-2,True,True,IMU/action_06/user19/6-1-2/up.csv,IMU/action_06/user19/6-1-2/down.csv,True,True,7,6,7,5,7,17,train
action_06,user19,6,19,6-1-3,True,True,IMU/action_06/user19/6-1-3/up.csv,IMU/action_06/user19/6-1-3/down.csv,True,True,23,24,22,25,23,17,train
action_06,user20,6,20,2-2-1,True,True,IMU/action_06/user20/2-2-1/up.csv,IMU/action_06/user20/2-2-1/down.csv,True,True,29,30,29,30,30,17,train
action_06,user20,6,20,2-2-2,True,True,IMU/action_06/user20/2-2-2/up.csv,IMU/action_06/user20/2-2-2/down.csv,True,True,21,20,20,21,21,17,train
action_06,user20,6,20,2-2-3,True,True,IMU/action_06/user20/2-2-3/up.csv,IMU/action_06/user20/2-2-3/down.csv,True,True,10,10,10,10,11,17,train
action_06,user20,6,20,4-1-1,True,True,IMU/action_06/user20/4-1-1/up.csv,IMU/action_06/user20/4-1-1/down.csv,True,True,49,47,47,48,47,17,train
action_06,user20,6,20,4-1-2,True,True,IMU/action_06/user20/4-1-2/up.csv,IMU/action_06/user20/4-1-2/down.csv,True,True,44,43,44,44,44,17,train
action_06,user20,6,20,4-1-3,True,True,IMU/action_06/user20/4-1-3/up.csv,IMU/action_06/user20/4-1-3/down.csv,True,True,56,55,55,54,56,17,train
action_06,user20,6,20,5-1-1,True,True,IMU/action_06/user20/5-1-1/up.csv,IMU/action_06/user20/5-1-1/down.csv,True,True,73,73,74,73,73,17,train
action_06,user20,6,20,5-1-2,True,True,IMU/action_06/user20/5-1-2/up.csv,IMU/action_06/user20/5-1-2/down.csv,True,True,29,28,28,30,31,17,train
action_06,user22,6,22,1-2-1,True,True,IMU/action_06/user22/1-2-1/up.csv,IMU/action_06/user22/1-2-1/down.csv,True,True,30,29,29,30,30,17,train
action_06,user22,6,22,1-2-2,True,True,IMU/action_06/user22/1-2-2/up.csv,IMU/action_06/user22/1-2-2/down.csv,True,True,10,9,9,9,9,17,train
action_06,user22,6,22,1-2-3,True,True,IMU/action_06/user22/1-2-3/up.csv,IMU/action_06/user22/1-2-3/down.csv,True,True,10,10,10,9,10,17,train
action_06,user22,6,22,4-1-2,True,True,IMU/action_06/user22/4-1-2/up.csv,IMU/action_06/user22/4-1-2/down.csv,True,True,43,45,44,45,44,17,train
action_06,user22,6,22,4-1-3,True,True,IMU/action_06/user22/4-1-3/up.csv,IMU/action_06/user22/4-1-3/down.csv,True,True,45,44,45,45,43,17,train
action_06,user23,6,23,5-3-3,True,True,IMU/action_06/user23/5-3-3/up.csv,IMU/action_06/user23/5-3-3/down.csv,True,True,28,30,29,29,28,17,train
action_06,user24,6,24,1-2-1,True,True,IMU/action_06/user24/1-2-1/up.csv,IMU/action_06/user24/1-2-1/down.csv,True,True,52,51,53,52,53,17,train
action_06,user24,6,24,1-2-2,True,True,IMU/action_06/user24/1-2-2/up.csv,IMU/action_06/user24/1-2-2/down.csv,True,True,23,22,22,23,23,17,train
action_06,user24,6,24,1-2-3,True,True,IMU/action_06/user24/1-2-3/up.csv,IMU/action_06/user24/1-2-3/down.csv,True,True,30,30,30,30,31,17,train
action_06,user24,6,24,3-2-1,True,True,IMU/action_06/user24/3-2-1/up.csv,IMU/action_06/user24/3-2-1/down.csv,True,True,50,48,50,48,50,17,train
action_06,user24,6,24,3-2-2,True,True,IMU/action_06/user24/3-2-2/up.csv,IMU/action_06/user24/3-2-2/down.csv,True,True,27,27,27,27,27,17,train
action_06,user24,6,24,3-2-3,True,True,IMU/action_06/user24/3-2-3/up.csv,IMU/action_06/user24/3-2-3/down.csv,True,True,39,41,39,39,41,17,train
action_06,user24,6,24,7-2-1,True,True,IMU/action_06/user24/7-2-1/up.csv,IMU/action_06/user24/7-2-1/down.csv,True,True,30,31,31,30,31,17,train
action_06,user24,6,24,7-2-2,True,True,IMU/action_06/user24/7-2-2/up.csv,IMU/action_06/user24/7-2-2/down.csv,True,True,17,18,18,16,18,17,train
action_06,user24,6,24,7-2-3,True,True,IMU/action_06/user24/7-2-3/up.csv,IMU/action_06/user24/7-2-3/down.csv,True,True,18,18,18,18,17,17,train
action_06,user3,6,3,3-2-1,True,True,IMU/action_06/user3/3-2-1/up.csv,IMU/action_06/user3/3-2-1/down.csv,True,True,48,41,49,49,48,17,train
action_06,user3,6,3,4-1-2,True,True,IMU/action_06/user3/4-1-2/up.csv,IMU/action_06/user3/4-1-2/down.csv,True,True,70,70,72,71,71,17,train
action_06,user3,6,3,4-1-3,True,True,IMU/action_06/user3/4-1-3/up.csv,IMU/action_06/user3/4-1-3/down.csv,True,True,53,54,52,55,52,17,train
action_06,user4,6,4,4-1-1,True,True,IMU/action_06/user4/4-1-1/up.csv,IMU/action_06/user4/4-1-1/down.csv,True,True,48,50,50,50,48,17,train
action_06,user4,6,4,4-1-2,True,True,IMU/action_06/user4/4-1-2/up.csv,IMU/action_06/user4/4-1-2/down.csv,True,True,28,29,29,28,29,17,train
action_06,user4,6,4,4-1-3,True,True,IMU/action_06/user4/4-1-3/up.csv,IMU/action_06/user4/4-1-3/down.csv,True,True,41,41,40,41,41,17,train
action_06,user4,6,4,5-2-1,True,True,IMU/action_06/user4/5-2-1/up.csv,IMU/action_06/user4/5-2-1/down.csv,True,True,50,48,48,48,50,17,train
action_06,user4,6,4,5-2-2,True,True,IMU/action_06/user4/5-2-2/up.csv,IMU/action_06/user4/5-2-2/down.csv,True,True,49,50,49,49,49,17,train
action_06,user4,6,4,5-2-3,True,True,IMU/action_06/user4/5-2-3/up.csv,IMU/action_06/user4/5-2-3/down.csv,True,True,60,60,59,60,59,17,train
action_06,user5,6,5,4-1-1,True,True,IMU/action_06/user5/4-1-1/up.csv,IMU/action_06/user5/4-1-1/down.csv,True,True,47,45,47,47,47,17,train
action_06,user5,6,5,4-1-2,True,True,IMU/action_06/user5/4-1-2/up.csv,IMU/action_06/user5/4-1-2/down.csv,True,True,50,50,51,43,43,17,train
action_06,user6,6,6,4-1-1,True,True,IMU/action_06/user6/4-1-1/up.csv,IMU/action_06/user6/4-1-1/down.csv,True,True,60,60,60,62,61,17,train
action_06,user6,6,6,4-1-2,True,True,IMU/action_06/user6/4-1-2/up.csv,IMU/action_06/user6/4-1-2/down.csv,True,True,52,52,53,63,64,17,train
action_06,user6,6,6,4-1-3,True,True,IMU/action_06/user6/4-1-3/up.csv,IMU/action_06/user6/4-1-3/down.csv,True,True,51,52,51,56,57,17,train
action_06,user7,6,7,4-1-1,True,True,IMU/action_06/user7/4-1-1/up.csv,IMU/action_06/user7/4-1-1/down.csv,True,True,11,12,11,11,9,17,train
action_06,user7,6,7,4-1-2,True,True,IMU/action_06/user7/4-1-2/up.csv,IMU/action_06/user7/4-1-2/down.csv,True,True,18,18,17,18,17,17,train
action_06,user7,6,7,4-1-3,True,True,IMU/action_06/user7/4-1-3/up.csv,IMU/action_06/user7/4-1-3/down.csv,True,True,18,16,17,18,17,17,train
action_06,user7,6,7,6-3-1,True,True,IMU/action_06/user7/6-3-1/up.csv,IMU/action_06/user7/6-3-1/down.csv,True,True,50,51,51,50,51,17,train
action_06,user7,6,7,6-3-3,True,True,IMU/action_06/user7/6-3-3/up.csv,IMU/action_06/user7/6-3-3/down.csv,True,True,47,50,48,47,49,17,train
action_06,user8,6,8,5-1-1,True,True,IMU/action_06/user8/5-1-1/up.csv,IMU/action_06/user8/5-1-1/down.csv,True,True,34,33,34,35,33,17,train
action_06,user8,6,8,5-1-2,True,True,IMU/action_06/user8/5-1-2/up.csv,IMU/action_06/user8/5-1-2/down.csv,True,True,20,20,20,20,20,17,train
action_06,user8,6,8,5-1-3,True,True,IMU/action_06/user8/5-1-3/up.csv,IMU/action_06/user8/5-1-3/down.csv,True,True,12,11,11,11,12,17,train
action_06,user9,6,9,1-2-2,True,True,IMU/action_06/user9/1-2-2/up.csv,IMU/action_06/user9/1-2-2/down.csv,True,True,13,12,11,13,12,17,train
action_06,user9,6,9,1-2-3,True,True,IMU/action_06/user9/1-2-3/up.csv,IMU/action_06/user9/1-2-3/down.csv,True,True,13,13,13,13,12,17,train
action_06,user9,6,9,4-1-1,True,True,IMU/action_06/user9/4-1-1/up.csv,IMU/action_06/user9/4-1-1/down.csv,True,True,20,20,19,21,20,17,train
action_06,user9,6,9,4-1-2,True,True,IMU/action_06/user9/4-1-2/up.csv,IMU/action_06/user9/4-1-2/down.csv,True,True,20,20,20,20,20,17,train
action_06,user9,6,9,4-1-3,True,True,IMU/action_06/user9/4-1-3/up.csv,IMU/action_06/user9/4-1-3/down.csv,True,True,18,15,15,15,15,17,train
action_06,user9,6,9,4-3-1,True,True,IMU/action_06/user9/4-3-1/up.csv,IMU/action_06/user9/4-3-1/down.csv,True,True,51,53,53,53,53,17,train
action_06,user9,6,9,4-3-2,True,True,IMU/action_06/user9/4-3-2/up.csv,IMU/action_06/user9/4-3-2/down.csv,True,True,39,39,39,39,38,17,train
action_06,user9,6,9,4-3-3,True,True,IMU/action_06/user9/4-3-3/up.csv,IMU/action_06/user9/4-3-3/down.csv,True,True,22,20,22,21,21,17,train
action_06,user9,6,9,6-1-1,True,True,IMU/action_06/user9/6-1-1/up.csv,IMU/action_06/user9/6-1-1/down.csv,True,True,15,15,17,16,16,17,train
action_06,user9,6,9,6-1-2,True,True,IMU/action_06/user9/6-1-2/up.csv,IMU/action_06/user9/6-1-2/down.csv,True,True,31,32,31,32,31,17,train
action_06,user9,6,9,6-1-3,True,True,IMU/action_06/user9/6-1-3/up.csv,IMU/action_06/user9/6-1-3/down.csv,True,True,24,24,24,25,26,17,train
action_07,user18,7,18,4-1-1,True,True,IMU/action_07/user18/4-1-1/up.csv,IMU/action_07/user18/4-1-1/down.csv,True,True,35,34,35,35,34,18,train
action_07,user18,7,18,4-1-3,True,True,IMU/action_07/user18/4-1-3/up.csv,IMU/action_07/user18/4-1-3/down.csv,True,True,30,30,30,30,30,18,train
action_07,user18,7,18,6-2-1,True,True,IMU/action_07/user18/6-2-1/up.csv,IMU/action_07/user18/6-2-1/down.csv,True,True,16,15,15,16,14,18,train
action_07,user18,7,18,6-2-2,True,True,IMU/action_07/user18/6-2-2/up.csv,IMU/action_07/user18/6-2-2/down.csv,True,True,5,5,4,6,7,18,train
action_07,user18,7,18,6-2-3,True,True,IMU/action_07/user18/6-2-3/up.csv,IMU/action_07/user18/6-2-3/down.csv,True,True,11,11,10,10,10,18,train
action_07,user2,7,2,4-1-2,True,True,IMU/action_07/user2/4-1-2/up.csv,IMU/action_07/user2/4-1-2/down.csv,True,True,42,42,42,40,42,18,train
action_07,user2,7,2,4-1-3,True,True,IMU/action_07/user2/4-1-3/up.csv,IMU/action_07/user2/4-1-3/down.csv,True,True,16,17,17,15,15,18,train
action_07,user2,7,2,4-3-1,True,True,IMU/action_07/user2/4-3-1/up.csv,IMU/action_07/user2/4-3-1/down.csv,True,True,27,26,27,26,25,18,train
action_07,user2,7,2,4-3-2,True,True,IMU/action_07/user2/4-3-2/up.csv,IMU/action_07/user2/4-3-2/down.csv,True,True,32,33,32,32,32,18,train
action_07,user20,7,20,2-2-1,True,True,IMU/action_07/user20/2-2-1/up.csv,IMU/action_07/user20/2-2-1/down.csv,True,True,12,12,13,13,14,18,train
action_07,user20,7,20,2-2-2,True,True,IMU/action_07/user20/2-2-2/up.csv,IMU/action_07/user20/2-2-2/down.csv,True,True,15,15,17,15,15,18,train
action_07,user20,7,20,2-2-3,True,True,IMU/action_07/user20/2-2-3/up.csv,IMU/action_07/user20/2-2-3/down.csv,True,True,6,7,8,8,7,18,train
action_07,user22,7,22,3-1-1,True,True,IMU/action_07/user22/3-1-1/up.csv,IMU/action_07/user22/3-1-1/down.csv,True,True,30,31,30,31,27,18,train
action_07,user22,7,22,3-1-2,True,True,IMU/action_07/user22/3-1-2/up.csv,IMU/action_07/user22/3-1-2/down.csv,True,True,26,26,27,26,24,18,train
action_07,user23,7,23,4-1-1,True,True,IMU/action_07/user23/4-1-1/up.csv,IMU/action_07/user23/4-1-1/down.csv,True,True,64,63,63,63,63,18,train
action_07,user23,7,23,4-1-2,True,True,IMU/action_07/user23/4-1-2/up.csv,IMU/action_07/user23/4-1-2/down.csv,True,True,50,48,51,49,50,18,train
action_07,user23,7,23,4-1-3,True,True,IMU/action_07/user23/4-1-3/up.csv,IMU/action_07/user23/4-1-3/down.csv,True,True,71,69,69,68,69,18,train
action_07,user23,7,23,7-1-1,True,True,IMU/action_07/user23/7-1-1/up.csv,IMU/action_07/user23/7-1-1/down.csv,True,True,30,30,28,30,30,18,train
action_07,user23,7,23,7-1-3,True,True,IMU/action_07/user23/7-1-3/up.csv,IMU/action_07/user23/7-1-3/down.csv,True,True,21,23,21,21,21,18,train
action_07,user24,7,24,1-2-1,True,True,IMU/action_07/user24/1-2-1/up.csv,IMU/action_07/user24/1-2-1/down.csv,True,True,33,32,33,32,32,18,train
action_07,user24,7,24,1-2-2,True,True,IMU/action_07/user24/1-2-2/up.csv,IMU/action_07/user24/1-2-2/down.csv,True,True,30,29,30,30,31,18,train
action_07,user24,7,24,1-2-3,True,True,IMU/action_07/user24/1-2-3/up.csv,IMU/action_07/user24/1-2-3/down.csv,True,True,17,16,17,15,15,18,train
action_07,user4,7,4,4-1-1,True,True,IMU/action_07/user4/4-1-1/up.csv,IMU/action_07/user4/4-1-1/down.csv,True,True,30,29,30,29,30,18,train
action_07,user4,7,4,4-1-2,True,True,IMU/action_07/user4/4-1-2/up.csv,IMU/action_07/user4/4-1-2/down.csv,True,True,42,43,43,43,43,18,train
action_07,user4,7,4,4-1-3,True,True,IMU/action_07/user4/4-1-3/up.csv,IMU/action_07/user4/4-1-3/down.csv,True,True,20,20,20,20,21,18,train
action_07,user5,7,5,4-3-1,True,True,IMU/action_07/user5/4-3-1/up.csv,IMU/action_07/user5/4-3-1/down.csv,True,True,11,10,10,13,11,18,train
action_07,user5,7,5,4-3-2,True,True,IMU/action_07/user5/4-3-2/up.csv,IMU/action_07/user5/4-3-2/down.csv,True,True,22,23,21,21,22,18,train
action_07,user5,7,5,4-3-3,True,True,IMU/action_07/user5/4-3-3/up.csv,IMU/action_07/user5/4-3-3/down.csv,True,True,17,17,17,16,18,18,train
action_07,user6,7,6,4-1-1,True,True,IMU/action_07/user6/4-1-1/up.csv,IMU/action_07/user6/4-1-1/down.csv,True,True,72,71,71,72,73,18,train
action_07,user6,7,6,4-1-2,True,True,IMU/action_07/user6/4-1-2/up.csv,IMU/action_07/user6/4-1-2/down.csv,True,True,48,48,47,59,59,18,train
action_07,user6,7,6,4-1-3,True,True,IMU/action_07/user6/4-1-3/up.csv,IMU/action_07/user6/4-1-3/down.csv,True,True,51,51,51,56,56,18,train
action_07,user8,7,8,6-2-1,True,True,IMU/action_07/user8/6-2-1/up.csv,IMU/action_07/user8/6-2-1/down.csv,True,True,26,26,24,25,24,18,train
action_07,user8,7,8,6-2-2,True,True,IMU/action_07/user8/6-2-2/up.csv,IMU/action_07/user8/6-2-2/down.csv,True,True,18,19,18,18,17,18,train
action_07,user8,7,8,6-2-3,True,True,IMU/action_07/user8/6-2-3/up.csv,IMU/action_07/user8/6-2-3/down.csv,True,True,17,15,15,17,16,18,train
action_08,user1,8,1,3-2-1,True,True,IMU/action_08/user1/3-2-1/up.csv,IMU/action_08/user1/3-2-1/down.csv,True,True,12,12,14,12,12,20,train
action_08,user1,8,1,3-2-2,True,True,IMU/action_08/user1/3-2-2/up.csv,IMU/action_08/user1/3-2-2/down.csv,True,True,6,9,8,7,8,20,train
action_08,user1,8,1,3-2-3,True,True,IMU/action_08/user1/3-2-3/up.csv,IMU/action_08/user1/3-2-3/down.csv,True,True,3,4,3,4,2,20,train
action_08,user1,8,1,5-1-1,True,True,IMU/action_08/user1/5-1-1/up.csv,IMU/action_08/user1/5-1-1/down.csv,True,True,16,15,16,17,16,20,train
action_08,user1,8,1,5-1-2,True,True,IMU/action_08/user1/5-1-2/up.csv,IMU/action_08/user1/5-1-2/down.csv,True,True,38,39,39,39,39,20,train
action_08,user1,8,1,5-1-3,True,True,IMU/action_08/user1/5-1-3/up.csv,IMU/action_08/user1/5-1-3/down.csv,True,True,23,23,25,25,25,20,train
action_08,user16,8,16,4-1-1,True,True,IMU/action_08/user16/4-1-1/up.csv,IMU/action_08/user16/4-1-1/down.csv,True,True,14,16,15,15,13,20,train
action_08,user16,8,16,4-1-2,True,True,IMU/action_08/user16/4-1-2/up.csv,IMU/action_08/user16/4-1-2/down.csv,True,True,24,26,26,25,25,20,train
action_08,user16,8,16,4-1-3,True,True,IMU/action_08/user16/4-1-3/up.csv,IMU/action_08/user16/4-1-3/down.csv,True,True,24,26,26,25,28,20,train
action_08,user16,8,16,5-3-1,True,True,IMU/action_08/user16/5-3-1/up.csv,IMU/action_08/user16/5-3-1/down.csv,True,True,41,42,41,41,39,20,train
action_08,user16,8,16,5-3-2,True,True,IMU/action_08/user16/5-3-2/up.csv,IMU/action_08/user16/5-3-2/down.csv,True,True,26,23,24,25,22,20,train
action_08,user16,8,16,5-3-3,True,True,IMU/action_08/user16/5-3-3/up.csv,IMU/action_08/user16/5-3-3/down.csv,True,True,26,26,27,28,26,20,train
action_08,user16,8,16,7-3-1,True,True,IMU/action_08/user16/7-3-1/up.csv,IMU/action_08/user16/7-3-1/down.csv,True,True,24,24,24,25,24,20,train
action_08,user16,8,16,7-3-2,True,True,IMU/action_08/user16/7-3-2/up.csv,IMU/action_08/user16/7-3-2/down.csv,True,True,32,32,33,32,33,20,train
action_08,user16,8,16,7-3-3,True,True,IMU/action_08/user16/7-3-3/up.csv,IMU/action_08/user16/7-3-3/down.csv,True,True,20,20,19,20,20,20,train
action_08,user17,8,17,1-2-1,True,True,IMU/action_08/user17/1-2-1/up.csv,IMU/action_08/user17/1-2-1/down.csv,True,True,15,17,15,15,15,20,train
action_08,user17,8,17,1-2-2,True,True,IMU/action_08/user17/1-2-2/up.csv,IMU/action_08/user17/1-2-2/down.csv,True,True,20,19,20,19,19,20,train
action_08,user17,8,17,1-2-3,True,True,IMU/action_08/user17/1-2-3/up.csv,IMU/action_08/user17/1-2-3/down.csv,True,True,10,10,10,10,9,20,train
action_08,user17,8,17,4-1-1,True,True,IMU/action_08/user17/4-1-1/up.csv,IMU/action_08/user17/4-1-1/down.csv,True,True,13,13,13,14,14,20,train
action_08,user17,8,17,4-1-2,True,True,IMU/action_08/user17/4-1-2/up.csv,IMU/action_08/user17/4-1-2/down.csv,True,True,6,6,6,7,7,20,train
action_08,user17,8,17,4-1-3,True,True,IMU/action_08/user17/4-1-3/up.csv,IMU/action_08/user17/4-1-3/down.csv,True,True,6,5,6,5,5,20,train
action_08,user18,8,18,2-1-1,True,True,IMU/action_08/user18/2-1-1/up.csv,IMU/action_08/user18/2-1-1/down.csv,True,True,19,18,18,17,18,20,train
action_08,user18,8,18,2-1-2,True,True,IMU/action_08/user18/2-1-2/up.csv,IMU/action_08/user18/2-1-2/down.csv,True,True,9,11,12,11,11,20,train
action_08,user18,8,18,2-1-3,True,True,IMU/action_08/user18/2-1-3/up.csv,IMU/action_08/user18/2-1-3/down.csv,True,True,12,12,11,13,12,20,train
action_08,user18,8,18,5-1-1,True,True,IMU/action_08/user18/5-1-1/up.csv,IMU/action_08/user18/5-1-1/down.csv,True,True,20,20,20,21,20,20,train
action_08,user18,8,18,5-1-2,True,True,IMU/action_08/user18/5-1-2/up.csv,IMU/action_08/user18/5-1-2/down.csv,True,True,20,20,21,21,21,20,train
action_08,user18,8,18,5-1-3,True,True,IMU/action_08/user18/5-1-3/up.csv,IMU/action_08/user18/5-1-3/down.csv,True,True,15,16,16,16,17,20,train
action_08,user18,8,18,6-2-1,True,True,IMU/action_08/user18/6-2-1/up.csv,IMU/action_08/user18/6-2-1/down.csv,True,True,13,14,13,14,13,20,train
action_08,user18,8,18,6-2-2,True,True,IMU/action_08/user18/6-2-2/up.csv,IMU/action_08/user18/6-2-2/down.csv,True,True,7,6,6,6,5,20,train
action_08,user18,8,18,6-2-3,True,True,IMU/action_08/user18/6-2-3/up.csv,IMU/action_08/user18/6-2-3/down.csv,True,True,8,7,7,7,8,20,train
action_08,user19,8,19,4-1-1,True,True,IMU/action_08/user19/4-1-1/up.csv,IMU/action_08/user19/4-1-1/down.csv,True,True,11,11,10,9,10,20,train
action_08,user19,8,19,4-1-2,True,True,IMU/action_08/user19/4-1-2/up.csv,IMU/action_08/user19/4-1-2/down.csv,True,True,13,14,9,11,11,20,train
action_08,user19,8,19,5-3-1,True,True,IMU/action_08/user19/5-3-1/up.csv,IMU/action_08/user19/5-3-1/down.csv,True,True,9,10,11,10,10,20,train
action_08,user19,8,19,5-3-2,True,True,IMU/action_08/user19/5-3-2/up.csv,IMU/action_08/user19/5-3-2/down.csv,True,True,13,12,14,13,12,20,train
action_08,user19,8,19,5-3-3,True,True,IMU/action_08/user19/5-3-3/up.csv,IMU/action_08/user19/5-3-3/down.csv,True,True,5,4,5,4,6,20,train
action_08,user20,8,20,1-1-1,True,True,IMU/action_08/user20/1-1-1/up.csv,IMU/action_08/user20/1-1-1/down.csv,True,True,31,30,31,31,29,20,train
action_08,user20,8,20,1-1-2,True,True,IMU/action_08/user20/1-1-2/up.csv,IMU/action_08/user20/1-1-2/down.csv,True,True,16,18,18,18,13,20,train
action_08,user20,8,20,1-1-3,True,True,IMU/action_08/user20/1-1-3/up.csv,IMU/action_08/user20/1-1-3/down.csv,True,True,25,24,25,25,26,20,train
action_08,user20,8,20,2-2-1,True,True,IMU/action_08/user20/2-2-1/up.csv,IMU/action_08/user20/2-2-1/down.csv,True,True,13,12,13,13,14,20,train
action_08,user20,8,20,2-2-2,True,True,IMU/action_08/user20/2-2-2/up.csv,IMU/action_08/user20/2-2-2/down.csv,True,True,11,10,10,10,10,20,train
action_08,user20,8,20,2-2-3,True,True,IMU/action_08/user20/2-2-3/up.csv,IMU/action_08/user20/2-2-3/down.csv,True,True,3,4,2,4,3,20,train
action_08,user20,8,20,4-1-1,True,True,IMU/action_08/user20/4-1-1/up.csv,IMU/action_08/user20/4-1-1/down.csv,True,True,20,20,20,18,19,20,train
action_08,user20,8,20,4-1-2,True,True,IMU/action_08/user20/4-1-2/up.csv,IMU/action_08/user20/4-1-2/down.csv,True,True,5,6,4,2,6,20,train
action_08,user20,8,20,4-1-3,True,True,IMU/action_08/user20/4-1-3/up.csv,IMU/action_08/user20/4-1-3/down.csv,True,True,13,12,11,13,13,20,train
action_08,user20,8,20,5-1-1,True,True,IMU/action_08/user20/5-1-1/up.csv,IMU/action_08/user20/5-1-1/down.csv,True,True,3,3,3,3,4,20,train
action_08,user20,8,20,5-1-2,True,True,IMU/action_08/user20/5-1-2/up.csv,IMU/action_08/user20/5-1-2/down.csv,True,True,5,4,5,5,6,20,train
action_08,user21,8,21,2-2-1,True,True,IMU/action_08/user21/2-2-1/up.csv,IMU/action_08/user21/2-2-1/down.csv,True,True,18,18,19,18,18,20,test
action_08,user21,8,21,2-2-2,True,True,IMU/action_08/user21/2-2-2/up.csv,IMU/action_08/user21/2-2-2/down.csv,True,True,8,8,7,8,8,20,test
action_08,user21,8,21,2-2-3,True,True,IMU/action_08/user21/2-2-3/up.csv,IMU/action_08/user21/2-2-3/down.csv,True,True,13,14,15,14,14,20,test
action_08,user21,8,21,6-2-1,True,True,IMU/action_08/user21/6-2-1/up.csv,IMU/action_08/user21/6-2-1/down.csv,True,True,27,27,26,27,26,20,test
action_08,user21,8,21,6-2-2,True,True,IMU/action_08/user21/6-2-2/up.csv,IMU/action_08/user21/6-2-2/down.csv,True,True,16,16,17,16,17,20,test
action_08,user21,8,21,6-2-3,True,True,IMU/action_08/user21/6-2-3/up.csv,IMU/action_08/user21/6-2-3/down.csv,True,True,16,15,18,17,17,20,test
action_08,user22,8,22,6-1-1,True,True,IMU/action_08/user22/6-1-1/up.csv,IMU/action_08/user22/6-1-1/down.csv,True,True,16,14,15,11,15,20,train
action_08,user22,8,22,6-1-2,True,True,IMU/action_08/user22/6-1-2/up.csv,IMU/action_08/user22/6-1-2/down.csv,True,True,12,11,11,12,11,20,train
action_08,user22,8,22,6-1-3,True,True,IMU/action_08/user22/6-1-3/up.csv,IMU/action_08/user22/6-1-3/down.csv,True,True,1,1,2,3,1,20,train
action_08,user24,8,24,7-2-1,True,True,IMU/action_08/user24/7-2-1/up.csv,IMU/action_08/user24/7-2-1/down.csv,True,True,20,21,21,22,21,20,train
action_08,user24,8,24,7-2-2,True,True,IMU/action_08/user24/7-2-2/up.csv,IMU/action_08/user24/7-2-2/down.csv,True,True,10,10,11,10,11,20,train
action_08,user24,8,24,7-2-3,True,True,IMU/action_08/user24/7-2-3/up.csv,IMU/action_08/user24/7-2-3/down.csv,True,True,20,19,19,18,18,20,train
action_08,user4,8,4,5-2-1,True,True,IMU/action_08/user4/5-2-1/up.csv,IMU/action_08/user4/5-2-1/down.csv,True,True,21,20,21,21,21,20,train
action_08,user4,8,4,5-2-2,True,True,IMU/action_08/user4/5-2-2/up.csv,IMU/action_08/user4/5-2-2/down.csv,True,True,15,14,15,14,14,20,train
action_08,user4,8,4,5-2-3,True,True,IMU/action_08/user4/5-2-3/up.csv,IMU/action_08/user4/5-2-3/down.csv,True,True,11,10,10,10,8,20,train
action_08,user5,8,5,4-1-1,True,True,IMU/action_08/user5/4-1-1/up.csv,IMU/action_08/user5/4-1-1/down.csv,True,True,14,16,15,16,16,20,train
action_08,user5,8,5,4-1-2,True,True,IMU/action_08/user5/4-1-2/up.csv,IMU/action_08/user5/4-1-2/down.csv,True,True,14,14,12,14,13,20,train
action_08,user6,8,6,4-1-1,True,True,IMU/action_08/user6/4-1-1/up.csv,IMU/action_08/user6/4-1-1/down.csv,True,True,24,25,25,24,24,20,train
action_08,user6,8,6,4-1-2,True,True,IMU/action_08/user6/4-1-2/up.csv,IMU/action_08/user6/4-1-2/down.csv,True,True,9,8,7,9,9,20,train
action_08,user6,8,6,4-1-3,True,True,IMU/action_08/user6/4-1-3/up.csv,IMU/action_08/user6/4-1-3/down.csv,True,True,14,13,14,13,13,20,train
action_08,user6,8,6,5-3-1,True,True,IMU/action_08/user6/5-3-1/up.csv,IMU/action_08/user6/5-3-1/down.csv,True,True,17,17,17,16,17,20,train
action_08,user6,8,6,5-3-2,True,True,IMU/action_08/user6/5-3-2/up.csv,IMU/action_08/user6/5-3-2/down.csv,True,True,27,27,28,27,28,20,train
action_08,user6,8,6,5-3-3,True,True,IMU/action_08/user6/5-3-3/up.csv,IMU/action_08/user6/5-3-3/down.csv,True,True,15,15,16,16,15,20,train
action_08,user6,8,6,6-2-1,True,True,IMU/action_08/user6/6-2-1/up.csv,IMU/action_08/user6/6-2-1/down.csv,True,True,12,12,11,11,12,20,train
action_08,user6,8,6,6-2-2,True,True,IMU/action_08/user6/6-2-2/up.csv,IMU/action_08/user6/6-2-2/down.csv,True,True,5,4,6,4,5,20,train
action_08,user6,8,6,6-2-3,True,True,IMU/action_08/user6/6-2-3/up.csv,IMU/action_08/user6/6-2-3/down.csv,True,True,15,15,15,15,17,20,train
action_08,user6,8,6,7-3-1,True,True,IMU/action_08/user6/7-3-1/up.csv,IMU/action_08/user6/7-3-1/down.csv,True,True,11,12,11,10,10,20,train
action_08,user6,8,6,7-3-2,True,True,IMU/action_08/user6/7-3-2/up.csv,IMU/action_08/user6/7-3-2/down.csv,True,True,15,13,13,13,14,20,train
action_08,user6,8,6,7-3-3,True,True,IMU/action_08/user6/7-3-3/up.csv,IMU/action_08/user6/7-3-3/down.csv,True,True,6,7,7,7,6,20,train
action_08,user7,8,7,2-2-1,True,True,IMU/action_08/user7/2-2-1/up.csv,IMU/action_08/user7/2-2-1/down.csv,True,True,21,22,21,22,22,20,train
action_08,user7,8,7,2-2-2,True,True,IMU/action_08/user7/2-2-2/up.csv,IMU/action_08/user7/2-2-2/down.csv,True,True,30,29,29,29,30,20,train
action_08,user7,8,7,2-2-3,True,True,IMU/action_08/user7/2-2-3/up.csv,IMU/action_08/user7/2-2-3/down.csv,True,True,17,17,16,16,16,20,train
action_08,user7,8,7,3-3-1,True,True,IMU/action_08/user7/3-3-1/up.csv,IMU/action_08/user7/3-3-1/down.csv,True,True,69,68,66,68,66,20,train
action_08,user7,8,7,3-3-3,True,True,IMU/action_08/user7/3-3-3/up.csv,IMU/action_08/user7/3-3-3/down.csv,True,True,41,41,41,40,41,20,train
action_08,user7,8,7,4-1-1,True,True,IMU/action_08/user7/4-1-1/up.csv,IMU/action_08/user7/4-1-1/down.csv,True,True,9,10,11,9,11,20,train
action_08,user7,8,7,4-1-2,True,True,IMU/action_08/user7/4-1-2/up.csv,IMU/action_08/user7/4-1-2/down.csv,True,True,6,5,4,5,5,20,train
action_08,user7,8,7,4-1-3,True,True,IMU/action_08/user7/4-1-3/up.csv,IMU/action_08/user7/4-1-3/down.csv,True,True,7,6,6,5,6,20,train
action_08,user8,8,8,2-1-1,True,True,IMU/action_08/user8/2-1-1/up.csv,IMU/action_08/user8/2-1-1/down.csv,True,True,13,14,13,14,14,20,train
action_08,user8,8,8,2-1-2,True,True,IMU/action_08/user8/2-1-2/up.csv,IMU/action_08/user8/2-1-2/down.csv,True,True,20,18,19,20,20,20,train
action_08,user8,8,8,2-1-3,True,True,IMU/action_08/user8/2-1-3/up.csv,IMU/action_08/user8/2-1-3/down.csv,True,True,21,21,23,21,22,20,train
action_08,user8,8,8,5-1-1,True,True,IMU/action_08/user8/5-1-1/up.csv,IMU/action_08/user8/5-1-1/down.csv,True,True,12,10,14,11,11,20,train
action_08,user8,8,8,5-1-2,True,True,IMU/action_08/user8/5-1-2/up.csv,IMU/action_08/user8/5-1-2/down.csv,True,True,13,12,14,14,13,20,train
action_08,user8,8,8,5-1-3,True,True,IMU/action_08/user8/5-1-3/up.csv,IMU/action_08/user8/5-1-3/down.csv,True,True,18,20,18,19,21,20,train
action_08,user8,8,8,6-2-1,True,True,IMU/action_08/user8/6-2-1/up.csv,IMU/action_08/user8/6-2-1/down.csv,True,True,23,25,24,23,23,20,train
action_08,user8,8,8,6-2-2,True,True,IMU/action_08/user8/6-2-2/up.csv,IMU/action_08/user8/6-2-2/down.csv,True,True,4,3,3,3,3,20,train
action_08,user9,8,9,5-3-1,True,True,IMU/action_08/user9/5-3-1/up.csv,IMU/action_08/user9/5-3-1/down.csv,True,True,10,9,10,9,11,20,train
action_08,user9,8,9,5-3-2,True,True,IMU/action_08/user9/5-3-2/up.csv,IMU/action_08/user9/5-3-2/down.csv,True,True,12,12,12,12,10,20,train
action_08,user9,8,9,5-3-3,True,True,IMU/action_08/user9/5-3-3/up.csv,IMU/action_08/user9/5-3-3/down.csv,True,True,6,6,7,7,7,20,train
action_08,user9,8,9,6-1-1,True,True,IMU/action_08/user9/6-1-1/up.csv,IMU/action_08/user9/6-1-1/down.csv,True,True,5,6,6,6,6,20,train
action_08,user9,8,9,6-1-2,True,True,IMU/action_08/user9/6-1-2/up.csv,IMU/action_08/user9/6-1-2/down.csv,True,True,4,4,4,4,5,20,train
action_08,user9,8,9,6-1-3,True,True,IMU/action_08/user9/6-1-3/up.csv,IMU/action_08/user9/6-1-3/down.csv,True,True,6,6,7,6,8,20,train
action_09,user1,9,1,6-2-2,True,True,IMU/action_09/user1/6-2-2/up.csv,IMU/action_09/user1/6-2-2/down.csv,True,True,9,10,10,9,10,21,train
action_09,user1,9,1,6-2-3,True,True,IMU/action_09/user1/6-2-3/up.csv,IMU/action_09/user1/6-2-3/down.csv,True,True,10,10,10,14,10,21,train
action_09,user16,9,16,4-1-1,True,True,IMU/action_09/user16/4-1-1/up.csv,IMU/action_09/user16/4-1-1/down.csv,True,True,23,22,23,23,23,21,train
action_09,user16,9,16,4-1-2,True,True,IMU/action_09/user16/4-1-2/up.csv,IMU/action_09/user16/4-1-2/down.csv,True,True,15,16,16,18,15,21,train
action_09,user16,9,16,4-1-3,True,True,IMU/action_09/user16/4-1-3/up.csv,IMU/action_09/user16/4-1-3/down.csv,True,True,2,1,3,1,2,21,train
action_09,user16,9,16,7-3-1,True,True,IMU/action_09/user16/7-3-1/up.csv,IMU/action_09/user16/7-3-1/down.csv,True,True,16,15,15,15,15,21,train
action_09,user16,9,16,7-3-2,True,True,IMU/action_09/user16/7-3-2/up.csv,IMU/action_09/user16/7-3-2/down.csv,True,True,16,16,17,15,17,21,train
action_09,user16,9,16,7-3-3,True,True,IMU/action_09/user16/7-3-3/up.csv,IMU/action_09/user16/7-3-3/down.csv,True,True,4,4,3,4,3,21,train
action_09,user17,9,17,4-1-1,True,True,IMU/action_09/user17/4-1-1/up.csv,IMU/action_09/user17/4-1-1/down.csv,True,True,70,71,71,71,71,21,train
action_09,user17,9,17,4-1-2,True,True,IMU/action_09/user17/4-1-2/up.csv,IMU/action_09/user17/4-1-2/down.csv,True,True,55,55,54,55,55,21,train
action_09,user17,9,17,4-1-3,True,True,IMU/action_09/user17/4-1-3/up.csv,IMU/action_09/user17/4-1-3/down.csv,True,True,26,26,25,27,26,21,train
action_09,user18,9,18,1-2-1,True,True,IMU/action_09/user18/1-2-1/up.csv,IMU/action_09/user18/1-2-1/down.csv,True,True,53,52,52,53,53,21,train
action_09,user18,9,18,1-2-2,True,True,IMU/action_09/user18/1-2-2/up.csv,IMU/action_09/user18/1-2-2/down.csv,True,True,38,37,39,38,39,21,train
action_09,user18,9,18,1-2-3,True,True,IMU/action_09/user18/1-2-3/up.csv,IMU/action_09/user18/1-2-3/down.csv,True,True,48,45,46,46,47,21,train
action_09,user18,9,18,4-1-1,True,True,IMU/action_09/user18/4-1-1/up.csv,IMU/action_09/user18/4-1-1/down.csv,True,True,68,66,67,66,68,21,train
action_09,user18,9,18,4-1-2,True,True,IMU/action_09/user18/4-1-2/up.csv,IMU/action_09/user18/4-1-2/down.csv,True,True,30,31,30,31,31,21,train
action_09,user18,9,18,4-1-3,True,True,IMU/action_09/user18/4-1-3/up.csv,IMU/action_09/user18/4-1-3/down.csv,True,True,65,64,65,64,63,21,train
action_09,user19,9,19,4-1-1,True,True,IMU/action_09/user19/4-1-1/up.csv,IMU/action_09/user19/4-1-1/down.csv,True,True,2,4,4,5,4,21,train
action_09,user19,9,19,4-1-2,True,True,IMU/action_09/user19/4-1-2/up.csv,IMU/action_09/user19/4-1-2/down.csv,True,True,3,5,6,6,5,21,train
action_09,user19,9,19,4-1-3,True,True,IMU/action_09/user19/4-1-3/up.csv,IMU/action_09/user19/4-1-3/down.csv,True,True,5,5,6,7,4,21,train
action_09,user19,9,19,6-1-1,True,True,IMU/action_09/user19/6-1-1/up.csv,IMU/action_09/user19/6-1-1/down.csv,True,True,10,9,10,9,9,21,train
action_09,user19,9,19,6-1-2,True,True,IMU/action_09/user19/6-1-2/up.csv,IMU/action_09/user19/6-1-2/down.csv,True,True,3,4,3,3,2,21,train
action_09,user19,9,19,6-1-3,True,True,IMU/action_09/user19/6-1-3/up.csv,IMU/action_09/user19/6-1-3/down.csv,True,True,9,9,9,9,8,21,train
action_09,user2,9,2,3-2-3,True,True,IMU/action_09/user2/3-2-3/up.csv,IMU/action_09/user2/3-2-3/down.csv,True,True,14,15,14,15,15,21,train
action_09,user20,9,20,4-1-1,True,True,IMU/action_09/user20/4-1-1/up.csv,IMU/action_09/user20/4-1-1/down.csv,True,True,66,64,66,66,65,21,train
action_09,user20,9,20,4-1-2,True,True,IMU/action_09/user20/4-1-2/up.csv,IMU/action_09/user20/4-1-2/down.csv,True,True,7,10,9,6,8,21,train
action_09,user20,9,20,4-1-3,True,True,IMU/action_09/user20/4-1-3/up.csv,IMU/action_09/user20/4-1-3/down.csv,True,True,15,16,16,14,16,21,train
action_09,user22,9,22,1-2-1,True,True,IMU/action_09/user22/1-2-1/up.csv,IMU/action_09/user22/1-2-1/down.csv,True,True,28,27,28,28,27,21,train
action_09,user22,9,22,1-2-2,True,True,IMU/action_09/user22/1-2-2/up.csv,IMU/action_09/user22/1-2-2/down.csv,True,True,31,31,30,30,29,21,train
action_09,user22,9,22,1-2-3,True,True,IMU/action_09/user22/1-2-3/up.csv,IMU/action_09/user22/1-2-3/down.csv,True,True,7,8,7,10,8,21,train
action_09,user22,9,22,4-1-1,True,True,IMU/action_09/user22/4-1-1/up.csv,IMU/action_09/user22/4-1-1/down.csv,True,True,9,9,9,9,8,21,train
action_09,user22,9,22,4-1-2,True,True,IMU/action_09/user22/4-1-2/up.csv,IMU/action_09/user22/4-1-2/down.csv,True,True,12,12,13,13,14,21,train
action_09,user22,9,22,4-1-3,True,True,IMU/action_09/user22/4-1-3/up.csv,IMU/action_09/user22/4-1-3/down.csv,True,True,25,23,22,26,24,21,train
action_09,user23,9,23,4-1-1,True,True,IMU/action_09/user23/4-1-1/up.csv,IMU/action_09/user23/4-1-1/down.csv,True,True,44,45,45,44,44,21,train
action_09,user23,9,23,4-1-2,True,True,IMU/action_09/user23/4-1-2/up.csv,IMU/action_09/user23/4-1-2/down.csv,True,True,31,33,32,33,32,21,train
action_09,user23,9,23,4-1-3,True,True,IMU/action_09/user23/4-1-3/up.csv,IMU/action_09/user23/4-1-3/down.csv,True,True,44,42,43,43,42,21,train
action_09,user24,9,24,1-2-1,True,True,IMU/action_09/user24/1-2-1/up.csv,IMU/action_09/user24/1-2-1/down.csv,True,True,132,132,132,131,132,21,train
action_09,user24,9,24,1-2-2,True,True,IMU/action_09/user24/1-2-2/up.csv,IMU/action_09/user24/1-2-2/down.csv,True,True,34,35,33,35,35,21,train
action_09,user24,9,24,1-2-3,True,True,IMU/action_09/user24/1-2-3/up.csv,IMU/action_09/user24/1-2-3/down.csv,True,True,45,47,46,47,44,21,train
action_09,user24,9,24,7-2-1,True,True,IMU/action_09/user24/7-2-1/up.csv,IMU/action_09/user24/7-2-1/down.csv,True,True,81,82,82,82,83,21,train
action_09,user24,9,24,7-2-2,True,True,IMU/action_09/user24/7-2-2/up.csv,IMU/action_09/user24/7-2-2/down.csv,True,True,45,46,44,44,44,21,train
action_09,user24,9,24,7-2-3,True,True,IMU/action_09/user24/7-2-3/up.csv,IMU/action_09/user24/7-2-3/down.csv,True,True,50,50,49,50,50,21,train
action_09,user3,9,3,4-1-2,True,True,IMU/action_09/user3/4-1-2/up.csv,IMU/action_09/user3/4-1-2/down.csv,True,True,93,92,92,90,93,21,train
action_09,user3,9,3,4-1-3,True,True,IMU/action_09/user3/4-1-3/up.csv,IMU/action_09/user3/4-1-3/down.csv,True,True,70,71,70,70,71,21,train
action_09,user3,9,3,5-2-1,True,True,IMU/action_09/user3/5-2-1/up.csv,IMU/action_09/user3/5-2-1/down.csv,True,True,265,265,266,264,264,21,train
action_09,user3,9,3,5-2-2,True,True,IMU/action_09/user3/5-2-2/up.csv,IMU/action_09/user3/5-2-2/down.csv,True,True,126,125,125,125,126,21,train
action_09,user3,9,3,5-2-3,True,True,IMU/action_09/user3/5-2-3/up.csv,IMU/action_09/user3/5-2-3/down.csv,True,True,235,233,233,234,233,21,train
action_09,user4,9,4,4-1-1,True,True,IMU/action_09/user4/4-1-1/up.csv,IMU/action_09/user4/4-1-1/down.csv,True,True,7,7,8,8,7,21,train
action_09,user4,9,4,4-1-2,True,True,IMU/action_09/user4/4-1-2/up.csv,IMU/action_09/user4/4-1-2/down.csv,True,True,11,11,10,11,11,21,train
action_09,user4,9,4,4-1-3,True,True,IMU/action_09/user4/4-1-3/up.csv,IMU/action_09/user4/4-1-3/down.csv,True,True,6,5,4,4,4,21,train
action_09,user6,9,6,4-1-1,True,True,IMU/action_09/user6/4-1-1/up.csv,IMU/action_09/user6/4-1-1/down.csv,True,True,45,47,46,46,45,21,train
action_09,user6,9,6,4-1-2,True,True,IMU/action_09/user6/4-1-2/up.csv,IMU/action_09/user6/4-1-2/down.csv,True,True,37,37,36,37,37,21,train
action_09,user6,9,6,4-1-3,True,True,IMU/action_09/user6/4-1-3/up.csv,IMU/action_09/user6/4-1-3/down.csv,True,True,24,26,24,25,26,21,train
action_09,user6,9,6,7-3-1,True,True,IMU/action_09/user6/7-3-1/up.csv,IMU/action_09/user6/7-3-1/down.csv,True,True,52,50,52,51,51,21,train
action_09,user6,9,6,7-3-2,True,True,IMU/action_09/user6/7-3-2/up.csv,IMU/action_09/user6/7-3-2/down.csv,True,True,40,41,41,40,39,21,train
action_09,user6,9,6,7-3-3,True,True,IMU/action_09/user6/7-3-3/up.csv,IMU/action_09/user6/7-3-3/down.csv,True,True,46,46,46,46,46,21,train
action_09,user7,9,7,4-1-1,True,True,IMU/action_09/user7/4-1-1/up.csv,IMU/action_09/user7/4-1-1/down.csv,True,True,61,62,60,62,62,21,train
action_09,user7,9,7,4-1-2,True,True,IMU/action_09/user7/4-1-2/up.csv,IMU/action_09/user7/4-1-2/down.csv,True,True,46,45,45,45,45,21,train
action_09,user7,9,7,4-1-3,True,True,IMU/action_09/user7/4-1-3/up.csv,IMU/action_09/user7/4-1-3/down.csv,True,True,33,31,33,32,32,21,train
action_09,user8,9,8,1-2-1,True,True,IMU/action_09/user8/1-2-1/up.csv,IMU/action_09/user8/1-2-1/down.csv,True,True,46,47,48,46,47,21,train
action_09,user8,9,8,1-2-2,True,True,IMU/action_09/user8/1-2-2/up.csv,IMU/action_09/user8/1-2-2/down.csv,True,True,23,23,23,23,24,21,train
action_09,user8,9,8,1-2-3,True,True,IMU/action_09/user8/1-2-3/up.csv,IMU/action_09/user8/1-2-3/down.csv,True,True,38,39,38,38,39,21,train
action_09,user8,9,8,4-1-2,True,True,IMU/action_09/user8/4-1-2/up.csv,IMU/action_09/user8/4-1-2/down.csv,True,True,45,43,43,44,44,21,train
action_09,user8,9,8,4-1-3,True,True,IMU/action_09/user8/4-1-3/up.csv,IMU/action_09/user8/4-1-3/down.csv,True,True,30,32,31,32,31,21,train
action_09,user9,9,9,4-1-1,True,True,IMU/action_09/user9/4-1-1/up.csv,IMU/action_09/user9/4-1-1/down.csv,True,True,45,45,47,46,47,21,train
action_09,user9,9,9,4-1-2,True,True,IMU/action_09/user9/4-1-2/up.csv,IMU/action_09/user9/4-1-2/down.csv,True,True,37,35,36,36,35,21,train
action_09,user9,9,9,4-1-3,True,True,IMU/action_09/user9/4-1-3/up.csv,IMU/action_09/user9/4-1-3/down.csv,True,True,44,44,44,43,45,21,train
action_09,user9,9,9,6-1-1,True,True,IMU/action_09/user9/6-1-1/up.csv,IMU/action_09/user9/6-1-1/down.csv,True,True,46,45,45,44,44,21,train
action_09,user9,9,9,6-1-2,True,True,IMU/action_09/user9/6-1-2/up.csv,IMU/action_09/user9/6-1-2/down.csv,True,True,27,27,26,26,25,21,train
action_09,user9,9,9,6-1-3,True,True,IMU/action_09/user9/6-1-3/up.csv,IMU/action_09/user9/6-1-3/down.csv,True,True,23,21,21,22,22,21,train
action_10,user1,10,1,6-2-2,True,True,IMU/action_10/user1/6-2-2/up.csv,IMU/action_10/user1/6-2-2/down.csv,True,True,18,18,19,20,19,22,train
action_10,user1,10,1,6-2-3,True,True,IMU/action_10/user1/6-2-3/up.csv,IMU/action_10/user1/6-2-3/down.csv,True,True,36,35,36,37,35,22,train
action_10,user16,10,16,4-1-1,True,True,IMU/action_10/user16/4-1-1/up.csv,IMU/action_10/user16/4-1-1/down.csv,True,True,47,47,46,46,46,22,train
action_10,user16,10,16,4-1-2,True,True,IMU/action_10/user16/4-1-2/up.csv,IMU/action_10/user16/4-1-2/down.csv,True,True,32,32,32,33,31,22,train
action_10,user16,10,16,4-1-3,True,True,IMU/action_10/user16/4-1-3/up.csv,IMU/action_10/user16/4-1-3/down.csv,True,True,47,46,47,48,47,22,train
action_10,user16,10,16,7-3-1,True,True,IMU/action_10/user16/7-3-1/up.csv,IMU/action_10/user16/7-3-1/down.csv,True,True,62,64,62,63,62,22,train
action_10,user16,10,16,7-3-2,True,True,IMU/action_10/user16/7-3-2/up.csv,IMU/action_10/user16/7-3-2/down.csv,True,True,68,69,67,68,67,22,train
action_10,user16,10,16,7-3-3,True,True,IMU/action_10/user16/7-3-3/up.csv,IMU/action_10/user16/7-3-3/down.csv,True,True,46,46,47,47,47,22,train
action_10,user18,10,18,1-2-1,True,True,IMU/action_10/user18/1-2-1/up.csv,IMU/action_10/user18/1-2-1/down.csv,True,True,22,21,20,22,20,22,train
action_10,user18,10,18,1-2-2,True,True,IMU/action_10/user18/1-2-2/up.csv,IMU/action_10/user18/1-2-2/down.csv,True,True,20,20,20,20,19,22,train
action_10,user18,10,18,1-2-3,True,True,IMU/action_10/user18/1-2-3/up.csv,IMU/action_10/user18/1-2-3/down.csv,True,True,22,21,22,22,22,22,train
action_10,user18,10,18,4-1-1,True,True,IMU/action_10/user18/4-1-1/up.csv,IMU/action_10/user18/4-1-1/down.csv,True,True,61,61,61,61,62,22,train
action_10,user18,10,18,4-1-2,True,True,IMU/action_10/user18/4-1-2/up.csv,IMU/action_10/user18/4-1-2/down.csv,True,True,13,14,13,14,13,22,train
action_10,user18,10,18,4-1-3,True,True,IMU/action_10/user18/4-1-3/up.csv,IMU/action_10/user18/4-1-3/down.csv,True,True,30,30,30,31,30,22,train
action_10,user2,10,2,3-2-3,True,True,IMU/action_10/user2/3-2-3/up.csv,IMU/action_10/user2/3-2-3/down.csv,True,True,35,37,34,37,34,22,train
action_10,user20,10,20,2-2-1,True,True,IMU/action_10/user20/2-2-1/up.csv,IMU/action_10/user20/2-2-1/down.csv,True,True,25,25,26,24,26,22,train
action_10,user20,10,20,2-2-2,True,True,IMU/action_10/user20/2-2-2/up.csv,IMU/action_10/user20/2-2-2/down.csv,True,True,29,30,30,30,31,22,train
action_10,user20,10,20,2-2-3,True,True,IMU/action_10/user20/2-2-3/up.csv,IMU/action_10/user20/2-2-3/down.csv,True,True,11,10,10,11,10,22,train
action_10,user20,10,20,4-1-1,True,True,IMU/action_10/user20/4-1-1/up.csv,IMU/action_10/user20/4-1-1/down.csv,True,True,34,32,32,32,32,22,train
action_10,user20,10,20,4-1-2,True,True,IMU/action_10/user20/4-1-2/up.csv,IMU/action_10/user20/4-1-2/down.csv,True,True,31,30,29,28,30,22,train
action_10,user20,10,20,4-1-3,True,True,IMU/action_10/user20/4-1-3/up.csv,IMU/action_10/user20/4-1-3/down.csv,True,True,26,24,26,26,26,22,train
action_10,user21,10,21,2-2-1,True,True,IMU/action_10/user21/2-2-1/up.csv,IMU/action_10/user21/2-2-1/down.csv,True,True,123,122,123,123,123,22,test
action_10,user21,10,21,2-2-2,True,True,IMU/action_10/user21/2-2-2/up.csv,IMU/action_10/user21/2-2-2/down.csv,True,True,76,75,75,75,76,22,test
action_10,user21,10,21,2-2-3,True,True,IMU/action_10/user21/2-2-3/up.csv,IMU/action_10/user21/2-2-3/down.csv,True,True,82,83,82,84,83,22,test
action_10,user22,10,22,4-1-1,True,True,IMU/action_10/user22/4-1-1/up.csv,IMU/action_10/user22/4-1-1/down.csv,True,True,48,50,51,51,51,22,train
action_10,user22,10,22,4-1-2,True,True,IMU/action_10/user22/4-1-2/up.csv,IMU/action_10/user22/4-1-2/down.csv,True,True,38,36,38,35,38,22,train
action_10,user22,10,22,4-1-3,True,True,IMU/action_10/user22/4-1-3/up.csv,IMU/action_10/user22/4-1-3/down.csv,True,True,13,14,13,14,13,22,train
action_10,user24,10,24,1-2-1,True,True,IMU/action_10/user24/1-2-1/up.csv,IMU/action_10/user24/1-2-1/down.csv,True,True,43,44,45,45,44,22,train
action_10,user24,10,24,1-2-2,True,True,IMU/action_10/user24/1-2-2/up.csv,IMU/action_10/user24/1-2-2/down.csv,True,True,30,30,31,29,30,22,train
action_10,user24,10,24,1-2-3,True,True,IMU/action_10/user24/1-2-3/up.csv,IMU/action_10/user24/1-2-3/down.csv,True,True,39,40,39,40,40,22,train
action_10,user24,10,24,7-2-1,True,True,IMU/action_10/user24/7-2-1/up.csv,IMU/action_10/user24/7-2-1/down.csv,True,True,13,13,15,13,14,22,train
action_10,user24,10,24,7-2-2,True,True,IMU/action_10/user24/7-2-2/up.csv,IMU/action_10/user24/7-2-2/down.csv,True,True,27,27,27,27,27,22,train
action_10,user24,10,24,7-2-3,True,True,IMU/action_10/user24/7-2-3/up.csv,IMU/action_10/user24/7-2-3/down.csv,True,True,42,42,42,42,41,22,train
action_10,user3,10,3,4-1-2,True,True,IMU/action_10/user3/4-1-2/up.csv,IMU/action_10/user3/4-1-2/down.csv,True,True,10,9,10,8,8,22,train
action_10,user3,10,3,4-1-3,True,True,IMU/action_10/user3/4-1-3/up.csv,IMU/action_10/user3/4-1-3/down.csv,True,True,62,60,60,62,62,22,train
action_10,user3,10,3,5-2-1,True,True,IMU/action_10/user3/5-2-1/up.csv,IMU/action_10/user3/5-2-1/down.csv,True,True,7,7,8,6,7,22,train
action_10,user3,10,3,5-2-2,True,True,IMU/action_10/user3/5-2-2/up.csv,IMU/action_10/user3/5-2-2/down.csv,True,True,8,7,6,6,7,22,train
action_10,user3,10,3,5-2-3,True,True,IMU/action_10/user3/5-2-3/up.csv,IMU/action_10/user3/5-2-3/down.csv,True,True,18,19,17,19,18,22,train
action_10,user4,10,4,4-1-1,True,True,IMU/action_10/user4/4-1-1/up.csv,IMU/action_10/user4/4-1-1/down.csv,True,True,35,36,34,34,35,22,train
action_10,user4,10,4,4-1-2,True,True,IMU/action_10/user4/4-1-2/up.csv,IMU/action_10/user4/4-1-2/down.csv,True,True,32,31,32,31,33,22,train
action_10,user4,10,4,4-1-3,True,True,IMU/action_10/user4/4-1-3/up.csv,IMU/action_10/user4/4-1-3/down.csv,True,True,38,39,41,40,40,22,train
action_10,user5,10,5,2-1-1,True,True,IMU/action_10/user5/2-1-1/up.csv,IMU/action_10/user5/2-1-1/down.csv,True,True,51,51,51,50,51,22,train
action_10,user5,10,5,2-1-2,True,True,IMU/action_10/user5/2-1-2/up.csv,IMU/action_10/user5/2-1-2/down.csv,True,True,35,35,35,35,34,22,train
action_10,user5,10,5,2-1-3,True,True,IMU/action_10/user5/2-1-3/up.csv,IMU/action_10/user5/2-1-3/down.csv,True,True,42,43,43,44,43,22,train
action_10,user6,10,6,4-1-1,True,True,IMU/action_10/user6/4-1-1/up.csv,IMU/action_10/user6/4-1-1/down.csv,True,True,33,34,34,33,33,22,train
action_10,user6,10,6,4-1-2,True,True,IMU/action_10/user6/4-1-2/up.csv,IMU/action_10/user6/4-1-2/down.csv,True,True,29,29,28,29,28,22,train
action_10,user6,10,6,4-1-3,True,True,IMU/action_10/user6/4-1-3/up.csv,IMU/action_10/user6/4-1-3/down.csv,True,True,17,17,17,17,17,22,train
action_10,user6,10,6,7-3-1,True,True,IMU/action_10/user6/7-3-1/up.csv,IMU/action_10/user6/7-3-1/down.csv,True,True,42,41,41,42,42,22,train
action_10,user6,10,6,7-3-2,True,True,IMU/action_10/user6/7-3-2/up.csv,IMU/action_10/user6/7-3-2/down.csv,True,True,39,40,40,38,38,22,train
action_10,user6,10,6,7-3-3,True,True,IMU/action_10/user6/7-3-3/up.csv,IMU/action_10/user6/7-3-3/down.csv,True,True,37,37,38,37,36,22,train
action_10,user8,10,8,4-1-2,True,True,IMU/action_10/user8/4-1-2/up.csv,IMU/action_10/user8/4-1-2/down.csv,True,True,37,37,36,37,37,22,train
action_10,user8,10,8,4-1-3,True,True,IMU/action_10/user8/4-1-3/up.csv,IMU/action_10/user8/4-1-3/down.csv,True,True,30,29,30,30,29,22,train
action_10,user8,10,8,6-2-1,True,True,IMU/action_10/user8/6-2-1/up.csv,IMU/action_10/user8/6-2-1/down.csv,True,True,25,24,26,26,24,22,train
action_10,user8,10,8,6-2-2,True,True,IMU/action_10/user8/6-2-2/up.csv,IMU/action_10/user8/6-2-2/down.csv,True,True,3,3,4,3,4,22,train
action_10,user8,10,8,6-2-3,True,True,IMU/action_10/user8/6-2-3/up.csv,IMU/action_10/user8/6-2-3/down.csv,True,True,13,13,13,13,14,22,train
action_11,user1,11,1,5-1-1,True,True,IMU/action_11/user1/5-1-1/up.csv,IMU/action_11/user1/5-1-1/down.csv,True,True,45,47,48,46,48,23,train
action_11,user1,11,1,5-1-2,True,True,IMU/action_11/user1/5-1-2/up.csv,IMU/action_11/user1/5-1-2/down.csv,True,True,13,14,14,16,15,23,train
action_11,user1,11,1,5-1-3,True,True,IMU/action_11/user1/5-1-3/up.csv,IMU/action_11/user1/5-1-3/down.csv,True,True,6,5,5,5,6,23,train
action_11,user16,11,16,4-1-1,True,True,IMU/action_11/user16/4-1-1/up.csv,IMU/action_11/user16/4-1-1/down.csv,True,True,49,50,49,50,49,23,train
action_11,user16,11,16,4-1-2,True,True,IMU/action_11/user16/4-1-2/up.csv,IMU/action_11/user16/4-1-2/down.csv,True,True,31,32,33,31,31,23,train
action_11,user16,11,16,4-1-3,True,True,IMU/action_11/user16/4-1-3/up.csv,IMU/action_11/user16/4-1-3/down.csv,True,True,33,33,32,30,24,23,train
action_11,user16,11,16,5-1-1,True,True,IMU/action_11/user16/5-1-1/up.csv,IMU/action_11/user16/5-1-1/down.csv,True,True,19,18,20,18,19,23,train
action_11,user16,11,16,5-1-2,True,True,IMU/action_11/user16/5-1-2/up.csv,IMU/action_11/user16/5-1-2/down.csv,True,True,22,22,22,22,23,23,train
action_11,user16,11,16,5-1-3,True,True,IMU/action_11/user16/5-1-3/up.csv,IMU/action_11/user16/5-1-3/down.csv,True,True,35,35,36,35,36,23,train
action_11,user17,11,17,6-2-1,True,True,IMU/action_11/user17/6-2-1/up.csv,IMU/action_11/user17/6-2-1/down.csv,True,True,46,45,44,45,45,23,train
action_11,user17,11,17,6-2-2,True,True,IMU/action_11/user17/6-2-2/up.csv,IMU/action_11/user17/6-2-2/down.csv,True,True,16,16,15,16,15,23,train
action_11,user17,11,17,6-2-3,True,True,IMU/action_11/user17/6-2-3/up.csv,IMU/action_11/user17/6-2-3/down.csv,True,True,13,13,13,14,13,23,train
action_11,user17,11,17,7-1-1,True,True,IMU/action_11/user17/7-1-1/up.csv,IMU/action_11/user17/7-1-1/down.csv,True,True,62,61,60,62,62,23,train
action_11,user17,11,17,7-1-2,True,True,IMU/action_11/user17/7-1-2/up.csv,IMU/action_11/user17/7-1-2/down.csv,True,True,70,69,70,70,69,23,train
action_11,user17,11,17,7-1-3,True,True,IMU/action_11/user17/7-1-3/up.csv,IMU/action_11/user17/7-1-3/down.csv,True,True,69,68,69,68,68,23,train
action_11,user18,11,18,1-2-1,True,True,IMU/action_11/user18/1-2-1/up.csv,IMU/action_11/user18/1-2-1/down.csv,True,True,229,229,228,227,229,23,train
action_11,user18,11,18,1-2-2,True,True,IMU/action_11/user18/1-2-2/up.csv,IMU/action_11/user18/1-2-2/down.csv,True,True,173,173,173,174,174,23,train
action_11,user18,11,18,1-2-3,True,True,IMU/action_11/user18/1-2-3/up.csv,IMU/action_11/user18/1-2-3/down.csv,True,True,185,185,184,186,185,23,train
action_11,user18,11,18,2-1-1,True,True,IMU/action_11/user18/2-1-1/up.csv,IMU/action_11/user18/2-1-1/down.csv,True,True,81,81,79,81,81,23,train
action_11,user18,11,18,2-1-2,True,True,IMU/action_11/user18/2-1-2/up.csv,IMU/action_11/user18/2-1-2/down.csv,True,True,64,63,63,63,63,23,train
action_11,user18,11,18,2-1-3,True,True,IMU/action_11/user18/2-1-3/up.csv,IMU/action_11/user18/2-1-3/down.csv,True,True,37,36,37,36,36,23,train
action_11,user18,11,18,4-1-1,True,True,IMU/action_11/user18/4-1-1/up.csv,IMU/action_11/user18/4-1-1/down.csv,True,True,209,208,209,209,209,23,train
action_11,user18,11,18,4-1-2,True,True,IMU/action_11/user18/4-1-2/up.csv,IMU/action_11/user18/4-1-2/down.csv,True,True,122,123,122,123,123,23,train
action_11,user18,11,18,4-1-3,True,True,IMU/action_11/user18/4-1-3/up.csv,IMU/action_11/user18/4-1-3/down.csv,True,True,190,189,188,190,190,23,train
action_11,user19,11,19,1-2-1,True,True,IMU/action_11/user19/1-2-1/up.csv,IMU/action_11/user19/1-2-1/down.csv,True,True,18,17,16,16,17,23,train
action_11,user19,11,19,1-2-2,True,True,IMU/action_11/user19/1-2-2/up.csv,IMU/action_11/user19/1-2-2/down.csv,True,True,22,21,21,21,21,23,train
action_11,user19,11,19,1-2-3,True,True,IMU/action_11/user19/1-2-3/up.csv,IMU/action_11/user19/1-2-3/down.csv,True,True,17,17,16,17,18,23,train
action_11,user19,11,19,3-3-2,True,True,IMU/action_11/user19/3-3-2/up.csv,IMU/action_11/user19/3-3-2/down.csv,True,True,10,9,10,11,10,23,train
action_11,user19,11,19,3-3-3,True,True,IMU/action_11/user19/3-3-3/up.csv,IMU/action_11/user19/3-3-3/down.csv,True,True,8,9,8,9,8,23,train
action_11,user2,11,2,6-1-1,True,True,IMU/action_11/user2/6-1-1/up.csv,IMU/action_11/user2/6-1-1/down.csv,True,True,27,27,27,28,26,23,train
action_11,user2,11,2,6-1-2,True,True,IMU/action_11/user2/6-1-2/up.csv,IMU/action_11/user2/6-1-2/down.csv,True,True,30,30,30,29,29,23,train
action_11,user2,11,2,7-3-1,True,True,IMU/action_11/user2/7-3-1/up.csv,IMU/action_11/user2/7-3-1/down.csv,True,True,33,32,33,32,34,23,train
action_11,user2,11,2,7-3-2,True,True,IMU/action_11/user2/7-3-2/up.csv,IMU/action_11/user2/7-3-2/down.csv,True,True,34,33,34,33,33,23,train
action_11,user2,11,2,7-3-3,True,True,IMU/action_11/user2/7-3-3/up.csv,IMU/action_11/user2/7-3-3/down.csv,True,True,13,13,12,13,12,23,train
action_11,user20,11,20,6-3-1,True,True,IMU/action_11/user20/6-3-1/up.csv,IMU/action_11/user20/6-3-1/down.csv,True,True,38,38,37,38,38,23,train
action_11,user20,11,20,6-3-2,True,True,IMU/action_11/user20/6-3-2/up.csv,IMU/action_11/user20/6-3-2/down.csv,True,True,32,32,33,32,33,23,train
action_11,user20,11,20,6-3-3,True,True,IMU/action_11/user20/6-3-3/up.csv,IMU/action_11/user20/6-3-3/down.csv,True,True,40,41,41,40,40,23,train
action_11,user21,11,21,1-2-1,True,True,IMU/action_11/user21/1-2-1/up.csv,IMU/action_11/user21/1-2-1/down.csv,True,True,33,33,33,33,33,23,test
action_11,user21,11,21,5-2-1,True,True,IMU/action_11/user21/5-2-1/up.csv,IMU/action_11/user21/5-2-1/down.csv,True,True,13,9,10,11,11,23,test
action_11,user21,11,21,5-2-2,True,True,IMU/action_11/user21/5-2-2/up.csv,IMU/action_11/user21/5-2-2/down.csv,True,True,20,20,19,20,20,23,test
action_11,user21,11,21,5-2-3,True,True,IMU/action_11/user21/5-2-3/up.csv,IMU/action_11/user21/5-2-3/down.csv,True,True,41,36,38,37,39,23,test
action_11,user22,11,22,1-2-1,True,True,IMU/action_11/user22/1-2-1/up.csv,IMU/action_11/user22/1-2-1/down.csv,True,True,39,40,41,40,41,23,train
action_11,user22,11,22,1-2-2,True,True,IMU/action_11/user22/1-2-2/up.csv,IMU/action_11/user22/1-2-2/down.csv,True,True,19,20,20,20,19,23,train
action_11,user22,11,22,1-2-3,True,True,IMU/action_11/user22/1-2-3/up.csv,IMU/action_11/user22/1-2-3/down.csv,True,True,17,14,14,15,19,23,train
action_11,user23,11,23,4-2-1,True,True,IMU/action_11/user23/4-2-1/up.csv,IMU/action_11/user23/4-2-1/down.csv,True,True,35,36,36,36,35,23,train
action_11,user23,11,23,4-2-2,True,True,IMU/action_11/user23/4-2-2/up.csv,IMU/action_11/user23/4-2-2/down.csv,True,True,42,43,42,42,42,23,train
action_11,user23,11,23,4-2-3,True,True,IMU/action_11/user23/4-2-3/up.csv,IMU/action_11/user23/4-2-3/down.csv,True,True,9,7,8,8,7,23,train
action_11,user23,11,23,5-1-1,True,True,IMU/action_11/user23/5-1-1/up.csv,IMU/action_11/user23/5-1-1/down.csv,True,True,48,48,47,48,48,23,train
action_11,user23,11,23,5-1-2,True,True,IMU/action_11/user23/5-1-2/up.csv,IMU/action_11/user23/5-1-2/down.csv,True,True,44,44,44,43,41,23,train
action_11,user24,11,24,5-1-1,True,True,IMU/action_11/user24/5-1-1/up.csv,IMU/action_11/user24/5-1-1/down.csv,True,True,31,32,32,32,32,23,train
action_11,user24,11,24,5-1-2,True,True,IMU/action_11/user24/5-1-2/up.csv,IMU/action_11/user24/5-1-2/down.csv,True,True,22,20,22,22,21,23,train
action_11,user24,11,24,5-1-3,True,True,IMU/action_11/user24/5-1-3/up.csv,IMU/action_11/user24/5-1-3/down.csv,True,True,27,25,25,26,26,23,train
action_11,user24,11,24,7-2-1,True,True,IMU/action_11/user24/7-2-1/up.csv,IMU/action_11/user24/7-2-1/down.csv,True,True,31,30,31,31,31,23,train
action_11,user24,11,24,7-2-2,True,True,IMU/action_11/user24/7-2-2/up.csv,IMU/action_11/user24/7-2-2/down.csv,True,True,15,14,14,15,14,23,train
action_11,user24,11,24,7-2-3,True,True,IMU/action_11/user24/7-2-3/up.csv,IMU/action_11/user24/7-2-3/down.csv,True,True,17,18,17,19,19,23,train
action_11,user3,11,3,1-2-1,True,True,IMU/action_11/user3/1-2-1/up.csv,IMU/action_11/user3/1-2-1/down.csv,True,True,21,20,20,21,21,23,train
action_11,user3,11,3,1-2-2,True,True,IMU/action_11/user3/1-2-2/up.csv,IMU/action_11/user3/1-2-2/down.csv,True,True,17,15,14,16,16,23,train
action_11,user3,11,3,1-2-3,True,True,IMU/action_11/user3/1-2-3/up.csv,IMU/action_11/user3/1-2-3/down.csv,True,True,2,1,2,2,2,23,train
action_11,user3,11,3,3-2-1,True,True,IMU/action_11/user3/3-2-1/up.csv,IMU/action_11/user3/3-2-1/down.csv,True,True,24,27,24,24,24,23,train
action_11,user3,11,3,5-2-1,True,True,IMU/action_11/user3/5-2-1/up.csv,IMU/action_11/user3/5-2-1/down.csv,True,True,22,24,22,23,22,23,train
action_11,user3,11,3,5-2-2,True,True,IMU/action_11/user3/5-2-2/up.csv,IMU/action_11/user3/5-2-2/down.csv,True,True,20,21,21,21,21,23,train
action_11,user3,11,3,5-2-3,True,True,IMU/action_11/user3/5-2-3/up.csv,IMU/action_11/user3/5-2-3/down.csv,True,True,56,56,55,55,54,23,train
action_11,user6,11,6,4-1-1,True,True,IMU/action_11/user6/4-1-1/up.csv,IMU/action_11/user6/4-1-1/down.csv,True,True,45,43,44,44,44,23,train
action_11,user6,11,6,4-1-2,True,True,IMU/action_11/user6/4-1-2/up.csv,IMU/action_11/user6/4-1-2/down.csv,True,True,41,40,38,40,39,23,train
action_11,user6,11,6,4-1-3,True,True,IMU/action_11/user6/4-1-3/up.csv,IMU/action_11/user6/4-1-3/down.csv,True,True,30,31,30,31,31,23,train
action_11,user6,11,6,5-1-1,True,True,IMU/action_11/user6/5-1-1/up.csv,IMU/action_11/user6/5-1-1/down.csv,True,True,97,97,98,97,97,23,train
action_11,user6,11,6,5-1-2,True,True,IMU/action_11/user6/5-1-2/up.csv,IMU/action_11/user6/5-1-2/down.csv,True,True,86,89,86,86,85,23,train
action_11,user6,11,6,5-1-3,True,True,IMU/action_11/user6/5-1-3/up.csv,IMU/action_11/user6/5-1-3/down.csv,True,True,35,36,33,49,49,23,train
action_11,user7,11,7,7-1-1,True,True,IMU/action_11/user7/7-1-1/up.csv,IMU/action_11/user7/7-1-1/down.csv,True,True,18,17,17,18,17,23,train
action_11,user7,11,7,7-1-2,True,True,IMU/action_11/user7/7-1-2/up.csv,IMU/action_11/user7/7-1-2/down.csv,True,True,21,22,21,22,21,23,train
action_11,user7,11,7,7-1-3,True,True,IMU/action_11/user7/7-1-3/up.csv,IMU/action_11/user7/7-1-3/down.csv,True,True,12,11,11,10,11,23,train
action_11,user8,11,8,1-2-1,True,True,IMU/action_11/user8/1-2-1/up.csv,IMU/action_11/user8/1-2-1/down.csv,True,True,145,145,146,146,147,23,train
action_11,user8,11,8,1-2-2,True,True,IMU/action_11/user8/1-2-2/up.csv,IMU/action_11/user8/1-2-2/down.csv,True,True,96,95,96,96,96,23,train
action_11,user8,11,8,1-2-3,True,True,IMU/action_11/user8/1-2-3/up.csv,IMU/action_11/user8/1-2-3/down.csv,True,True,163,163,164,163,163,23,train
action_11,user8,11,8,2-1-1,True,True,IMU/action_11/user8/2-1-1/up.csv,IMU/action_11/user8/2-1-1/down.csv,True,True,56,54,54,56,55,23,train
action_11,user8,11,8,2-1-2,True,True,IMU/action_11/user8/2-1-2/up.csv,IMU/action_11/user8/2-1-2/down.csv,True,True,34,36,36,34,35,23,train
action_11,user8,11,8,2-1-3,True,True,IMU/action_11/user8/2-1-3/up.csv,IMU/action_11/user8/2-1-3/down.csv,True,True,15,17,17,17,17,23,train
action_11,user8,11,8,4-1-2,True,True,IMU/action_11/user8/4-1-2/up.csv,IMU/action_11/user8/4-1-2/down.csv,True,True,90,90,91,91,90,23,train
action_11,user8,11,8,4-1-3,True,True,IMU/action_11/user8/4-1-3/up.csv,IMU/action_11/user8/4-1-3/down.csv,True,True,127,126,128,127,126,23,train
action_11,user9,11,9,1-2-1,True,True,IMU/action_11/user9/1-2-1/up.csv,IMU/action_11/user9/1-2-1/down.csv,True,True,40,41,42,42,39,23,train
action_11,user9,11,9,1-2-2,True,True,IMU/action_11/user9/1-2-2/up.csv,IMU/action_11/user9/1-2-2/down.csv,True,True,21,21,21,21,21,23,train
action_11,user9,11,9,1-2-3,True,True,IMU/action_11/user9/1-2-3/up.csv,IMU/action_11/user9/1-2-3/down.csv,True,True,37,38,38,36,38,23,train
action_11,user9,11,9,3-3-1,True,True,IMU/action_11/user9/3-3-1/up.csv,IMU/action_11/user9/3-3-1/down.csv,True,True,39,40,38,40,40,23,train
action_11,user9,11,9,3-3-2,True,True,IMU/action_11/user9/3-3-2/up.csv,IMU/action_11/user9/3-3-2/down.csv,True,True,37,39,40,38,39,23,train
action_11,user9,11,9,3-3-3,True,True,IMU/action_11/user9/3-3-3/up.csv,IMU/action_11/user9/3-3-3/down.csv,True,True,10,11,12,11,11,23,train
action_12,user16,12,16,5-1-1,True,True,IMU/action_12/user16/5-1-1/up.csv,IMU/action_12/user16/5-1-1/down.csv,True,True,76,76,76,75,75,24,train
action_12,user16,12,16,5-1-2,True,True,IMU/action_12/user16/5-1-2/up.csv,IMU/action_12/user16/5-1-2/down.csv,True,True,110,111,110,111,110,24,train
action_12,user16,12,16,5-1-3,True,True,IMU/action_12/user16/5-1-3/up.csv,IMU/action_12/user16/5-1-3/down.csv,True,True,64,64,64,64,65,24,train
action_12,user16,12,16,6-2-1,True,True,IMU/action_12/user16/6-2-1/up.csv,IMU/action_12/user16/6-2-1/down.csv,True,True,24,24,25,24,24,24,train
action_12,user16,12,16,6-2-2,True,True,IMU/action_12/user16/6-2-2/up.csv,IMU/action_12/user16/6-2-2/down.csv,True,True,10,8,9,7,9,24,train
action_12,user16,12,16,6-2-3,True,True,IMU/action_12/user16/6-2-3/up.csv,IMU/action_12/user16/6-2-3/down.csv,True,True,23,24,24,25,24,24,train
action_12,user17,12,17,1-2-1,True,True,IMU/action_12/user17/1-2-1/up.csv,IMU/action_12/user17/1-2-1/down.csv,True,True,44,44,44,45,45,24,train
action_12,user17,12,17,1-2-2,True,True,IMU/action_12/user17/1-2-2/up.csv,IMU/action_12/user17/1-2-2/down.csv,True,True,20,20,20,20,20,24,train
action_12,user17,12,17,1-2-3,True,True,IMU/action_12/user17/1-2-3/up.csv,IMU/action_12/user17/1-2-3/down.csv,True,True,28,29,28,29,28,24,train
action_12,user2,12,2,6-1-1,True,True,IMU/action_12/user2/6-1-1/up.csv,IMU/action_12/user2/6-1-1/down.csv,True,True,40,41,40,39,41,24,train
action_12,user2,12,2,6-1-2,True,True,IMU/action_12/user2/6-1-2/up.csv,IMU/action_12/user2/6-1-2/down.csv,True,True,10,10,9,10,11,24,train
action_12,user2,12,2,7-3-1,True,True,IMU/action_12/user2/7-3-1/up.csv,IMU/action_12/user2/7-3-1/down.csv,True,True,20,20,20,20,20,24,train
action_12,user2,12,2,7-3-2,True,True,IMU/action_12/user2/7-3-2/up.csv,IMU/action_12/user2/7-3-2/down.csv,True,True,11,11,12,11,11,24,train
action_12,user2,12,2,7-3-3,True,True,IMU/action_12/user2/7-3-3/up.csv,IMU/action_12/user2/7-3-3/down.csv,True,True,14,13,14,17,13,24,train
action_12,user20,12,20,4-1-1,True,True,IMU/action_12/user20/4-1-1/up.csv,IMU/action_12/user20/4-1-1/down.csv,True,True,24,24,23,26,24,24,train
action_12,user20,12,20,4-1-2,True,True,IMU/action_12/user20/4-1-2/up.csv,IMU/action_12/user20/4-1-2/down.csv,True,True,21,21,21,21,20,24,train
action_12,user20,12,20,4-1-3,True,True,IMU/action_12/user20/4-1-3/up.csv,IMU/action_12/user20/4-1-3/down.csv,True,True,13,14,15,13,14,24,train
action_12,user21,12,21,1-2-1,True,True,IMU/action_12/user21/1-2-1/up.csv,IMU/action_12/user21/1-2-1/down.csv,True,True,30,30,29,30,30,24,test
action_12,user21,12,21,4-1-1,True,True,IMU/action_12/user21/4-1-1/up.csv,IMU/action_12/user21/4-1-1/down.csv,True,True,30,38,37,36,38,24,test
action_12,user21,12,21,4-1-2,True,True,IMU/action_12/user21/4-1-2/up.csv,IMU/action_12/user21/4-1-2/down.csv,True,True,20,20,17,18,19,24,test
action_12,user21,12,21,4-1-3,True,True,IMU/action_12/user21/4-1-3/up.csv,IMU/action_12/user21/4-1-3/down.csv,True,True,1,12,12,12,12,24,test
action_12,user21,12,21,5-2-1,True,True,IMU/action_12/user21/5-2-1/up.csv,IMU/action_12/user21/5-2-1/down.csv,True,True,17,9,18,17,17,24,test
action_12,user21,12,21,5-2-2,True,True,IMU/action_12/user21/5-2-2/up.csv,IMU/action_12/user21/5-2-2/down.csv,True,True,29,30,30,30,31,24,test
action_12,user21,12,21,5-2-3,True,True,IMU/action_12/user21/5-2-3/up.csv,IMU/action_12/user21/5-2-3/down.csv,True,True,25,27,26,26,25,24,test
action_12,user22,12,22,5-2-1,True,True,IMU/action_12/user22/5-2-1/up.csv,IMU/action_12/user22/5-2-1/down.csv,True,True,35,34,34,33,29,24,train
action_12,user22,12,22,5-2-2,True,True,IMU/action_12/user22/5-2-2/up.csv,IMU/action_12/user22/5-2-2/down.csv,True,True,29,28,28,32,29,24,train
action_12,user22,12,22,5-2-3,True,True,IMU/action_12/user22/5-2-3/up.csv,IMU/action_12/user22/5-2-3/down.csv,True,True,35,34,35,34,36,24,train
action_12,user23,12,23,7-3-1,True,True,IMU/action_12/user23/7-3-1/up.csv,IMU/action_12/user23/7-3-1/down.csv,True,True,40,40,40,40,39,24,train
action_12,user23,12,23,7-3-2,True,True,IMU/action_12/user23/7-3-2/up.csv,IMU/action_12/user23/7-3-2/down.csv,True,True,20,21,21,21,21,24,train
action_12,user23,12,23,7-3-3,True,True,IMU/action_12/user23/7-3-3/up.csv,IMU/action_12/user23/7-3-3/down.csv,True,True,8,9,8,9,10,24,train
action_12,user24,12,24,4-1-1,True,True,IMU/action_12/user24/4-1-1/up.csv,IMU/action_12/user24/4-1-1/down.csv,True,True,45,43,42,44,43,24,train
action_12,user24,12,24,4-1-2,True,True,IMU/action_12/user24/4-1-2/up.csv,IMU/action_12/user24/4-1-2/down.csv,True,True,27,27,28,29,28,24,train
action_12,user24,12,24,4-1-3,True,True,IMU/action_12/user24/4-1-3/up.csv,IMU/action_12/user24/4-1-3/down.csv,True,True,10,11,11,10,10,24,train
action_12,user24,12,24,5-1-1,True,True,IMU/action_12/user24/5-1-1/up.csv,IMU/action_12/user24/5-1-1/down.csv,True,True,44,46,44,44,44,24,train
action_12,user24,12,24,5-1-2,True,True,IMU/action_12/user24/5-1-2/up.csv,IMU/action_12/user24/5-1-2/down.csv,True,True,29,29,29,29,29,24,train
action_12,user24,12,24,5-1-3,True,True,IMU/action_12/user24/5-1-3/up.csv,IMU/action_12/user24/5-1-3/down.csv,True,True,7,8,8,10,9,24,train
action_12,user4,12,4,3-2-1,True,True,IMU/action_12/user4/3-2-1/up.csv,IMU/action_12/user4/3-2-1/down.csv,True,True,53,52,53,51,53,24,train
action_12,user4,12,4,3-2-2,True,True,IMU/action_12/user4/3-2-2/up.csv,IMU/action_12/user4/3-2-2/down.csv,True,True,51,50,50,52,51,24,train
action_12,user4,12,4,3-2-3,True,True,IMU/action_12/user4/3-2-3/up.csv,IMU/action_12/user4/3-2-3/down.csv,True,True,53,52,53,53,52,24,train
action_12,user4,12,4,6-1-1,True,True,IMU/action_12/user4/6-1-1/up.csv,IMU/action_12/user4/6-1-1/down.csv,True,True,44,43,43,44,43,24,train
action_12,user4,12,4,6-1-2,True,True,IMU/action_12/user4/6-1-2/up.csv,IMU/action_12/user4/6-1-2/down.csv,True,True,52,52,52,53,52,24,train
action_12,user4,12,4,6-1-3,True,True,IMU/action_12/user4/6-1-3/up.csv,IMU/action_12/user4/6-1-3/down.csv,True,True,11,11,12,10,11,24,train
action_12,user6,12,6,5-1-1,True,True,IMU/action_12/user6/5-1-1/up.csv,IMU/action_12/user6/5-1-1/down.csv,True,True,97,97,98,97,97,24,train
action_12,user6,12,6,5-1-2,True,True,IMU/action_12/user6/5-1-2/up.csv,IMU/action_12/user6/5-1-2/down.csv,True,True,86,89,86,86,85,24,train
action_12,user6,12,6,5-1-3,True,True,IMU/action_12/user6/5-1-3/up.csv,IMU/action_12/user6/5-1-3/down.csv,True,True,35,36,33,49,49,24,train
action_12,user6,12,6,6-2-1,True,True,IMU/action_12/user6/6-2-1/up.csv,IMU/action_12/user6/6-2-1/down.csv,True,True,12,12,11,11,12,24,train
action_12,user6,12,6,6-2-2,True,True,IMU/action_12/user6/6-2-2/up.csv,IMU/action_12/user6/6-2-2/down.csv,True,True,5,4,6,4,5,24,train
action_12,user6,12,6,6-2-3,True,True,IMU/action_12/user6/6-2-3/up.csv,IMU/action_12/user6/6-2-3/down.csv,True,True,15,15,15,15,17,24,train
action_12,user7,12,7,1-2-1,True,True,IMU/action_12/user7/1-2-1/up.csv,IMU/action_12/user7/1-2-1/down.csv,True,True,47,48,49,49,48,24,train
action_12,user7,12,7,1-2-2,True,True,IMU/action_12/user7/1-2-2/up.csv,IMU/action_12/user7/1-2-2/down.csv,True,True,33,34,33,34,33,24,train
action_12,user7,12,7,1-2-3,True,True,IMU/action_12/user7/1-2-3/up.csv,IMU/action_12/user7/1-2-3/down.csv,True,True,38,39,39,39,37,24,train
action_13,user1,13,1,1-1-1,True,True,IMU/action_13/user1/1-1-1/up.csv,IMU/action_13/user1/1-1-1/down.csv,True,True,49,49,50,50,49,29,train
action_13,user1,13,1,1-1-2,True,True,IMU/action_13/user1/1-1-2/up.csv,IMU/action_13/user1/1-1-2/down.csv,True,True,52,52,53,51,52,29,train
action_13,user1,13,1,1-1-3,True,True,IMU/action_13/user1/1-1-3/up.csv,IMU/action_13/user1/1-1-3/down.csv,True,True,25,25,24,25,24,29,train
action_13,user1,13,1,3-2-1,True,True,IMU/action_13/user1/3-2-1/up.csv,IMU/action_13/user1/3-2-1/down.csv,True,True,33,33,34,32,32,29,train
action_13,user1,13,1,3-2-2,True,True,IMU/action_13/user1/3-2-2/up.csv,IMU/action_13/user1/3-2-2/down.csv,True,True,63,63,63,64,63,29,train
action_13,user1,13,1,3-2-3,True,True,IMU/action_13/user1/3-2-3/up.csv,IMU/action_13/user1/3-2-3/down.csv,True,True,48,48,52,51,50,29,train
action_13,user16,13,16,3-1-1,True,True,IMU/action_13/user16/3-1-1/up.csv,IMU/action_13/user16/3-1-1/down.csv,True,True,69,69,69,67,69,29,train
action_13,user16,13,16,3-1-2,True,True,IMU/action_13/user16/3-1-2/up.csv,IMU/action_13/user16/3-1-2/down.csv,True,True,59,60,58,58,59,29,train
action_13,user16,13,16,3-1-3,True,True,IMU/action_13/user16/3-1-3/up.csv,IMU/action_13/user16/3-1-3/down.csv,True,True,32,30,31,32,32,29,train
action_13,user17,13,17,4-1-1,True,True,IMU/action_13/user17/4-1-1/up.csv,IMU/action_13/user17/4-1-1/down.csv,True,True,46,46,45,45,45,29,train
action_13,user17,13,17,4-1-2,True,True,IMU/action_13/user17/4-1-2/up.csv,IMU/action_13/user17/4-1-2/down.csv,True,True,21,22,21,21,23,29,train
action_13,user17,13,17,4-1-3,True,True,IMU/action_13/user17/4-1-3/up.csv,IMU/action_13/user17/4-1-3/down.csv,True,True,22,21,21,20,20,29,train
action_13,user18,13,18,6-1-1,True,True,IMU/action_13/user18/6-1-1/up.csv,IMU/action_13/user18/6-1-1/down.csv,True,True,39,38,39,37,39,29,train
action_13,user18,13,18,6-1-2,True,True,IMU/action_13/user18/6-1-2/up.csv,IMU/action_13/user18/6-1-2/down.csv,True,True,30,29,30,30,31,29,train
action_13,user18,13,18,6-1-3,True,True,IMU/action_13/user18/6-1-3/up.csv,IMU/action_13/user18/6-1-3/down.csv,True,True,27,28,28,27,28,29,train
action_13,user19,13,19,2-2-1,True,True,IMU/action_13/user19/2-2-1/up.csv,IMU/action_13/user19/2-2-1/down.csv,True,True,37,35,39,36,29,29,train
action_13,user19,13,19,2-2-2,True,True,IMU/action_13/user19/2-2-2/up.csv,IMU/action_13/user19/2-2-2/down.csv,True,True,31,34,33,32,31,29,train
action_13,user19,13,19,2-2-3,True,True,IMU/action_13/user19/2-2-3/up.csv,IMU/action_13/user19/2-2-3/down.csv,True,True,16,16,17,16,17,29,train
action_13,user19,13,19,3-3-2,True,True,IMU/action_13/user19/3-3-2/up.csv,IMU/action_13/user19/3-3-2/down.csv,True,True,19,19,20,20,20,29,train
action_13,user19,13,19,3-3-3,True,True,IMU/action_13/user19/3-3-3/up.csv,IMU/action_13/user19/3-3-3/down.csv,True,True,14,13,13,12,14,29,train
action_13,user19,13,19,4-2-1,True,True,IMU/action_13/user19/4-2-1/up.csv,IMU/action_13/user19/4-2-1/down.csv,True,True,21,22,21,20,21,29,train
action_13,user19,13,19,4-2-2,True,True,IMU/action_13/user19/4-2-2/up.csv,IMU/action_13/user19/4-2-2/down.csv,True,True,20,20,20,20,21,29,train
action_13,user19,13,19,4-2-3,True,True,IMU/action_13/user19/4-2-3/up.csv,IMU/action_13/user19/4-2-3/down.csv,True,True,13,14,15,14,13,29,train
action_13,user19,13,19,5-3-1,True,True,IMU/action_13/user19/5-3-1/up.csv,IMU/action_13/user19/5-3-1/down.csv,True,True,27,26,27,27,27,29,train
action_13,user19,13,19,5-3-2,True,True,IMU/action_13/user19/5-3-2/up.csv,IMU/action_13/user19/5-3-2/down.csv,True,True,25,26,26,27,26,29,train
action_13,user19,13,19,5-3-3,True,True,IMU/action_13/user19/5-3-3/up.csv,IMU/action_13/user19/5-3-3/down.csv,True,True,14,14,14,14,14,29,train
action_13,user2,13,2,2-2-1,True,True,IMU/action_13/user2/2-2-1/up.csv,IMU/action_13/user2/2-2-1/down.csv,True,True,60,59,60,58,60,29,train
action_13,user2,13,2,2-2-2,True,True,IMU/action_13/user2/2-2-2/up.csv,IMU/action_13/user2/2-2-2/down.csv,True,True,68,67,67,68,68,29,train
action_13,user2,13,2,2-2-3,True,True,IMU/action_13/user2/2-2-3/up.csv,IMU/action_13/user2/2-2-3/down.csv,True,True,40,41,42,43,41,29,train
action_13,user2,13,2,5-1-1,True,True,IMU/action_13/user2/5-1-1/up.csv,IMU/action_13/user2/5-1-1/down.csv,True,True,76,76,76,76,76,29,train
action_13,user2,13,2,5-1-2,True,True,IMU/action_13/user2/5-1-2/up.csv,IMU/action_13/user2/5-1-2/down.csv,True,True,60,61,61,61,60,29,train
action_13,user2,13,2,5-1-3,True,True,IMU/action_13/user2/5-1-3/up.csv,IMU/action_13/user2/5-1-3/down.csv,True,True,37,39,38,37,39,29,train
action_13,user20,13,20,1-2-1,True,True,IMU/action_13/user20/1-2-1/up.csv,IMU/action_13/user20/1-2-1/down.csv,True,True,19,18,16,17,18,29,train
action_13,user20,13,20,1-2-2,True,True,IMU/action_13/user20/1-2-2/up.csv,IMU/action_13/user20/1-2-2/down.csv,True,True,19,20,16,17,17,29,train
action_13,user20,13,20,1-2-3,True,True,IMU/action_13/user20/1-2-3/up.csv,IMU/action_13/user20/1-2-3/down.csv,True,True,17,16,17,16,15,29,train
action_13,user20,13,20,6-1-1,True,True,IMU/action_13/user20/6-1-1/up.csv,IMU/action_13/user20/6-1-1/down.csv,True,True,37,36,36,37,35,29,train
action_13,user20,13,20,6-1-2,True,True,IMU/action_13/user20/6-1-2/up.csv,IMU/action_13/user20/6-1-2/down.csv,True,True,16,18,18,18,18,29,train
action_13,user20,13,20,6-1-3,True,True,IMU/action_13/user20/6-1-3/up.csv,IMU/action_13/user20/6-1-3/down.csv,True,True,37,36,36,36,37,29,train
action_13,user21,13,21,3-2-1,True,True,IMU/action_13/user21/3-2-1/up.csv,IMU/action_13/user21/3-2-1/down.csv,True,True,17,14,16,15,17,29,test
action_13,user21,13,21,3-2-2,True,True,IMU/action_13/user21/3-2-2/up.csv,IMU/action_13/user21/3-2-2/down.csv,True,True,24,24,24,25,24,29,test
action_13,user21,13,21,3-2-3,True,True,IMU/action_13/user21/3-2-3/up.csv,IMU/action_13/user21/3-2-3/down.csv,True,True,17,18,16,18,17,29,test
action_13,user22,13,22,6-2-1,True,True,IMU/action_13/user22/6-2-1/up.csv,IMU/action_13/user22/6-2-1/down.csv,True,True,9,11,9,11,10,29,train
action_13,user22,13,22,6-2-2,True,True,IMU/action_13/user22/6-2-2/up.csv,IMU/action_13/user22/6-2-2/down.csv,True,True,36,34,35,34,34,29,train
action_13,user22,13,22,6-2-3,True,True,IMU/action_13/user22/6-2-3/up.csv,IMU/action_13/user22/6-2-3/down.csv,True,True,40,41,40,41,40,29,train
action_13,user23,13,23,1-2-1,True,True,IMU/action_13/user23/1-2-1/up.csv,IMU/action_13/user23/1-2-1/down.csv,True,True,30,30,29,29,29,29,train
action_13,user23,13,23,1-2-2,True,True,IMU/action_13/user23/1-2-2/up.csv,IMU/action_13/user23/1-2-2/down.csv,True,True,30,30,30,30,29,29,train
action_13,user23,13,23,1-2-3,True,True,IMU/action_13/user23/1-2-3/up.csv,IMU/action_13/user23/1-2-3/down.csv,True,True,21,21,21,21,20,29,train
action_13,user23,13,23,6-1-1,True,True,IMU/action_13/user23/6-1-1/up.csv,IMU/action_13/user23/6-1-1/down.csv,True,True,33,32,34,33,33,29,train
action_13,user23,13,23,6-1-2,True,True,IMU/action_13/user23/6-1-2/up.csv,IMU/action_13/user23/6-1-2/down.csv,True,True,17,17,17,15,17,29,train
action_13,user23,13,23,6-1-3,True,True,IMU/action_13/user23/6-1-3/up.csv,IMU/action_13/user23/6-1-3/down.csv,True,True,27,27,23,27,27,29,train
action_13,user23,13,23,6-3-1,True,True,IMU/action_13/user23/6-3-1/up.csv,IMU/action_13/user23/6-3-1/down.csv,True,True,59,60,60,59,60,29,train
action_13,user23,13,23,6-3-2,True,True,IMU/action_13/user23/6-3-2/up.csv,IMU/action_13/user23/6-3-2/down.csv,True,True,30,30,30,31,28,29,train
action_13,user23,13,23,6-3-3,True,True,IMU/action_13/user23/6-3-3/up.csv,IMU/action_13/user23/6-3-3/down.csv,True,True,30,29,31,29,30,29,train
action_13,user24,13,24,6-3-1,True,True,IMU/action_13/user24/6-3-1/up.csv,IMU/action_13/user24/6-3-1/down.csv,True,True,72,72,71,71,70,29,train
action_13,user24,13,24,6-3-2,True,True,IMU/action_13/user24/6-3-2/up.csv,IMU/action_13/user24/6-3-2/down.csv,True,True,62,61,62,62,63,29,train
action_13,user24,13,24,6-3-3,True,True,IMU/action_13/user24/6-3-3/up.csv,IMU/action_13/user24/6-3-3/down.csv,True,True,39,39,37,39,41,29,train
action_13,user3,13,3,2-1-2,True,True,IMU/action_13/user3/2-1-2/up.csv,IMU/action_13/user3/2-1-2/down.csv,True,True,36,36,34,35,34,29,train
action_13,user3,13,3,2-1-3,True,True,IMU/action_13/user3/2-1-3/up.csv,IMU/action_13/user3/2-1-3/down.csv,True,True,26,25,26,26,25,29,train
action_13,user6,13,6,3-1-1,True,True,IMU/action_13/user6/3-1-1/up.csv,IMU/action_13/user6/3-1-1/down.csv,True,True,14,15,15,15,15,29,train
action_13,user6,13,6,3-1-2,True,True,IMU/action_13/user6/3-1-2/up.csv,IMU/action_13/user6/3-1-2/down.csv,True,True,46,45,45,45,45,29,train
action_13,user6,13,6,3-1-3,True,True,IMU/action_13/user6/3-1-3/up.csv,IMU/action_13/user6/3-1-3/down.csv,True,True,16,16,16,15,15,29,train
action_13,user7,13,7,4-1-1,True,True,IMU/action_13/user7/4-1-1/up.csv,IMU/action_13/user7/4-1-1/down.csv,True,True,33,32,34,33,33,29,train
action_13,user7,13,7,4-1-2,True,True,IMU/action_13/user7/4-1-2/up.csv,IMU/action_13/user7/4-1-2/down.csv,True,True,5,4,4,4,4,29,train
action_13,user7,13,7,4-1-3,True,True,IMU/action_13/user7/4-1-3/up.csv,IMU/action_13/user7/4-1-3/down.csv,True,True,13,13,14,14,13,29,train
action_13,user9,13,9,2-2-1,True,True,IMU/action_13/user9/2-2-1/up.csv,IMU/action_13/user9/2-2-1/down.csv,True,True,20,21,20,21,20,29,train
action_13,user9,13,9,2-2-2,True,True,IMU/action_13/user9/2-2-2/up.csv,IMU/action_13/user9/2-2-2/down.csv,True,True,18,17,17,16,18,29,train
action_13,user9,13,9,2-2-3,True,True,IMU/action_13/user9/2-2-3/up.csv,IMU/action_13/user9/2-2-3/down.csv,True,True,16,14,14,13,14,29,train
action_13,user9,13,9,3-3-1,True,True,IMU/action_13/user9/3-3-1/up.csv,IMU/action_13/user9/3-3-1/down.csv,True,True,8,6,7,6,5,29,train
action_13,user9,13,9,3-3-2,True,True,IMU/action_13/user9/3-3-2/up.csv,IMU/action_13/user9/3-3-2/down.csv,True,True,9,9,9,10,9,29,train
action_13,user9,13,9,3-3-3,True,True,IMU/action_13/user9/3-3-3/up.csv,IMU/action_13/user9/3-3-3/down.csv,True,True,14,13,13,13,13,29,train
action_13,user9,13,9,4-2-2,True,True,IMU/action_13/user9/4-2-2/up.csv,IMU/action_13/user9/4-2-2/down.csv,True,True,14,13,15,14,14,29,train
action_13,user9,13,9,4-2-3,True,True,IMU/action_13/user9/4-2-3/up.csv,IMU/action_13/user9/4-2-3/down.csv,True,True,12,13,13,13,13,29,train
action_13,user9,13,9,5-3-1,True,True,IMU/action_13/user9/5-3-1/up.csv,IMU/action_13/user9/5-3-1/down.csv,True,True,17,16,16,17,17,29,train
action_13,user9,13,9,5-3-2,True,True,IMU/action_13/user9/5-3-2/up.csv,IMU/action_13/user9/5-3-2/down.csv,True,True,18,18,18,17,16,29,train
action_13,user9,13,9,5-3-3,True,True,IMU/action_13/user9/5-3-3/up.csv,IMU/action_13/user9/5-3-3/down.csv,True,True,12,15,13,13,13,29,train
action_01,user1,1,1,1-1-1,True,True,IMU/action_01/user1/1-1-1/up.csv,IMU/action_01/user1/1-1-1/down.csv,True,True,53,54,53,55,54,2,train
action_01,user1,1,1,1-1-2,True,True,IMU/action_01/user1/1-1-2/up.csv,IMU/action_01/user1/1-1-2/down.csv,True,True,52,52,52,53,51,2,train
action_01,user1,1,1,1-1-3,True,True,IMU/action_01/user1/1-1-3/up.csv,IMU/action_01/user1/1-1-3/down.csv,True,True,15,16,17,16,14,2,train
action_01,user16,1,16,2-2-1,True,True,IMU/action_01/user16/2-2-1/up.csv,IMU/action_01/user16/2-2-1/down.csv,True,True,31,31,30,29,30,2,train
action_01,user16,1,16,2-2-2,True,True,IMU/action_01/user16/2-2-2/up.csv,IMU/action_01/user16/2-2-2/down.csv,True,True,44,45,44,44,44,2,train
action_01,user16,1,16,2-2-3,True,True,IMU/action_01/user16/2-2-3/up.csv,IMU/action_01/user16/2-2-3/down.csv,True,True,15,15,15,14,15,2,train
action_01,user17,1,17,1-1-1,True,True,IMU/action_01/user17/1-1-1/up.csv,IMU/action_01/user17/1-1-1/down.csv,True,True,69,69,70,69,69,2,train
action_01,user17,1,17,1-1-2,True,True,IMU/action_01/user17/1-1-2/up.csv,IMU/action_01/user17/1-1-2/down.csv,True,True,9,8,10,9,9,2,train
action_01,user17,1,17,1-1-3,True,True,IMU/action_01/user17/1-1-3/up.csv,IMU/action_01/user17/1-1-3/down.csv,True,True,20,20,19,20,19,2,train
action_01,user18,1,18,7-1-1,True,True,IMU/action_01/user18/7-1-1/up.csv,IMU/action_01/user18/7-1-1/down.csv,True,True,23,23,22,23,24,2,train
action_01,user18,1,18,7-1-2,True,True,IMU/action_01/user18/7-1-2/up.csv,IMU/action_01/user18/7-1-2/down.csv,True,True,13,14,12,12,11,2,train
action_01,user18,1,18,7-1-3,True,True,IMU/action_01/user18/7-1-3/up.csv,IMU/action_01/user18/7-1-3/down.csv,True,True,4,5,4,4,4,2,train
action_01,user19,1,19,1-1-1,True,True,IMU/action_01/user19/1-1-1/up.csv,IMU/action_01/user19/1-1-1/down.csv,True,True,10,10,10,10,10,2,train
action_01,user19,1,19,1-1-2,True,True,IMU/action_01/user19/1-1-2/up.csv,IMU/action_01/user19/1-1-2/down.csv,True,True,9,10,9,10,8,2,train
action_01,user19,1,19,1-1-3,True,True,IMU/action_01/user19/1-1-3/up.csv,IMU/action_01/user19/1-1-3/down.csv,True,True,13,13,13,11,13,2,train
action_01,user2,1,2,7-3-1,True,True,IMU/action_01/user2/7-3-1/up.csv,IMU/action_01/user2/7-3-1/down.csv,True,True,26,24,26,25,25,2,train
action_01,user20,1,20,1-1-1,True,True,IMU/action_01/user20/1-1-1/up.csv,IMU/action_01/user20/1-1-1/down.csv,True,True,24,23,23,23,23,2,train
action_01,user20,1,20,1-1-2,True,True,IMU/action_01/user20/1-1-2/up.csv,IMU/action_01/user20/1-1-2/down.csv,True,True,18,19,18,19,21,2,train
action_01,user20,1,20,1-1-3,True,True,IMU/action_01/user20/1-1-3/up.csv,IMU/action_01/user20/1-1-3/down.csv,True,True,23,23,23,23,24,2,train
action_01,user20,1,20,4-2-2,True,True,IMU/action_01/user20/4-2-2/up.csv,IMU/action_01/user20/4-2-2/down.csv,True,True,15,16,14,16,20,2,train
action_01,user20,1,20,4-2-3,True,True,IMU/action_01/user20/4-2-3/up.csv,IMU/action_01/user20/4-2-3/down.csv,True,True,17,16,16,17,15,2,train
action_01,user21,1,21,4-2-1,True,True,IMU/action_01/user21/4-2-1/up.csv,IMU/action_01/user21/4-2-1/down.csv,True,True,13,14,15,14,14,2,test
action_01,user21,1,21,4-2-2,True,True,IMU/action_01/user21/4-2-2/up.csv,IMU/action_01/user21/4-2-2/down.csv,True,True,8,10,9,8,12,2,test
action_01,user21,1,21,4-2-3,True,True,IMU/action_01/user21/4-2-3/up.csv,IMU/action_01/user21/4-2-3/down.csv,True,True,6,6,6,6,5,2,test
action_01,user22,1,22,1-2-1,True,True,IMU/action_01/user22/1-2-1/up.csv,IMU/action_01/user22/1-2-1/down.csv,True,True,16,17,16,17,16,2,train
action_01,user22,1,22,1-2-2,True,True,IMU/action_01/user22/1-2-2/up.csv,IMU/action_01/user22/1-2-2/down.csv,True,True,5,5,5,6,5,2,train
action_01,user22,1,22,1-2-3,True,True,IMU/action_01/user22/1-2-3/up.csv,IMU/action_01/user22/1-2-3/down.csv,True,True,8,6,6,7,7,2,train
action_01,user22,1,22,2-2-1,True,True,IMU/action_01/user22/2-2-1/up.csv,IMU/action_01/user22/2-2-1/down.csv,True,True,11,12,12,12,15,2,train
action_01,user22,1,22,2-2-2,True,True,IMU/action_01/user22/2-2-2/up.csv,IMU/action_01/user22/2-2-2/down.csv,True,True,15,16,16,16,13,2,train
action_01,user22,1,22,2-2-3,True,True,IMU/action_01/user22/2-2-3/up.csv,IMU/action_01/user22/2-2-3/down.csv,True,True,7,8,7,7,6,2,train
action_01,user23,1,23,2-2-1,True,True,IMU/action_01/user23/2-2-1/up.csv,IMU/action_01/user23/2-2-1/down.csv,True,True,34,35,34,35,34,2,train
action_01,user23,1,23,2-2-2,True,True,IMU/action_01/user23/2-2-2/up.csv,IMU/action_01/user23/2-2-2/down.csv,True,True,27,28,27,29,27,2,train
action_01,user23,1,23,2-2-3,True,True,IMU/action_01/user23/2-2-3/up.csv,IMU/action_01/user23/2-2-3/down.csv,True,True,20,20,19,19,19,2,train
action_01,user24,1,24,7-1-1,True,True,IMU/action_01/user24/7-1-1/up.csv,IMU/action_01/user24/7-1-1/down.csv,True,True,13,12,11,12,13,2,train
action_01,user24,1,24,7-1-2,True,True,IMU/action_01/user24/7-1-2/up.csv,IMU/action_01/user24/7-1-2/down.csv,True,True,3,3,2,2,2,2,train
action_01,user24,1,24,7-1-3,True,True,IMU/action_01/user24/7-1-3/up.csv,IMU/action_01/user24/7-1-3/down.csv,True,True,6,6,7,5,3,2,train
action_01,user3,1,3,1-2-1,True,True,IMU/action_01/user3/1-2-1/up.csv,IMU/action_01/user3/1-2-1/down.csv,True,True,10,12,10,10,11,2,train
action_01,user3,1,3,1-2-3,True,True,IMU/action_01/user3/1-2-3/up.csv,IMU/action_01/user3/1-2-3/down.csv,True,True,4,4,4,4,5,2,train
action_01,user5,1,5,1-1-1,True,True,IMU/action_01/user5/1-1-1/up.csv,IMU/action_01/user5/1-1-1/down.csv,True,True,63,64,65,65,59,2,train
action_01,user5,1,5,1-1-2,True,True,IMU/action_01/user5/1-1-2/up.csv,IMU/action_01/user5/1-1-2/down.csv,True,True,76,77,77,77,78,2,train
action_01,user5,1,5,1-1-3,True,True,IMU/action_01/user5/1-1-3/up.csv,IMU/action_01/user5/1-1-3/down.csv,True,True,23,24,23,23,23,2,train
action_01,user5,1,5,7-1-1,True,True,IMU/action_01/user5/7-1-1/up.csv,IMU/action_01/user5/7-1-1/down.csv,True,True,70,70,69,69,69,2,train
action_01,user5,1,5,7-1-2,True,True,IMU/action_01/user5/7-1-2/up.csv,IMU/action_01/user5/7-1-2/down.csv,True,True,60,60,61,62,59,2,train
action_01,user5,1,5,7-1-3,True,True,IMU/action_01/user5/7-1-3/up.csv,IMU/action_01/user5/7-1-3/down.csv,True,True,58,57,57,60,59,2,train
action_01,user6,1,6,2-2-1,True,True,IMU/action_01/user6/2-2-1/up.csv,IMU/action_01/user6/2-2-1/down.csv,True,True,22,21,22,23,23,2,train
action_01,user6,1,6,2-2-2,True,True,IMU/action_01/user6/2-2-2/up.csv,IMU/action_01/user6/2-2-2/down.csv,True,True,36,36,35,36,34,2,train
action_01,user7,1,7,1-1-1,True,True,IMU/action_01/user7/1-1-1/up.csv,IMU/action_01/user7/1-1-1/down.csv,True,True,34,34,33,35,34,2,train
action_01,user7,1,7,1-1-2,True,True,IMU/action_01/user7/1-1-2/up.csv,IMU/action_01/user7/1-1-2/down.csv,True,True,12,12,11,12,11,2,train
action_01,user7,1,7,1-1-3,True,True,IMU/action_01/user7/1-1-3/up.csv,IMU/action_01/user7/1-1-3/down.csv,True,True,32,32,32,33,32,2,train
action_01,user8,1,8,7-1-2,True,True,IMU/action_01/user8/7-1-2/up.csv,IMU/action_01/user8/7-1-2/down.csv,True,True,8,8,7,7,9,2,train
action_01,user8,1,8,7-1-3,True,True,IMU/action_01/user8/7-1-3/up.csv,IMU/action_01/user8/7-1-3/down.csv,True,True,4,5,5,6,5,2,train
action_01,user9,1,9,1-1-1,True,True,IMU/action_01/user9/1-1-1/up.csv,IMU/action_01/user9/1-1-1/down.csv,True,True,19,19,19,18,19,2,train
action_01,user9,1,9,1-1-2,True,True,IMU/action_01/user9/1-1-2/up.csv,IMU/action_01/user9/1-1-2/down.csv,True,True,12,12,12,12,12,2,train
action_01,user9,1,9,1-1-3,True,True,IMU/action_01/user9/1-1-3/up.csv,IMU/action_01/user9/1-1-3/down.csv,True,True,8,9,8,7,8,2,train
action_14,user1,14,1,7-1-1,True,True,IMU/action_14/user1/7-1-1/up.csv,IMU/action_14/user1/7-1-1/down.csv,True,True,47,47,49,48,50,31,train
action_14,user1,14,1,7-1-2,True,True,IMU/action_14/user1/7-1-2/up.csv,IMU/action_14/user1/7-1-2/down.csv,True,True,68,69,68,68,68,31,train
action_14,user1,14,1,7-1-3,True,True,IMU/action_14/user1/7-1-3/up.csv,IMU/action_14/user1/7-1-3/down.csv,True,True,38,37,37,37,36,31,train
action_14,user17,14,17,3-1-1,True,True,IMU/action_14/user17/3-1-1/up.csv,IMU/action_14/user17/3-1-1/down.csv,True,True,17,19,18,18,19,31,train
action_14,user17,14,17,3-1-2,True,True,IMU/action_14/user17/3-1-2/up.csv,IMU/action_14/user17/3-1-2/down.csv,True,True,24,26,24,24,24,31,train
action_14,user17,14,17,3-1-3,True,True,IMU/action_14/user17/3-1-3/up.csv,IMU/action_14/user17/3-1-3/down.csv,True,True,29,28,28,28,26,31,train
action_14,user17,14,17,4-1-1,True,True,IMU/action_14/user17/4-1-1/up.csv,IMU/action_14/user17/4-1-1/down.csv,True,True,23,23,23,23,23,31,train
action_14,user17,14,17,4-1-2,True,True,IMU/action_14/user17/4-1-2/up.csv,IMU/action_14/user17/4-1-2/down.csv,True,True,29,29,28,29,29,31,train
action_14,user17,14,17,4-1-3,True,True,IMU/action_14/user17/4-1-3/up.csv,IMU/action_14/user17/4-1-3/down.csv,True,True,20,19,19,20,20,31,train
action_14,user18,14,18,5-1-1,True,True,IMU/action_14/user18/5-1-1/up.csv,IMU/action_14/user18/5-1-1/down.csv,True,True,12,13,12,13,12,31,train
action_14,user18,14,18,5-1-2,True,True,IMU/action_14/user18/5-1-2/up.csv,IMU/action_14/user18/5-1-2/down.csv,True,True,18,20,20,20,19,31,train
action_14,user18,14,18,5-1-3,True,True,IMU/action_14/user18/5-1-3/up.csv,IMU/action_14/user18/5-1-3/down.csv,True,True,9,8,9,9,8,31,train
action_14,user18,14,18,6-1-1,True,True,IMU/action_14/user18/6-1-1/up.csv,IMU/action_14/user18/6-1-1/down.csv,True,True,37,36,37,35,35,31,train
action_14,user18,14,18,6-1-2,True,True,IMU/action_14/user18/6-1-2/up.csv,IMU/action_14/user18/6-1-2/down.csv,True,True,44,44,44,44,44,31,train
action_14,user18,14,18,6-1-3,True,True,IMU/action_14/user18/6-1-3/up.csv,IMU/action_14/user18/6-1-3/down.csv,True,True,35,34,34,34,34,31,train
action_14,user18,14,18,6-2-1,True,True,IMU/action_14/user18/6-2-1/up.csv,IMU/action_14/user18/6-2-1/down.csv,True,True,21,19,19,21,20,31,train
action_14,user18,14,18,6-2-2,True,True,IMU/action_14/user18/6-2-2/up.csv,IMU/action_14/user18/6-2-2/down.csv,True,True,21,21,22,21,22,31,train
action_14,user18,14,18,6-2-3,True,True,IMU/action_14/user18/6-2-3/up.csv,IMU/action_14/user18/6-2-3/down.csv,True,True,31,31,32,28,30,31,train
action_14,user19,14,19,1-1-1,True,True,IMU/action_14/user19/1-1-1/up.csv,IMU/action_14/user19/1-1-1/down.csv,True,True,25,24,25,23,25,31,train
action_14,user19,14,19,1-1-2,True,True,IMU/action_14/user19/1-1-2/up.csv,IMU/action_14/user19/1-1-2/down.csv,True,True,35,35,35,35,35,31,train
action_14,user19,14,19,1-1-3,True,True,IMU/action_14/user19/1-1-3/up.csv,IMU/action_14/user19/1-1-3/down.csv,True,True,62,62,62,62,62,31,train
action_14,user19,14,19,4-2-1,True,True,IMU/action_14/user19/4-2-1/up.csv,IMU/action_14/user19/4-2-1/down.csv,True,True,29,29,29,29,30,31,train
action_14,user19,14,19,4-2-2,True,True,IMU/action_14/user19/4-2-2/up.csv,IMU/action_14/user19/4-2-2/down.csv,True,True,46,45,46,45,45,31,train
action_14,user19,14,19,4-2-3,True,True,IMU/action_14/user19/4-2-3/up.csv,IMU/action_14/user19/4-2-3/down.csv,True,True,20,18,18,17,19,31,train
action_14,user2,14,2,1-2-1,True,True,IMU/action_14/user2/1-2-1/up.csv,IMU/action_14/user2/1-2-1/down.csv,True,True,19,22,19,18,21,31,train
action_14,user2,14,2,1-2-2,True,True,IMU/action_14/user2/1-2-2/up.csv,IMU/action_14/user2/1-2-2/down.csv,True,True,40,40,37,38,38,31,train
action_14,user2,14,2,1-2-3,True,True,IMU/action_14/user2/1-2-3/up.csv,IMU/action_14/user2/1-2-3/down.csv,True,True,26,28,27,28,23,31,train
action_14,user2,14,2,2-2-1,True,True,IMU/action_14/user2/2-2-1/up.csv,IMU/action_14/user2/2-2-1/down.csv,True,True,75,74,75,76,75,31,train
action_14,user2,14,2,2-2-2,True,True,IMU/action_14/user2/2-2-2/up.csv,IMU/action_14/user2/2-2-2/down.csv,True,True,35,35,36,35,34,31,train
action_14,user2,14,2,2-2-3,True,True,IMU/action_14/user2/2-2-3/up.csv,IMU/action_14/user2/2-2-3/down.csv,True,True,15,13,13,12,13,31,train
action_14,user2,14,2,6-1-1,True,True,IMU/action_14/user2/6-1-1/up.csv,IMU/action_14/user2/6-1-1/down.csv,True,True,29,28,28,29,27,31,train
action_14,user2,14,2,6-1-2,True,True,IMU/action_14/user2/6-1-2/up.csv,IMU/action_14/user2/6-1-2/down.csv,True,True,17,18,18,18,17,31,train
action_14,user2,14,2,7-3-1,True,True,IMU/action_14/user2/7-3-1/up.csv,IMU/action_14/user2/7-3-1/down.csv,True,True,48,47,48,47,48,31,train
action_14,user2,14,2,7-3-2,True,True,IMU/action_14/user2/7-3-2/up.csv,IMU/action_14/user2/7-3-2/down.csv,True,True,45,46,43,44,43,31,train
action_14,user2,14,2,7-3-3,True,True,IMU/action_14/user2/7-3-3/up.csv,IMU/action_14/user2/7-3-3/down.csv,True,True,35,34,34,35,34,31,train
action_14,user20,14,20,1-2-1,True,True,IMU/action_14/user20/1-2-1/up.csv,IMU/action_14/user20/1-2-1/down.csv,True,True,31,32,32,31,31,31,train
action_14,user20,14,20,1-2-2,True,True,IMU/action_14/user20/1-2-2/up.csv,IMU/action_14/user20/1-2-2/down.csv,True,True,31,32,32,28,31,31,train
action_14,user20,14,20,1-2-3,True,True,IMU/action_14/user20/1-2-3/up.csv,IMU/action_14/user20/1-2-3/down.csv,True,True,22,21,23,22,22,31,train
action_14,user22,14,22,3-2-1,True,True,IMU/action_14/user22/3-2-1/up.csv,IMU/action_14/user22/3-2-1/down.csv,True,True,13,13,14,13,12,31,train
action_14,user22,14,22,3-2-2,True,True,IMU/action_14/user22/3-2-2/up.csv,IMU/action_14/user22/3-2-2/down.csv,True,True,6,6,7,6,6,31,train
action_14,user22,14,22,3-2-3,True,True,IMU/action_14/user22/3-2-3/up.csv,IMU/action_14/user22/3-2-3/down.csv,True,True,12,13,13,13,12,31,train
action_14,user22,14,22,6-2-1,True,True,IMU/action_14/user22/6-2-1/up.csv,IMU/action_14/user22/6-2-1/down.csv,True,True,48,49,49,49,49,31,train
action_14,user22,14,22,6-2-2,True,True,IMU/action_14/user22/6-2-2/up.csv,IMU/action_14/user22/6-2-2/down.csv,True,True,42,41,42,42,42,31,train
action_14,user22,14,22,6-2-3,True,True,IMU/action_14/user22/6-2-3/up.csv,IMU/action_14/user22/6-2-3/down.csv,True,True,20,20,20,19,20,31,train
action_14,user22,14,22,7-3-1,True,True,IMU/action_14/user22/7-3-1/up.csv,IMU/action_14/user22/7-3-1/down.csv,True,True,17,17,18,16,16,31,train
action_14,user22,14,22,7-3-2,True,True,IMU/action_14/user22/7-3-2/up.csv,IMU/action_14/user22/7-3-2/down.csv,True,True,18,16,18,17,17,31,train
action_14,user22,14,22,7-3-3,True,True,IMU/action_14/user22/7-3-3/up.csv,IMU/action_14/user22/7-3-3/down.csv,True,True,26,27,27,27,27,31,train
action_14,user23,14,23,6-1-1,True,True,IMU/action_14/user23/6-1-1/up.csv,IMU/action_14/user23/6-1-1/down.csv,True,True,44,46,44,44,44,31,train
action_14,user23,14,23,6-1-2,True,True,IMU/action_14/user23/6-1-2/up.csv,IMU/action_14/user23/6-1-2/down.csv,True,True,39,39,40,42,39,31,train
action_14,user23,14,23,6-1-3,True,True,IMU/action_14/user23/6-1-3/up.csv,IMU/action_14/user23/6-1-3/down.csv,True,True,30,31,36,29,31,31,train
action_14,user23,14,23,7-3-1,True,True,IMU/action_14/user23/7-3-1/up.csv,IMU/action_14/user23/7-3-1/down.csv,True,True,25,24,24,24,24,31,train
action_14,user23,14,23,7-3-2,True,True,IMU/action_14/user23/7-3-2/up.csv,IMU/action_14/user23/7-3-2/down.csv,True,True,26,27,26,26,27,31,train
action_14,user23,14,23,7-3-3,True,True,IMU/action_14/user23/7-3-3/up.csv,IMU/action_14/user23/7-3-3/down.csv,True,True,24,24,23,23,24,31,train
action_14,user24,14,24,3-2-1,True,True,IMU/action_14/user24/3-2-1/up.csv,IMU/action_14/user24/3-2-1/down.csv,True,True,53,55,52,53,53,31,train
action_14,user24,14,24,3-2-2,True,True,IMU/action_14/user24/3-2-2/up.csv,IMU/action_14/user24/3-2-2/down.csv,True,True,16,16,16,15,15,31,train
action_14,user24,14,24,3-2-3,True,True,IMU/action_14/user24/3-2-3/up.csv,IMU/action_14/user24/3-2-3/down.csv,True,True,31,32,33,32,32,31,train
action_14,user3,14,3,2-1-2,True,True,IMU/action_14/user3/2-1-2/up.csv,IMU/action_14/user3/2-1-2/down.csv,True,True,49,49,49,50,49,31,train
action_14,user3,14,3,2-1-3,True,True,IMU/action_14/user3/2-1-3/up.csv,IMU/action_14/user3/2-1-3/down.csv,True,True,31,30,30,31,30,31,train
action_14,user3,14,3,7-1-1,True,True,IMU/action_14/user3/7-1-1/up.csv,IMU/action_14/user3/7-1-1/down.csv,True,True,37,38,37,37,38,31,train
action_14,user3,14,3,7-1-2,True,True,IMU/action_14/user3/7-1-2/up.csv,IMU/action_14/user3/7-1-2/down.csv,True,True,38,39,38,38,39,31,train
action_14,user3,14,3,7-1-3,True,True,IMU/action_14/user3/7-1-3/up.csv,IMU/action_14/user3/7-1-3/down.csv,True,True,46,46,47,46,46,31,train
action_14,user4,14,4,3-2-1,True,True,IMU/action_14/user4/3-2-1/up.csv,IMU/action_14/user4/3-2-1/down.csv,True,True,50,50,50,50,50,31,train
action_14,user4,14,4,3-2-2,True,True,IMU/action_14/user4/3-2-2/up.csv,IMU/action_14/user4/3-2-2/down.csv,True,True,9,10,10,10,10,31,train
action_14,user4,14,4,3-2-3,True,True,IMU/action_14/user4/3-2-3/up.csv,IMU/action_14/user4/3-2-3/down.csv,True,True,31,31,31,32,30,31,train
action_14,user7,14,7,2-2-1,True,True,IMU/action_14/user7/2-2-1/up.csv,IMU/action_14/user7/2-2-1/down.csv,True,True,42,44,41,42,42,31,train
action_14,user7,14,7,2-2-2,True,True,IMU/action_14/user7/2-2-2/up.csv,IMU/action_14/user7/2-2-2/down.csv,True,True,42,40,41,42,42,31,train
action_14,user7,14,7,2-2-3,True,True,IMU/action_14/user7/2-2-3/up.csv,IMU/action_14/user7/2-2-3/down.csv,True,True,28,27,28,29,26,31,train
action_14,user7,14,7,4-1-1,True,True,IMU/action_14/user7/4-1-1/up.csv,IMU/action_14/user7/4-1-1/down.csv,True,True,14,16,14,16,14,31,train
action_14,user7,14,7,4-1-2,True,True,IMU/action_14/user7/4-1-2/up.csv,IMU/action_14/user7/4-1-2/down.csv,True,True,12,13,14,12,13,31,train
action_14,user7,14,7,4-1-3,True,True,IMU/action_14/user7/4-1-3/up.csv,IMU/action_14/user7/4-1-3/down.csv,True,True,7,7,7,6,8,31,train
action_14,user8,14,8,5-1-1,True,True,IMU/action_14/user8/5-1-1/up.csv,IMU/action_14/user8/5-1-1/down.csv,True,True,26,25,25,26,27,31,train
action_14,user8,14,8,5-1-2,True,True,IMU/action_14/user8/5-1-2/up.csv,IMU/action_14/user8/5-1-2/down.csv,True,True,22,21,22,22,21,31,train
action_14,user8,14,8,5-1-3,True,True,IMU/action_14/user8/5-1-3/up.csv,IMU/action_14/user8/5-1-3/down.csv,True,True,8,8,7,8,8,31,train
action_14,user8,14,8,6-1-1,True,True,IMU/action_14/user8/6-1-1/up.csv,IMU/action_14/user8/6-1-1/down.csv,True,True,14,13,15,13,13,31,train
action_14,user8,14,8,6-1-2,True,True,IMU/action_14/user8/6-1-2/up.csv,IMU/action_14/user8/6-1-2/down.csv,True,True,25,25,25,24,24,31,train
action_14,user8,14,8,6-1-3,True,True,IMU/action_14/user8/6-1-3/up.csv,IMU/action_14/user8/6-1-3/down.csv,True,True,20,21,20,21,20,31,train
action_14,user8,14,8,6-2-1,True,True,IMU/action_14/user8/6-2-1/up.csv,IMU/action_14/user8/6-2-1/down.csv,True,True,46,47,47,46,47,31,train
action_14,user8,14,8,6-2-2,True,True,IMU/action_14/user8/6-2-2/up.csv,IMU/action_14/user8/6-2-2/down.csv,True,True,27,27,27,21,23,31,train
action_14,user8,14,8,6-2-3,True,True,IMU/action_14/user8/6-2-3/up.csv,IMU/action_14/user8/6-2-3/down.csv,True,True,43,42,43,43,42,31,train
action_14,user9,14,9,1-1-1,True,True,IMU/action_14/user9/1-1-1/up.csv,IMU/action_14/user9/1-1-1/down.csv,True,True,35,35,36,36,35,31,train
action_14,user9,14,9,1-1-2,True,True,IMU/action_14/user9/1-1-2/up.csv,IMU/action_14/user9/1-1-2/down.csv,True,True,7,10,9,8,11,31,train
action_14,user9,14,9,1-1-3,True,True,IMU/action_14/user9/1-1-3/up.csv,IMU/action_14/user9/1-1-3/down.csv,True,True,13,13,13,13,13,31,train
action_14,user9,14,9,4-2-2,True,True,IMU/action_14/user9/4-2-2/up.csv,IMU/action_14/user9/4-2-2/down.csv,True,True,36,36,36,36,38,31,train
action_14,user9,14,9,4-2-3,True,True,IMU/action_14/user9/4-2-3/up.csv,IMU/action_14/user9/4-2-3/down.csv,True,True,10,9,11,10,11,31,train
action_15,user1,15,1,2-2-1,True,True,IMU/action_15/user1/2-2-1/up.csv,IMU/action_15/user1/2-2-1/down.csv,True,True,11,11,11,11,14,32,train
action_15,user1,15,1,2-2-2,True,True,IMU/action_15/user1/2-2-2/up.csv,IMU/action_15/user1/2-2-2/down.csv,True,True,19,19,20,20,19,32,train
action_15,user1,15,1,2-2-3,True,True,IMU/action_15/user1/2-2-3/up.csv,IMU/action_15/user1/2-2-3/down.csv,True,True,9,10,9,10,10,32,train
action_15,user1,15,1,3-2-1,True,True,IMU/action_15/user1/3-2-1/up.csv,IMU/action_15/user1/3-2-1/down.csv,True,True,14,14,15,13,14,32,train
action_15,user1,15,1,3-2-2,True,True,IMU/action_15/user1/3-2-2/up.csv,IMU/action_15/user1/3-2-2/down.csv,True,True,13,13,14,13,14,32,train
action_15,user1,15,1,3-2-3,True,True,IMU/action_15/user1/3-2-3/up.csv,IMU/action_15/user1/3-2-3/down.csv,True,True,14,13,13,14,13,32,train
action_15,user1,15,1,6-2-2,True,True,IMU/action_15/user1/6-2-2/up.csv,IMU/action_15/user1/6-2-2/down.csv,True,True,12,12,12,13,12,32,train
action_15,user1,15,1,6-2-3,True,True,IMU/action_15/user1/6-2-3/up.csv,IMU/action_15/user1/6-2-3/down.csv,True,True,8,9,9,9,8,32,train
action_15,user16,15,16,3-1-1,True,True,IMU/action_15/user16/3-1-1/up.csv,IMU/action_15/user16/3-1-1/down.csv,True,True,9,12,11,10,11,32,train
action_15,user16,15,16,3-1-2,True,True,IMU/action_15/user16/3-1-2/up.csv,IMU/action_15/user16/3-1-2/down.csv,True,True,36,37,37,38,36,32,train
action_15,user16,15,16,3-1-3,True,True,IMU/action_15/user16/3-1-3/up.csv,IMU/action_15/user16/3-1-3/down.csv,True,True,9,10,10,9,9,32,train
action_15,user16,15,16,4-1-1,True,True,IMU/action_15/user16/4-1-1/up.csv,IMU/action_15/user16/4-1-1/down.csv,True,True,7,6,6,7,6,32,train
action_15,user16,15,16,4-1-2,True,True,IMU/action_15/user16/4-1-2/up.csv,IMU/action_15/user16/4-1-2/down.csv,True,True,10,10,11,10,10,32,train
action_15,user16,15,16,4-1-3,True,True,IMU/action_15/user16/4-1-3/up.csv,IMU/action_15/user16/4-1-3/down.csv,True,True,14,14,13,16,21,32,train
action_15,user17,15,17,4-1-1,True,True,IMU/action_15/user17/4-1-1/up.csv,IMU/action_15/user17/4-1-1/down.csv,True,True,8,10,10,11,10,32,train
action_15,user17,15,17,4-1-2,True,True,IMU/action_15/user17/4-1-2/up.csv,IMU/action_15/user17/4-1-2/down.csv,True,True,11,10,10,10,9,32,train
action_15,user17,15,17,4-1-3,True,True,IMU/action_15/user17/4-1-3/up.csv,IMU/action_15/user17/4-1-3/down.csv,True,True,8,8,8,8,8,32,train
action_15,user18,15,18,5-1-1,True,True,IMU/action_15/user18/5-1-1/up.csv,IMU/action_15/user18/5-1-1/down.csv,True,True,6,5,5,5,6,32,train
action_15,user18,15,18,5-1-2,True,True,IMU/action_15/user18/5-1-2/up.csv,IMU/action_15/user18/5-1-2/down.csv,True,True,6,6,5,6,4,32,train
action_15,user18,15,18,6-2-1,True,True,IMU/action_15/user18/6-2-1/up.csv,IMU/action_15/user18/6-2-1/down.csv,True,True,6,6,5,6,5,32,train
action_15,user18,15,18,6-2-2,True,True,IMU/action_15/user18/6-2-2/up.csv,IMU/action_15/user18/6-2-2/down.csv,True,True,3,4,4,4,4,32,train
action_15,user18,15,18,6-2-3,True,True,IMU/action_15/user18/6-2-3/up.csv,IMU/action_15/user18/6-2-3/down.csv,True,True,10,11,10,10,9,32,train
action_15,user19,15,19,5-1-1,True,True,IMU/action_15/user19/5-1-1/up.csv,IMU/action_15/user19/5-1-1/down.csv,True,True,15,16,16,15,15,32,train
action_15,user19,15,19,5-1-2,True,True,IMU/action_15/user19/5-1-2/up.csv,IMU/action_15/user19/5-1-2/down.csv,True,True,7,8,8,9,8,32,train
action_15,user19,15,19,5-1-3,True,True,IMU/action_15/user19/5-1-3/up.csv,IMU/action_15/user19/5-1-3/down.csv,True,True,7,8,7,7,6,32,train
action_15,user2,15,2,4-1-2,True,True,IMU/action_15/user2/4-1-2/up.csv,IMU/action_15/user2/4-1-2/down.csv,True,True,12,13,11,12,11,32,train
action_15,user2,15,2,4-1-3,True,True,IMU/action_15/user2/4-1-3/up.csv,IMU/action_15/user2/4-1-3/down.csv,True,True,11,11,11,12,9,32,train
action_15,user2,15,2,4-3-1,True,True,IMU/action_15/user2/4-3-1/up.csv,IMU/action_15/user2/4-3-1/down.csv,True,True,15,15,15,14,15,32,train
action_15,user2,15,2,4-3-2,True,True,IMU/action_15/user2/4-3-2/up.csv,IMU/action_15/user2/4-3-2/down.csv,True,True,14,16,14,10,10,32,train
action_15,user2,15,2,4-3-3,True,True,IMU/action_15/user2/4-3-3/up.csv,IMU/action_15/user2/4-3-3/down.csv,True,True,11,11,11,11,11,32,train
action_15,user2,15,2,7-3-1,True,True,IMU/action_15/user2/7-3-1/up.csv,IMU/action_15/user2/7-3-1/down.csv,True,True,14,14,14,14,14,32,train
action_15,user2,15,2,7-3-2,True,True,IMU/action_15/user2/7-3-2/up.csv,IMU/action_15/user2/7-3-2/down.csv,True,True,5,5,5,4,4,32,train
action_15,user2,15,2,7-3-3,True,True,IMU/action_15/user2/7-3-3/up.csv,IMU/action_15/user2/7-3-3/down.csv,True,True,7,8,8,8,8,32,train
action_15,user20,15,20,6-3-1,True,True,IMU/action_15/user20/6-3-1/up.csv,IMU/action_15/user20/6-3-1/down.csv,True,True,13,13,12,13,13,32,train
action_15,user20,15,20,6-3-2,True,True,IMU/action_15/user20/6-3-2/up.csv,IMU/action_15/user20/6-3-2/down.csv,True,True,7,8,7,8,8,32,train
action_15,user20,15,20,6-3-3,True,True,IMU/action_15/user20/6-3-3/up.csv,IMU/action_15/user20/6-3-3/down.csv,True,True,9,8,10,9,9,32,train
action_15,user21,15,21,2-2-1,True,True,IMU/action_15/user21/2-2-1/up.csv,IMU/action_15/user21/2-2-1/down.csv,True,True,18,16,14,16,16,32,test
action_15,user21,15,21,2-2-2,True,True,IMU/action_15/user21/2-2-2/up.csv,IMU/action_15/user21/2-2-2/down.csv,True,True,8,9,8,6,9,32,test
action_15,user21,15,21,2-2-3,True,True,IMU/action_15/user21/2-2-3/up.csv,IMU/action_15/user21/2-2-3/down.csv,True,True,4,4,4,5,4,32,test
action_15,user21,15,21,4-1-1,True,True,IMU/action_15/user21/4-1-1/up.csv,IMU/action_15/user21/4-1-1/down.csv,True,True,8,8,9,9,8,32,test
action_15,user21,15,21,4-1-2,True,True,IMU/action_15/user21/4-1-2/up.csv,IMU/action_15/user21/4-1-2/down.csv,True,True,5,6,3,2,6,32,test
action_15,user21,15,21,4-1-3,True,True,IMU/action_15/user21/4-1-3/up.csv,IMU/action_15/user21/4-1-3/down.csv,True,True,5,11,2,3,2,32,test
action_15,user22,15,22,7-2-1,True,True,IMU/action_15/user22/7-2-1/up.csv,IMU/action_15/user22/7-2-1/down.csv,True,True,2,3,4,3,4,32,train
action_15,user22,15,22,7-2-2,True,True,IMU/action_15/user22/7-2-2/up.csv,IMU/action_15/user22/7-2-2/down.csv,True,True,6,7,7,7,7,32,train
action_15,user22,15,22,7-2-3,True,True,IMU/action_15/user22/7-2-3/up.csv,IMU/action_15/user22/7-2-3/down.csv,True,True,2,2,2,2,3,32,train
action_15,user22,15,22,7-3-1,True,True,IMU/action_15/user22/7-3-1/up.csv,IMU/action_15/user22/7-3-1/down.csv,True,True,12,13,13,12,10,32,train
action_15,user22,15,22,7-3-2,True,True,IMU/action_15/user22/7-3-2/up.csv,IMU/action_15/user22/7-3-2/down.csv,True,True,8,9,9,8,8,32,train
action_15,user22,15,22,7-3-3,True,True,IMU/action_15/user22/7-3-3/up.csv,IMU/action_15/user22/7-3-3/down.csv,True,True,10,10,10,11,8,32,train
action_15,user23,15,23,5-3-3,True,True,IMU/action_15/user23/5-3-3/up.csv,IMU/action_15/user23/5-3-3/down.csv,True,True,8,8,8,8,7,32,train
action_15,user23,15,23,7-1-1,True,True,IMU/action_15/user23/7-1-1/up.csv,IMU/action_15/user23/7-1-1/down.csv,True,True,20,19,19,18,17,32,train
action_15,user23,15,23,7-1-2,True,True,IMU/action_15/user23/7-1-2/up.csv,IMU/action_15/user23/7-1-2/down.csv,True,True,18,18,19,18,18,32,train
action_15,user23,15,23,7-1-3,True,True,IMU/action_15/user23/7-1-3/up.csv,IMU/action_15/user23/7-1-3/down.csv,True,True,9,8,8,8,9,32,train
action_15,user23,15,23,7-3-1,True,True,IMU/action_15/user23/7-3-1/up.csv,IMU/action_15/user23/7-3-1/down.csv,True,True,13,12,11,12,13,32,train
action_15,user23,15,23,7-3-2,True,True,IMU/action_15/user23/7-3-2/up.csv,IMU/action_15/user23/7-3-2/down.csv,True,True,8,7,8,8,7,32,train
action_15,user23,15,23,7-3-3,True,True,IMU/action_15/user23/7-3-3/up.csv,IMU/action_15/user23/7-3-3/down.csv,True,True,3,3,3,4,3,32,train
action_15,user24,15,24,5-1-1,True,True,IMU/action_15/user24/5-1-1/up.csv,IMU/action_15/user24/5-1-1/down.csv,True,True,6,7,8,8,9,32,train
action_15,user24,15,24,5-1-2,True,True,IMU/action_15/user24/5-1-2/up.csv,IMU/action_15/user24/5-1-2/down.csv,True,True,7,7,7,8,8,32,train
action_15,user24,15,24,5-1-3,True,True,IMU/action_15/user24/5-1-3/up.csv,IMU/action_15/user24/5-1-3/down.csv,True,True,7,7,7,7,7,32,train
action_15,user24,15,24,6-3-1,True,True,IMU/action_15/user24/6-3-1/up.csv,IMU/action_15/user24/6-3-1/down.csv,True,True,14,14,13,14,13,32,train
action_15,user24,15,24,6-3-2,True,True,IMU/action_15/user24/6-3-2/up.csv,IMU/action_15/user24/6-3-2/down.csv,True,True,11,10,11,12,11,32,train
action_15,user24,15,24,6-3-3,True,True,IMU/action_15/user24/6-3-3/up.csv,IMU/action_15/user24/6-3-3/down.csv,True,True,9,9,9,8,9,32,train
action_15,user3,15,3,2-1-2,True,True,IMU/action_15/user3/2-1-2/up.csv,IMU/action_15/user3/2-1-2/down.csv,True,True,9,14,8,9,8,32,train
action_15,user3,15,3,2-1-3,True,True,IMU/action_15/user3/2-1-3/up.csv,IMU/action_15/user3/2-1-3/down.csv,True,True,6,17,5,6,6,32,train
action_15,user3,15,3,7-1-1,True,True,IMU/action_15/user3/7-1-1/up.csv,IMU/action_15/user3/7-1-1/down.csv,True,True,8,9,9,8,9,32,train
action_15,user3,15,3,7-1-2,True,True,IMU/action_15/user3/7-1-2/up.csv,IMU/action_15/user3/7-1-2/down.csv,True,True,5,6,6,6,6,32,train
action_15,user3,15,3,7-1-3,True,True,IMU/action_15/user3/7-1-3/up.csv,IMU/action_15/user3/7-1-3/down.csv,True,True,6,7,4,7,5,32,train
action_15,user4,15,4,2-1-1,True,True,IMU/action_15/user4/2-1-1/up.csv,IMU/action_15/user4/2-1-1/down.csv,True,True,9,8,9,8,10,32,train
action_15,user4,15,4,2-1-2,True,True,IMU/action_15/user4/2-1-2/up.csv,IMU/action_15/user4/2-1-2/down.csv,True,True,7,6,7,7,7,32,train
action_15,user4,15,4,2-1-3,True,True,IMU/action_15/user4/2-1-3/up.csv,IMU/action_15/user4/2-1-3/down.csv,True,True,5,9,6,7,5,32,train
action_15,user4,15,4,3-2-1,True,True,IMU/action_15/user4/3-2-1/up.csv,IMU/action_15/user4/3-2-1/down.csv,True,True,14,14,13,14,13,32,train
action_15,user4,15,4,3-2-2,True,True,IMU/action_15/user4/3-2-2/up.csv,IMU/action_15/user4/3-2-2/down.csv,True,True,11,11,12,11,10,32,train
action_15,user4,15,4,3-2-3,True,True,IMU/action_15/user4/3-2-3/up.csv,IMU/action_15/user4/3-2-3/down.csv,True,True,22,22,21,23,23,32,train
action_15,user4,15,4,7-2-1,True,True,IMU/action_15/user4/7-2-1/up.csv,IMU/action_15/user4/7-2-1/down.csv,True,True,15,10,13,14,14,32,train
action_15,user4,15,4,7-2-2,True,True,IMU/action_15/user4/7-2-2/up.csv,IMU/action_15/user4/7-2-2/down.csv,True,True,18,16,16,15,17,32,train
action_15,user6,15,6,3-1-2,True,True,IMU/action_15/user6/3-1-2/up.csv,IMU/action_15/user6/3-1-2/down.csv,True,True,22,23,22,22,24,32,train
action_15,user6,15,6,3-1-3,True,True,IMU/action_15/user6/3-1-3/up.csv,IMU/action_15/user6/3-1-3/down.csv,True,True,11,11,11,11,10,32,train
action_15,user6,15,6,4-1-1,True,True,IMU/action_15/user6/4-1-1/up.csv,IMU/action_15/user6/4-1-1/down.csv,True,True,11,12,12,11,11,32,train
action_15,user6,15,6,4-1-2,True,True,IMU/action_15/user6/4-1-2/up.csv,IMU/action_15/user6/4-1-2/down.csv,True,True,13,13,13,13,13,32,train
action_15,user6,15,6,4-1-3,True,True,IMU/action_15/user6/4-1-3/up.csv,IMU/action_15/user6/4-1-3/down.csv,True,True,7,7,7,6,7,32,train
action_15,user7,15,7,4-1-1,True,True,IMU/action_15/user7/4-1-1/up.csv,IMU/action_15/user7/4-1-1/down.csv,True,True,3,4,3,4,4,32,train
action_15,user7,15,7,4-1-2,True,True,IMU/action_15/user7/4-1-2/up.csv,IMU/action_15/user7/4-1-2/down.csv,True,True,7,7,7,7,7,32,train
action_15,user7,15,7,4-1-3,True,True,IMU/action_15/user7/4-1-3/up.csv,IMU/action_15/user7/4-1-3/down.csv,True,True,2,2,2,2,3,32,train
action_15,user8,15,8,5-1-1,True,True,IMU/action_15/user8/5-1-1/up.csv,IMU/action_15/user8/5-1-1/down.csv,True,True,4,4,5,4,4,32,train
action_15,user8,15,8,5-1-2,True,True,IMU/action_15/user8/5-1-2/up.csv,IMU/action_15/user8/5-1-2/down.csv,True,True,3,3,3,3,4,32,train
action_15,user8,15,8,5-1-3,True,True,IMU/action_15/user8/5-1-3/up.csv,IMU/action_15/user8/5-1-3/down.csv,True,True,20,22,21,21,22,32,train
action_15,user9,15,9,5-1-1,True,True,IMU/action_15/user9/5-1-1/up.csv,IMU/action_15/user9/5-1-1/down.csv,True,True,5,4,4,3,6,32,train
action_15,user9,15,9,5-1-2,True,True,IMU/action_15/user9/5-1-2/up.csv,IMU/action_15/user9/5-1-2/down.csv,True,True,7,7,7,6,6,32,train
action_15,user9,15,9,5-1-3,True,True,IMU/action_15/user9/5-1-3/up.csv,IMU/action_15/user9/5-1-3/down.csv,True,True,5,7,5,6,6,32,train
action_16,user1,16,1,3-2-1,True,True,IMU/action_16/user1/3-2-1/up.csv,IMU/action_16/user1/3-2-1/down.csv,True,True,11,11,11,12,14,34,train
action_16,user1,16,1,3-2-3,True,True,IMU/action_16/user1/3-2-3/up.csv,IMU/action_16/user1/3-2-3/down.csv,True,True,9,9,8,8,9,34,train
action_16,user1,16,1,6-2-2,True,True,IMU/action_16/user1/6-2-2/up.csv,IMU/action_16/user1/6-2-2/down.csv,True,True,13,13,12,14,14,34,train
action_16,user1,16,1,6-2-3,True,True,IMU/action_16/user1/6-2-3/up.csv,IMU/action_16/user1/6-2-3/down.csv,True,True,6,7,7,6,7,34,train
action_16,user16,16,16,4-1-2,True,True,IMU/action_16/user16/4-1-2/up.csv,IMU/action_16/user16/4-1-2/down.csv,True,True,13,13,13,14,13,34,train
action_16,user16,16,16,7-1-1,True,True,IMU/action_16/user16/7-1-1/up.csv,IMU/action_16/user16/7-1-1/down.csv,True,True,6,6,6,6,8,34,train
action_16,user16,16,16,7-1-2,True,True,IMU/action_16/user16/7-1-2/up.csv,IMU/action_16/user16/7-1-2/down.csv,True,True,25,23,24,24,25,34,train
action_16,user16,16,16,7-3-2,True,True,IMU/action_16/user16/7-3-2/up.csv,IMU/action_16/user16/7-3-2/down.csv,True,True,10,10,10,9,9,34,train
action_16,user16,16,16,7-3-3,True,True,IMU/action_16/user16/7-3-3/up.csv,IMU/action_16/user16/7-3-3/down.csv,True,True,9,9,10,8,10,34,train
action_16,user17,16,17,1-2-1,True,True,IMU/action_16/user17/1-2-1/up.csv,IMU/action_16/user17/1-2-1/down.csv,True,True,10,12,11,11,11,34,train
action_16,user17,16,17,1-2-2,True,True,IMU/action_16/user17/1-2-2/up.csv,IMU/action_16/user17/1-2-2/down.csv,True,True,9,8,9,9,8,34,train
action_16,user17,16,17,1-2-3,True,True,IMU/action_16/user17/1-2-3/up.csv,IMU/action_16/user17/1-2-3/down.csv,True,True,8,7,8,8,9,34,train
action_16,user17,16,17,2-2-1,True,True,IMU/action_16/user17/2-2-1/up.csv,IMU/action_16/user17/2-2-1/down.csv,True,True,10,10,11,10,10,34,train
action_16,user17,16,17,2-2-2,True,True,IMU/action_16/user17/2-2-2/up.csv,IMU/action_16/user17/2-2-2/down.csv,True,True,9,9,8,8,9,34,train
action_16,user17,16,17,2-2-3,True,True,IMU/action_16/user17/2-2-3/up.csv,IMU/action_16/user17/2-2-3/down.csv,True,True,8,6,9,8,6,34,train
action_16,user17,16,17,4-1-2,True,True,IMU/action_16/user17/4-1-2/up.csv,IMU/action_16/user17/4-1-2/down.csv,True,True,7,5,6,6,6,34,train
action_16,user17,16,17,7-1-1,True,True,IMU/action_16/user17/7-1-1/up.csv,IMU/action_16/user17/7-1-1/down.csv,True,True,7,6,7,8,7,34,train
action_16,user17,16,17,7-1-3,True,True,IMU/action_16/user17/7-1-3/up.csv,IMU/action_16/user17/7-1-3/down.csv,True,True,6,6,6,6,6,34,train
action_16,user18,16,18,2-1-2,True,True,IMU/action_16/user18/2-1-2/up.csv,IMU/action_16/user18/2-1-2/down.csv,True,True,285,285,284,285,284,34,train
action_16,user18,16,18,4-1-1,True,True,IMU/action_16/user18/4-1-1/up.csv,IMU/action_16/user18/4-1-1/down.csv,True,True,1,2,1,2,1,34,train
action_16,user18,16,18,5-1-2,True,True,IMU/action_16/user18/5-1-2/up.csv,IMU/action_16/user18/5-1-2/down.csv,True,True,78,77,79,77,80,34,train
action_16,user18,16,18,5-1-3,True,True,IMU/action_16/user18/5-1-3/up.csv,IMU/action_16/user18/5-1-3/down.csv,True,True,38,38,37,38,38,34,train
action_16,user19,16,19,1-2-1,True,True,IMU/action_16/user19/1-2-1/up.csv,IMU/action_16/user19/1-2-1/down.csv,True,True,10,11,11,11,11,34,train
action_16,user19,16,19,1-2-2,True,True,IMU/action_16/user19/1-2-2/up.csv,IMU/action_16/user19/1-2-2/down.csv,True,True,11,13,12,13,13,34,train
action_16,user19,16,19,1-2-3,True,True,IMU/action_16/user19/1-2-3/up.csv,IMU/action_16/user19/1-2-3/down.csv,True,True,13,8,5,11,13,34,train
action_16,user19,16,19,5-3-1,True,True,IMU/action_16/user19/5-3-1/up.csv,IMU/action_16/user19/5-3-1/down.csv,True,True,11,10,11,10,8,34,train
action_16,user19,16,19,5-3-3,True,True,IMU/action_16/user19/5-3-3/up.csv,IMU/action_16/user19/5-3-3/down.csv,True,True,9,8,9,8,10,34,train
action_16,user19,16,19,6-1-2,True,True,IMU/action_16/user19/6-1-2/up.csv,IMU/action_16/user19/6-1-2/down.csv,True,True,6,6,6,6,5,34,train
action_16,user2,16,2,6-1-1,True,True,IMU/action_16/user2/6-1-1/up.csv,IMU/action_16/user2/6-1-1/down.csv,True,True,14,14,16,14,15,34,train
action_16,user2,16,2,7-1-1,True,True,IMU/action_16/user2/7-1-1/up.csv,IMU/action_16/user2/7-1-1/down.csv,True,True,23,22,23,23,23,34,train
action_16,user2,16,2,7-3-1,True,True,IMU/action_16/user2/7-3-1/up.csv,IMU/action_16/user2/7-3-1/down.csv,True,True,13,13,13,12,13,34,train
action_16,user22,16,22,1-2-1,True,True,IMU/action_16/user22/1-2-1/up.csv,IMU/action_16/user22/1-2-1/down.csv,True,True,2,4,3,2,2,34,train
action_16,user22,16,22,1-2-3,True,True,IMU/action_16/user22/1-2-3/up.csv,IMU/action_16/user22/1-2-3/down.csv,True,True,6,8,8,6,8,34,train
action_16,user22,16,22,4-3-1,True,True,IMU/action_16/user22/4-3-1/up.csv,IMU/action_16/user22/4-3-1/down.csv,True,True,4,3,4,3,3,34,train
action_16,user22,16,22,4-3-3,True,True,IMU/action_16/user22/4-3-3/up.csv,IMU/action_16/user22/4-3-3/down.csv,True,True,8,9,8,8,5,34,train
action_16,user22,16,22,5-2-2,True,True,IMU/action_16/user22/5-2-2/up.csv,IMU/action_16/user22/5-2-2/down.csv,True,True,7,6,5,8,7,34,train
action_16,user22,16,22,5-2-3,True,True,IMU/action_16/user22/5-2-3/up.csv,IMU/action_16/user22/5-2-3/down.csv,True,True,6,7,6,6,4,34,train
action_16,user22,16,22,6-2-2,True,True,IMU/action_16/user22/6-2-2/up.csv,IMU/action_16/user22/6-2-2/down.csv,True,True,8,9,7,9,8,34,train
action_16,user22,16,22,6-2-3,True,True,IMU/action_16/user22/6-2-3/up.csv,IMU/action_16/user22/6-2-3/down.csv,True,True,11,11,11,11,11,34,train
action_16,user22,16,22,7-1-2,True,True,IMU/action_16/user22/7-1-2/up.csv,IMU/action_16/user22/7-1-2/down.csv,True,True,11,10,10,10,10,34,train
action_16,user22,16,22,7-1-3,True,True,IMU/action_16/user22/7-1-3/up.csv,IMU/action_16/user22/7-1-3/down.csv,True,True,10,9,10,9,10,34,train
action_16,user23,16,23,3-2-2,True,True,IMU/action_16/user23/3-2-2/up.csv,IMU/action_16/user23/3-2-2/down.csv,True,True,12,11,12,12,11,34,train
action_16,user23,16,23,3-2-3,True,True,IMU/action_16/user23/3-2-3/up.csv,IMU/action_16/user23/3-2-3/down.csv,True,True,11,11,11,12,11,34,train
action_16,user24,16,24,4-1-3,True,True,IMU/action_16/user24/4-1-3/up.csv,IMU/action_16/user24/4-1-3/down.csv,True,True,8,8,8,9,7,34,train
action_16,user24,16,24,5-1-2,True,True,IMU/action_16/user24/5-1-2/up.csv,IMU/action_16/user24/5-1-2/down.csv,True,True,9,9,9,8,10,34,train
action_16,user24,16,24,5-1-3,True,True,IMU/action_16/user24/5-1-3/up.csv,IMU/action_16/user24/5-1-3/down.csv,True,True,8,9,7,7,8,34,train
action_16,user24,16,24,5-3-2,True,True,IMU/action_16/user24/5-3-2/up.csv,IMU/action_16/user24/5-3-2/down.csv,True,True,10,9,10,9,9,34,train
action_16,user3,16,3,3-2-3,True,True,IMU/action_16/user3/3-2-3/up.csv,IMU/action_16/user3/3-2-3/down.csv,True,True,6,3,5,6,5,34,train
action_16,user3,16,3,5-2-2,True,True,IMU/action_16/user3/5-2-2/up.csv,IMU/action_16/user3/5-2-2/down.csv,True,True,3,4,4,4,4,34,train
action_16,user4,16,4,7-2-1,True,True,IMU/action_16/user4/7-2-1/up.csv,IMU/action_16/user4/7-2-1/down.csv,True,True,12,14,14,12,13,34,train
action_16,user5,16,5,7-1-1,True,True,IMU/action_16/user5/7-1-1/up.csv,IMU/action_16/user5/7-1-1/down.csv,True,True,13,13,12,11,12,34,train
action_16,user6,16,6,4-1-1,True,True,IMU/action_16/user6/4-1-1/up.csv,IMU/action_16/user6/4-1-1/down.csv,True,True,10,11,10,9,10,34,train
action_16,user6,16,6,4-1-2,True,True,IMU/action_16/user6/4-1-2/up.csv,IMU/action_16/user6/4-1-2/down.csv,True,True,9,8,10,9,9,34,train
action_16,user6,16,6,5-1-3,True,True,IMU/action_16/user6/5-1-3/up.csv,IMU/action_16/user6/5-1-3/down.csv,True,True,35,36,33,49,49,34,train
action_16,user6,16,6,5-3-1,True,True,IMU/action_16/user6/5-3-1/up.csv,IMU/action_16/user6/5-3-1/down.csv,True,True,19,20,20,19,19,34,train
action_16,user6,16,6,5-3-2,True,True,IMU/action_16/user6/5-3-2/up.csv,IMU/action_16/user6/5-3-2/down.csv,True,True,8,9,10,7,8,34,train
action_16,user6,16,6,7-1-2,True,True,IMU/action_16/user6/7-1-2/up.csv,IMU/action_16/user6/7-1-2/down.csv,True,True,13,15,14,18,18,34,train
action_16,user6,16,6,7-3-3,True,True,IMU/action_16/user6/7-3-3/up.csv,IMU/action_16/user6/7-3-3/down.csv,True,True,9,10,11,10,10,34,train
action_16,user7,16,7,1-2-1,True,True,IMU/action_16/user7/1-2-1/up.csv,IMU/action_16/user7/1-2-1/down.csv,True,True,8,12,9,10,9,34,train
action_16,user7,16,7,1-2-3,True,True,IMU/action_16/user7/1-2-3/up.csv,IMU/action_16/user7/1-2-3/down.csv,True,True,10,10,10,10,8,34,train
action_16,user7,16,7,2-2-2,True,True,IMU/action_16/user7/2-2-2/up.csv,IMU/action_16/user7/2-2-2/down.csv,True,True,13,14,14,13,12,34,train
action_16,user7,16,7,2-2-3,True,True,IMU/action_16/user7/2-2-3/up.csv,IMU/action_16/user7/2-2-3/down.csv,True,True,15,15,14,15,15,34,train
action_16,user7,16,7,4-1-1,True,True,IMU/action_16/user7/4-1-1/up.csv,IMU/action_16/user7/4-1-1/down.csv,True,True,9,9,8,11,9,34,train
action_16,user7,16,7,4-1-3,True,True,IMU/action_16/user7/4-1-3/up.csv,IMU/action_16/user7/4-1-3/down.csv,True,True,15,14,14,13,13,34,train
action_16,user7,16,7,5-3-1,True,True,IMU/action_16/user7/5-3-1/up.csv,IMU/action_16/user7/5-3-1/down.csv,True,True,31,31,31,30,33,34,train
action_16,user7,16,7,5-3-2,True,True,IMU/action_16/user7/5-3-2/up.csv,IMU/action_16/user7/5-3-2/down.csv,True,True,16,17,16,16,16,34,train
action_16,user7,16,7,5-3-3,True,True,IMU/action_16/user7/5-3-3/up.csv,IMU/action_16/user7/5-3-3/down.csv,True,True,5,4,5,5,6,34,train
action_16,user7,16,7,6-3-3,True,True,IMU/action_16/user7/6-3-3/up.csv,IMU/action_16/user7/6-3-3/down.csv,True,True,7,7,7,7,6,34,train
action_16,user7,16,7,7-1-1,True,True,IMU/action_16/user7/7-1-1/up.csv,IMU/action_16/user7/7-1-1/down.csv,True,True,12,13,14,12,14,34,train
action_16,user7,16,7,7-1-2,True,True,IMU/action_16/user7/7-1-2/up.csv,IMU/action_16/user7/7-1-2/down.csv,True,True,17,17,17,16,17,34,train
action_16,user8,16,8,4-1-2,True,True,IMU/action_16/user8/4-1-2/up.csv,IMU/action_16/user8/4-1-2/down.csv,True,True,5,5,6,6,5,34,train
action_16,user8,16,8,4-1-3,True,True,IMU/action_16/user8/4-1-3/up.csv,IMU/action_16/user8/4-1-3/down.csv,True,True,8,9,8,8,9,34,train
action_16,user9,16,9,5-3-3,True,True,IMU/action_16/user9/5-3-3/up.csv,IMU/action_16/user9/5-3-3/down.csv,True,True,6,11,8,8,8,34,train
action_16,user9,16,9,6-1-1,True,True,IMU/action_16/user9/6-1-1/up.csv,IMU/action_16/user9/6-1-1/down.csv,True,True,8,9,8,9,9,34,train
action_16,user9,16,9,6-1-3,True,True,IMU/action_16/user9/6-1-3/up.csv,IMU/action_16/user9/6-1-3/down.csv,True,True,9,9,9,7,9,34,train
action_17,user1,17,1,7-1-1,True,True,IMU/action_17/user1/7-1-1/up.csv,IMU/action_17/user1/7-1-1/down.csv,True,True,61,61,61,60,60,37,train
action_17,user1,17,1,7-1-2,True,True,IMU/action_17/user1/7-1-2/up.csv,IMU/action_17/user1/7-1-2/down.csv,True,True,73,73,73,74,74,37,train
action_17,user1,17,1,7-1-3,True,True,IMU/action_17/user1/7-1-3/up.csv,IMU/action_17/user1/7-1-3/down.csv,True,True,48,47,49,48,48,37,train
action_17,user16,17,16,6-2-1,True,True,IMU/action_17/user16/6-2-1/up.csv,IMU/action_17/user16/6-2-1/down.csv,True,True,25,26,25,25,26,37,train
action_17,user16,17,16,6-2-2,True,True,IMU/action_17/user16/6-2-2/up.csv,IMU/action_17/user16/6-2-2/down.csv,True,True,24,23,23,23,22,37,train
action_17,user16,17,16,6-2-3,True,True,IMU/action_17/user16/6-2-3/up.csv,IMU/action_17/user16/6-2-3/down.csv,True,True,30,30,29,29,29,37,train
action_17,user17,17,17,4-1-1,True,True,IMU/action_17/user17/4-1-1/up.csv,IMU/action_17/user17/4-1-1/down.csv,True,True,25,25,24,25,26,37,train
action_17,user17,17,17,4-1-2,True,True,IMU/action_17/user17/4-1-2/up.csv,IMU/action_17/user17/4-1-2/down.csv,True,True,23,22,23,22,24,37,train
action_17,user17,17,17,4-1-3,True,True,IMU/action_17/user17/4-1-3/up.csv,IMU/action_17/user17/4-1-3/down.csv,True,True,12,13,13,12,13,37,train
action_17,user18,17,18,7-1-1,True,True,IMU/action_17/user18/7-1-1/up.csv,IMU/action_17/user18/7-1-1/down.csv,True,True,6,5,5,5,6,37,train
action_17,user18,17,18,7-1-2,True,True,IMU/action_17/user18/7-1-2/up.csv,IMU/action_17/user18/7-1-2/down.csv,True,True,2,2,1,3,2,37,train
action_17,user18,17,18,7-1-3,True,True,IMU/action_17/user18/7-1-3/up.csv,IMU/action_17/user18/7-1-3/down.csv,True,True,5,5,3,5,6,37,train
action_17,user18,17,18,7-2-1,True,True,IMU/action_17/user18/7-2-1/up.csv,IMU/action_17/user18/7-2-1/down.csv,True,True,8,8,8,7,9,37,train
action_17,user18,17,18,7-2-2,True,True,IMU/action_17/user18/7-2-2/up.csv,IMU/action_17/user18/7-2-2/down.csv,True,True,3,3,3,2,3,37,train
action_17,user18,17,18,7-2-3,True,True,IMU/action_17/user18/7-2-3/up.csv,IMU/action_17/user18/7-2-3/down.csv,True,True,2,4,3,4,4,37,train
action_17,user19,17,19,6-2-1,True,True,IMU/action_17/user19/6-2-1/up.csv,IMU/action_17/user19/6-2-1/down.csv,True,True,19,18,18,17,18,37,train
action_17,user19,17,19,6-2-2,True,True,IMU/action_17/user19/6-2-2/up.csv,IMU/action_17/user19/6-2-2/down.csv,True,True,15,15,15,15,15,37,train
action_17,user19,17,19,6-2-3,True,True,IMU/action_17/user19/6-2-3/up.csv,IMU/action_17/user19/6-2-3/down.csv,True,True,16,15,16,16,17,37,train
action_17,user19,17,19,7-1-1,True,True,IMU/action_17/user19/7-1-1/up.csv,IMU/action_17/user19/7-1-1/down.csv,True,True,32,31,32,33,30,37,train
action_17,user19,17,19,7-1-2,True,True,IMU/action_17/user19/7-1-2/up.csv,IMU/action_17/user19/7-1-2/down.csv,True,True,17,18,16,18,18,37,train
action_17,user19,17,19,7-1-3,True,True,IMU/action_17/user19/7-1-3/up.csv,IMU/action_17/user19/7-1-3/down.csv,True,True,19,19,21,21,19,37,train
action_17,user2,17,2,7-1-1,True,True,IMU/action_17/user2/7-1-1/up.csv,IMU/action_17/user2/7-1-1/down.csv,True,True,43,43,43,44,43,37,train
action_17,user2,17,2,7-1-3,True,True,IMU/action_17/user2/7-1-3/up.csv,IMU/action_17/user2/7-1-3/down.csv,True,True,28,28,28,27,27,37,train
action_17,user20,17,20,7-1-1,True,True,IMU/action_17/user20/7-1-1/up.csv,IMU/action_17/user20/7-1-1/down.csv,True,True,57,58,57,57,58,37,train
action_17,user20,17,20,7-1-2,True,True,IMU/action_17/user20/7-1-2/up.csv,IMU/action_17/user20/7-1-2/down.csv,True,True,56,55,56,57,54,37,train
action_17,user20,17,20,7-1-3,True,True,IMU/action_17/user20/7-1-3/up.csv,IMU/action_17/user20/7-1-3/down.csv,True,True,34,35,34,36,36,37,train
action_17,user21,17,21,7-1-1,True,True,IMU/action_17/user21/7-1-1/up.csv,IMU/action_17/user21/7-1-1/down.csv,True,True,11,11,13,11,11,37,test
action_17,user21,17,21,7-1-2,True,True,IMU/action_17/user21/7-1-2/up.csv,IMU/action_17/user21/7-1-2/down.csv,True,True,10,12,12,13,13,37,test
action_17,user21,17,21,7-1-3,True,True,IMU/action_17/user21/7-1-3/up.csv,IMU/action_17/user21/7-1-3/down.csv,True,True,10,10,11,11,10,37,test
action_17,user22,17,22,7-1-1,True,True,IMU/action_17/user22/7-1-1/up.csv,IMU/action_17/user22/7-1-1/down.csv,True,True,15,17,15,17,16,37,train
action_17,user22,17,22,7-1-2,True,True,IMU/action_17/user22/7-1-2/up.csv,IMU/action_17/user22/7-1-2/down.csv,True,True,14,13,13,13,13,37,train
action_17,user22,17,22,7-1-3,True,True,IMU/action_17/user22/7-1-3/up.csv,IMU/action_17/user22/7-1-3/down.csv,True,True,5,5,4,5,4,37,train
action_17,user23,17,23,7-1-1,True,True,IMU/action_17/user23/7-1-1/up.csv,IMU/action_17/user23/7-1-1/down.csv,True,True,41,40,42,39,42,37,train
action_17,user23,17,23,7-1-3,True,True,IMU/action_17/user23/7-1-3/up.csv,IMU/action_17/user23/7-1-3/down.csv,True,True,19,19,19,18,19,37,train
action_17,user23,17,23,7-2-1,True,True,IMU/action_17/user23/7-2-1/up.csv,IMU/action_17/user23/7-2-1/down.csv,True,True,29,28,29,28,29,37,train
action_17,user23,17,23,7-2-2,True,True,IMU/action_17/user23/7-2-2/up.csv,IMU/action_17/user23/7-2-2/down.csv,True,True,24,23,23,28,24,37,train
action_17,user23,17,23,7-2-3,True,True,IMU/action_17/user23/7-2-3/up.csv,IMU/action_17/user23/7-2-3/down.csv,True,True,9,8,9,6,8,37,train
action_17,user24,17,24,5-2-1,True,True,IMU/action_17/user24/5-2-1/up.csv,IMU/action_17/user24/5-2-1/down.csv,True,True,49,49,49,49,50,37,train
action_17,user24,17,24,5-2-2,True,True,IMU/action_17/user24/5-2-2/up.csv,IMU/action_17/user24/5-2-2/down.csv,True,True,34,33,33,33,32,37,train
action_17,user24,17,24,5-2-3,True,True,IMU/action_17/user24/5-2-3/up.csv,IMU/action_17/user24/5-2-3/down.csv,True,True,18,19,17,18,17,37,train
action_17,user24,17,24,7-1-1,True,True,IMU/action_17/user24/7-1-1/up.csv,IMU/action_17/user24/7-1-1/down.csv,True,True,25,25,27,24,25,37,train
action_17,user24,17,24,7-1-2,True,True,IMU/action_17/user24/7-1-2/up.csv,IMU/action_17/user24/7-1-2/down.csv,True,True,12,14,13,13,12,37,train
action_17,user24,17,24,7-1-3,True,True,IMU/action_17/user24/7-1-3/up.csv,IMU/action_17/user24/7-1-3/down.csv,True,True,18,17,16,18,16,37,train
action_17,user3,17,3,2-2-1,True,True,IMU/action_17/user3/2-2-1/up.csv,IMU/action_17/user3/2-2-1/down.csv,True,True,54,53,52,53,53,37,train
action_17,user3,17,3,2-2-2,True,True,IMU/action_17/user3/2-2-2/up.csv,IMU/action_17/user3/2-2-2/down.csv,True,True,13,14,12,11,12,37,train
action_17,user3,17,3,2-2-3,True,True,IMU/action_17/user3/2-2-3/up.csv,IMU/action_17/user3/2-2-3/down.csv,True,True,12,11,12,11,12,37,train
action_17,user3,17,3,7-1-1,True,True,IMU/action_17/user3/7-1-1/up.csv,IMU/action_17/user3/7-1-1/down.csv,True,True,9,9,9,9,8,37,train
action_17,user3,17,3,7-1-2,True,True,IMU/action_17/user3/7-1-2/up.csv,IMU/action_17/user3/7-1-2/down.csv,True,True,11,11,11,12,12,37,train
action_17,user3,17,3,7-1-3,True,True,IMU/action_17/user3/7-1-3/up.csv,IMU/action_17/user3/7-1-3/down.csv,True,True,8,7,8,7,7,37,train
action_17,user4,17,4,7-1-1,True,True,IMU/action_17/user4/7-1-1/up.csv,IMU/action_17/user4/7-1-1/down.csv,True,True,71,72,72,71,72,37,train
action_17,user4,17,4,7-1-2,True,True,IMU/action_17/user4/7-1-2/up.csv,IMU/action_17/user4/7-1-2/down.csv,True,True,126,125,124,126,125,37,train
action_17,user4,17,4,7-1-3,True,True,IMU/action_17/user4/7-1-3/up.csv,IMU/action_17/user4/7-1-3/down.csv,True,True,76,77,75,76,76,37,train
action_17,user6,17,6,6-2-1,True,True,IMU/action_17/user6/6-2-1/up.csv,IMU/action_17/user6/6-2-1/down.csv,True,True,31,32,32,31,32,37,train
action_17,user6,17,6,6-2-2,True,True,IMU/action_17/user6/6-2-2/up.csv,IMU/action_17/user6/6-2-2/down.csv,True,True,10,10,9,10,9,37,train
action_17,user6,17,6,6-2-3,True,True,IMU/action_17/user6/6-2-3/up.csv,IMU/action_17/user6/6-2-3/down.csv,True,True,30,30,30,30,31,37,train
action_17,user7,17,7,4-1-1,True,True,IMU/action_17/user7/4-1-1/up.csv,IMU/action_17/user7/4-1-1/down.csv,True,True,30,31,31,31,31,37,train
action_17,user7,17,7,4-1-2,True,True,IMU/action_17/user7/4-1-2/up.csv,IMU/action_17/user7/4-1-2/down.csv,True,True,17,15,16,16,15,37,train
action_17,user7,17,7,4-1-3,True,True,IMU/action_17/user7/4-1-3/up.csv,IMU/action_17/user7/4-1-3/down.csv,True,True,10,10,11,11,10,37,train
action_17,user8,17,8,7-1-1,True,True,IMU/action_17/user8/7-1-1/up.csv,IMU/action_17/user8/7-1-1/down.csv,True,True,46,47,47,46,47,37,train
action_17,user8,17,8,7-1-2,True,True,IMU/action_17/user8/7-1-2/up.csv,IMU/action_17/user8/7-1-2/down.csv,True,True,27,27,27,27,27,37,train
action_17,user8,17,8,7-1-3,True,True,IMU/action_17/user8/7-1-3/up.csv,IMU/action_17/user8/7-1-3/down.csv,True,True,28,29,30,29,29,37,train
action_17,user8,17,8,7-2-1,True,True,IMU/action_17/user8/7-2-1/up.csv,IMU/action_17/user8/7-2-1/down.csv,True,True,30,31,31,29,28,37,train
action_17,user8,17,8,7-2-2,True,True,IMU/action_17/user8/7-2-2/up.csv,IMU/action_17/user8/7-2-2/down.csv,True,True,2,2,1,5,2,37,train
action_17,user8,17,8,7-2-3,True,True,IMU/action_17/user8/7-2-3/up.csv,IMU/action_17/user8/7-2-3/down.csv,True,True,19,19,18,19,19,37,train
action_17,user9,17,9,6-2-1,True,True,IMU/action_17/user9/6-2-1/up.csv,IMU/action_17/user9/6-2-1/down.csv,True,True,43,43,43,43,43,37,train
action_17,user9,17,9,6-2-2,True,True,IMU/action_17/user9/6-2-2/up.csv,IMU/action_17/user9/6-2-2/down.csv,True,True,27,27,28,29,28,37,train
action_17,user9,17,9,6-2-3,True,True,IMU/action_17/user9/6-2-3/up.csv,IMU/action_17/user9/6-2-3/down.csv,True,True,32,34,33,33,33,37,train
action_17,user9,17,9,7-1-1,True,True,IMU/action_17/user9/7-1-1/up.csv,IMU/action_17/user9/7-1-1/down.csv,True,True,18,18,17,19,17,37,train
action_17,user9,17,9,7-1-2,True,True,IMU/action_17/user9/7-1-2/up.csv,IMU/action_17/user9/7-1-2/down.csv,True,True,18,17,18,18,17,37,train
action_17,user9,17,9,7-1-3,True,True,IMU/action_17/user9/7-1-3/up.csv,IMU/action_17/user9/7-1-3/down.csv,True,True,33,35,36,34,36,37,train
action_18,user1,18,1,7-1-1,True,True,IMU/action_18/user1/7-1-1/up.csv,IMU/action_18/user1/7-1-1/down.csv,True,True,65,67,67,66,65,38,train
action_18,user1,18,1,7-1-2,True,True,IMU/action_18/user1/7-1-2/up.csv,IMU/action_18/user1/7-1-2/down.csv,True,True,55,56,56,55,55,38,train
action_18,user1,18,1,7-1-3,True,True,IMU/action_18/user1/7-1-3/up.csv,IMU/action_18/user1/7-1-3/down.csv,True,True,49,48,49,49,48,38,train
action_18,user16,18,16,7-1-1,True,True,IMU/action_18/user16/7-1-1/up.csv,IMU/action_18/user16/7-1-1/down.csv,True,True,60,59,60,60,60,38,train
action_18,user16,18,16,7-1-2,True,True,IMU/action_18/user16/7-1-2/up.csv,IMU/action_18/user16/7-1-2/down.csv,True,True,39,37,39,37,39,38,train
action_18,user16,18,16,7-1-3,True,True,IMU/action_18/user16/7-1-3/up.csv,IMU/action_18/user16/7-1-3/down.csv,True,True,23,24,23,23,24,38,train
action_18,user18,18,18,7-1-1,True,True,IMU/action_18/user18/7-1-1/up.csv,IMU/action_18/user18/7-1-1/down.csv,True,True,34,33,33,33,33,38,train
action_18,user18,18,18,7-1-2,True,True,IMU/action_18/user18/7-1-2/up.csv,IMU/action_18/user18/7-1-2/down.csv,True,True,24,25,24,26,25,38,train
action_18,user18,18,18,7-1-3,True,True,IMU/action_18/user18/7-1-3/up.csv,IMU/action_18/user18/7-1-3/down.csv,True,True,24,24,23,23,23,38,train
action_18,user19,18,19,5-3-1,True,True,IMU/action_18/user19/5-3-1/up.csv,IMU/action_18/user19/5-3-1/down.csv,True,True,22,23,24,24,24,38,train
action_18,user19,18,19,5-3-2,True,True,IMU/action_18/user19/5-3-2/up.csv,IMU/action_18/user19/5-3-2/down.csv,True,True,28,27,27,26,27,38,train
action_18,user19,18,19,5-3-3,True,True,IMU/action_18/user19/5-3-3/up.csv,IMU/action_18/user19/5-3-3/down.csv,True,True,16,16,16,15,15,38,train
action_18,user19,18,19,7-1-1,True,True,IMU/action_18/user19/7-1-1/up.csv,IMU/action_18/user19/7-1-1/down.csv,True,True,53,54,54,53,53,38,train
action_18,user19,18,19,7-1-2,True,True,IMU/action_18/user19/7-1-2/up.csv,IMU/action_18/user19/7-1-2/down.csv,True,True,68,69,68,69,69,38,train
action_18,user2,18,2,2-2-1,True,True,IMU/action_18/user2/2-2-1/up.csv,IMU/action_18/user2/2-2-1/down.csv,True,True,50,49,50,50,50,38,train
action_18,user2,18,2,2-2-2,True,True,IMU/action_18/user2/2-2-2/up.csv,IMU/action_18/user2/2-2-2/down.csv,True,True,36,36,36,37,36,38,train
action_18,user2,18,2,2-2-3,True,True,IMU/action_18/user2/2-2-3/up.csv,IMU/action_18/user2/2-2-3/down.csv,True,True,66,67,66,67,68,38,train
action_18,user2,18,2,7-3-1,True,True,IMU/action_18/user2/7-3-1/up.csv,IMU/action_18/user2/7-3-1/down.csv,True,True,72,70,72,73,72,38,train
action_18,user2,18,2,7-3-2,True,True,IMU/action_18/user2/7-3-2/up.csv,IMU/action_18/user2/7-3-2/down.csv,True,True,29,28,29,28,29,38,train
action_18,user2,18,2,7-3-3,True,True,IMU/action_18/user2/7-3-3/up.csv,IMU/action_18/user2/7-3-3/down.csv,True,True,29,29,29,29,28,38,train
action_18,user20,18,20,6-2-1,True,True,IMU/action_18/user20/6-2-1/up.csv,IMU/action_18/user20/6-2-1/down.csv,True,True,39,39,38,39,39,38,train
action_18,user20,18,20,6-2-2,True,True,IMU/action_18/user20/6-2-2/up.csv,IMU/action_18/user20/6-2-2/down.csv,True,True,23,22,22,22,23,38,train
action_18,user20,18,20,6-2-3,True,True,IMU/action_18/user20/6-2-3/up.csv,IMU/action_18/user20/6-2-3/down.csv,True,True,31,31,32,31,31,38,train
action_18,user20,18,20,7-1-1,True,True,IMU/action_18/user20/7-1-1/up.csv,IMU/action_18/user20/7-1-1/down.csv,True,True,16,15,16,16,16,38,train
action_18,user20,18,20,7-1-2,True,True,IMU/action_18/user20/7-1-2/up.csv,IMU/action_18/user20/7-1-2/down.csv,True,True,26,28,29,27,27,38,train
action_18,user20,18,20,7-1-3,True,True,IMU/action_18/user20/7-1-3/up.csv,IMU/action_18/user20/7-1-3/down.csv,True,True,18,17,19,16,16,38,train
action_18,user21,18,21,3-2-1,True,True,IMU/action_18/user21/3-2-1/up.csv,IMU/action_18/user21/3-2-1/down.csv,True,True,24,24,23,23,22,38,test
action_18,user21,18,21,3-2-2,True,True,IMU/action_18/user21/3-2-2/up.csv,IMU/action_18/user21/3-2-2/down.csv,True,True,15,16,16,15,14,38,test
action_18,user21,18,21,3-2-3,True,True,IMU/action_18/user21/3-2-3/up.csv,IMU/action_18/user21/3-2-3/down.csv,True,True,9,10,9,7,9,38,test
action_18,user21,18,21,7-1-1,True,True,IMU/action_18/user21/7-1-1/up.csv,IMU/action_18/user21/7-1-1/down.csv,True,True,21,21,22,21,20,38,test
action_18,user21,18,21,7-1-2,True,True,IMU/action_18/user21/7-1-2/up.csv,IMU/action_18/user21/7-1-2/down.csv,True,True,16,16,15,16,15,38,test
action_18,user21,18,21,7-1-3,True,True,IMU/action_18/user21/7-1-3/up.csv,IMU/action_18/user21/7-1-3/down.csv,True,True,21,21,21,21,20,38,test
action_18,user21,18,21,7-2-1,True,True,IMU/action_18/user21/7-2-1/up.csv,IMU/action_18/user21/7-2-1/down.csv,True,True,14,14,15,15,13,38,test
action_18,user21,18,21,7-2-2,True,True,IMU/action_18/user21/7-2-2/up.csv,IMU/action_18/user21/7-2-2/down.csv,True,True,11,13,11,15,16,38,test
action_18,user21,18,21,7-2-3,True,True,IMU/action_18/user21/7-2-3/up.csv,IMU/action_18/user21/7-2-3/down.csv,True,True,19,16,17,17,16,38,test
action_18,user22,18,22,5-1-1,True,True,IMU/action_18/user22/5-1-1/up.csv,IMU/action_18/user22/5-1-1/down.csv,True,True,36,36,37,36,38,38,train
action_18,user22,18,22,5-1-2,True,True,IMU/action_18/user22/5-1-2/up.csv,IMU/action_18/user22/5-1-2/down.csv,True,True,22,23,21,22,22,38,train
action_18,user22,18,22,5-1-3,True,True,IMU/action_18/user22/5-1-3/up.csv,IMU/action_18/user22/5-1-3/down.csv,True,True,13,10,11,12,11,38,train
action_18,user22,18,22,6-2-1,True,True,IMU/action_18/user22/6-2-1/up.csv,IMU/action_18/user22/6-2-1/down.csv,True,True,34,33,35,33,34,38,train
action_18,user22,18,22,6-2-2,True,True,IMU/action_18/user22/6-2-2/up.csv,IMU/action_18/user22/6-2-2/down.csv,True,True,23,24,23,24,23,38,train
action_18,user22,18,22,6-2-3,True,True,IMU/action_18/user22/6-2-3/up.csv,IMU/action_18/user22/6-2-3/down.csv,True,True,28,26,25,26,25,38,train
action_18,user23,18,23,2-2-1,True,True,IMU/action_18/user23/2-2-1/up.csv,IMU/action_18/user23/2-2-1/down.csv,True,True,19,20,19,20,19,38,train
action_18,user23,18,23,2-2-2,True,True,IMU/action_18/user23/2-2-2/up.csv,IMU/action_18/user23/2-2-2/down.csv,True,True,24,25,25,23,25,38,train
action_18,user23,18,23,2-2-3,True,True,IMU/action_18/user23/2-2-3/up.csv,IMU/action_18/user23/2-2-3/down.csv,True,True,19,19,18,20,20,38,train
action_18,user23,18,23,7-1-1,True,True,IMU/action_18/user23/7-1-1/up.csv,IMU/action_18/user23/7-1-1/down.csv,True,True,29,28,29,27,28,38,train
action_18,user23,18,23,7-1-2,True,True,IMU/action_18/user23/7-1-2/up.csv,IMU/action_18/user23/7-1-2/down.csv,True,True,41,41,39,41,40,38,train
action_18,user23,18,23,7-1-3,True,True,IMU/action_18/user23/7-1-3/up.csv,IMU/action_18/user23/7-1-3/down.csv,True,True,39,38,38,39,39,38,train
action_18,user24,18,24,4-3-1,True,True,IMU/action_18/user24/4-3-1/up.csv,IMU/action_18/user24/4-3-1/down.csv,True,True,36,35,36,36,36,38,train
action_18,user24,18,24,4-3-2,True,True,IMU/action_18/user24/4-3-2/up.csv,IMU/action_18/user24/4-3-2/down.csv,True,True,30,30,30,30,31,38,train
action_18,user24,18,24,4-3-3,True,True,IMU/action_18/user24/4-3-3/up.csv,IMU/action_18/user24/4-3-3/down.csv,True,True,42,42,44,44,43,38,train
action_18,user24,18,24,7-1-1,True,True,IMU/action_18/user24/7-1-1/up.csv,IMU/action_18/user24/7-1-1/down.csv,True,True,30,29,31,29,30,38,train
action_18,user24,18,24,7-1-2,True,True,IMU/action_18/user24/7-1-2/up.csv,IMU/action_18/user24/7-1-2/down.csv,True,True,17,18,18,21,18,38,train
action_18,user24,18,24,7-1-3,True,True,IMU/action_18/user24/7-1-3/up.csv,IMU/action_18/user24/7-1-3/down.csv,True,True,20,19,20,20,20,38,train
action_18,user3,18,3,2-2-1,True,True,IMU/action_18/user3/2-2-1/up.csv,IMU/action_18/user3/2-2-1/down.csv,True,True,33,31,32,33,31,38,train
action_18,user3,18,3,2-2-2,True,True,IMU/action_18/user3/2-2-2/up.csv,IMU/action_18/user3/2-2-2/down.csv,True,True,22,21,21,20,22,38,train
action_18,user3,18,3,2-2-3,True,True,IMU/action_18/user3/2-2-3/up.csv,IMU/action_18/user3/2-2-3/down.csv,True,True,23,22,22,23,22,38,train
action_18,user3,18,3,7-1-1,True,True,IMU/action_18/user3/7-1-1/up.csv,IMU/action_18/user3/7-1-1/down.csv,True,True,40,42,40,41,38,38,train
action_18,user3,18,3,7-1-2,True,True,IMU/action_18/user3/7-1-2/up.csv,IMU/action_18/user3/7-1-2/down.csv,True,True,28,29,27,29,28,38,train
action_18,user3,18,3,7-1-3,True,True,IMU/action_18/user3/7-1-3/up.csv,IMU/action_18/user3/7-1-3/down.csv,True,True,23,23,22,22,25,38,train
action_18,user6,18,6,7-1-1,True,True,IMU/action_18/user6/7-1-1/up.csv,IMU/action_18/user6/7-1-1/down.csv,True,True,87,86,87,87,87,38,train
action_18,user6,18,6,7-1-2,True,True,IMU/action_18/user6/7-1-2/up.csv,IMU/action_18/user6/7-1-2/down.csv,True,True,64,62,62,63,62,38,train
action_18,user6,18,6,7-1-3,True,True,IMU/action_18/user6/7-1-3/up.csv,IMU/action_18/user6/7-1-3/down.csv,True,True,63,63,63,63,63,38,train
action_19,user16,19,16,6-2-1,True,True,IMU/action_19/user16/6-2-1/up.csv,IMU/action_19/user16/6-2-1/down.csv,True,True,37,36,38,37,38,39,train
action_19,user16,19,16,6-2-2,True,True,IMU/action_19/user16/6-2-2/up.csv,IMU/action_19/user16/6-2-2/down.csv,True,True,30,30,30,29,30,39,train
action_19,user16,19,16,6-2-3,True,True,IMU/action_19/user16/6-2-3/up.csv,IMU/action_19/user16/6-2-3/down.csv,True,True,43,44,44,43,44,39,train
action_19,user17,19,17,4-1-1,True,True,IMU/action_19/user17/4-1-1/up.csv,IMU/action_19/user17/4-1-1/down.csv,True,True,93,94,94,95,94,39,train
action_19,user17,19,17,4-1-2,True,True,IMU/action_19/user17/4-1-2/up.csv,IMU/action_19/user17/4-1-2/down.csv,True,True,30,30,30,29,29,39,train
action_19,user17,19,17,4-1-3,True,True,IMU/action_19/user17/4-1-3/up.csv,IMU/action_19/user17/4-1-3/down.csv,True,True,24,25,24,25,24,39,train
action_19,user17,19,17,7-1-1,True,True,IMU/action_19/user17/7-1-1/up.csv,IMU/action_19/user17/7-1-1/down.csv,True,True,39,39,38,37,38,39,train
action_19,user17,19,17,7-1-2,True,True,IMU/action_19/user17/7-1-2/up.csv,IMU/action_19/user17/7-1-2/down.csv,True,True,27,28,27,26,27,39,train
action_19,user17,19,17,7-1-3,True,True,IMU/action_19/user17/7-1-3/up.csv,IMU/action_19/user17/7-1-3/down.csv,True,True,21,20,21,23,21,39,train
action_19,user18,19,18,7-1-1,True,True,IMU/action_19/user18/7-1-1/up.csv,IMU/action_19/user18/7-1-1/down.csv,True,True,41,41,42,40,41,39,train
action_19,user18,19,18,7-1-2,True,True,IMU/action_19/user18/7-1-2/up.csv,IMU/action_19/user18/7-1-2/down.csv,True,True,22,22,22,22,22,39,train
action_19,user18,19,18,7-1-3,True,True,IMU/action_19/user18/7-1-3/up.csv,IMU/action_19/user18/7-1-3/down.csv,True,True,16,16,16,15,16,39,train
action_19,user19,19,19,6-2-1,True,True,IMU/action_19/user19/6-2-1/up.csv,IMU/action_19/user19/6-2-1/down.csv,True,True,22,20,20,20,22,39,train
action_19,user19,19,19,6-2-2,True,True,IMU/action_19/user19/6-2-2/up.csv,IMU/action_19/user19/6-2-2/down.csv,True,True,11,11,10,11,11,39,train
action_19,user19,19,19,6-2-3,True,True,IMU/action_19/user19/6-2-3/up.csv,IMU/action_19/user19/6-2-3/down.csv,True,True,25,25,25,26,26,39,train
action_19,user19,19,19,7-1-1,True,True,IMU/action_19/user19/7-1-1/up.csv,IMU/action_19/user19/7-1-1/down.csv,True,True,41,41,41,41,42,39,train
action_19,user19,19,19,7-1-2,True,True,IMU/action_19/user19/7-1-2/up.csv,IMU/action_19/user19/7-1-2/down.csv,True,True,25,25,24,26,26,39,train
action_19,user19,19,19,7-1-3,True,True,IMU/action_19/user19/7-1-3/up.csv,IMU/action_19/user19/7-1-3/down.csv,True,True,20,20,19,20,20,39,train
action_19,user2,19,2,2-2-1,True,True,IMU/action_19/user2/2-2-1/up.csv,IMU/action_19/user2/2-2-1/down.csv,True,True,48,48,47,47,46,39,train
action_19,user2,19,2,2-2-2,True,True,IMU/action_19/user2/2-2-2/up.csv,IMU/action_19/user2/2-2-2/down.csv,True,True,45,42,44,44,43,39,train
action_19,user2,19,2,2-2-3,True,True,IMU/action_19/user2/2-2-3/up.csv,IMU/action_19/user2/2-2-3/down.csv,True,True,16,16,18,17,16,39,train
action_19,user21,19,21,3-2-1,True,True,IMU/action_19/user21/3-2-1/up.csv,IMU/action_19/user21/3-2-1/down.csv,True,True,28,29,28,28,28,39,test
action_19,user21,19,21,3-2-2,True,True,IMU/action_19/user21/3-2-2/up.csv,IMU/action_19/user21/3-2-2/down.csv,True,True,21,21,21,21,20,39,test
action_19,user21,19,21,3-2-3,True,True,IMU/action_19/user21/3-2-3/up.csv,IMU/action_19/user21/3-2-3/down.csv,True,True,10,10,10,11,10,39,test
action_19,user21,19,21,6-1-1,True,True,IMU/action_19/user21/6-1-1/up.csv,IMU/action_19/user21/6-1-1/down.csv,True,True,23,22,24,22,22,39,test
action_19,user21,19,21,6-1-2,True,True,IMU/action_19/user21/6-1-2/up.csv,IMU/action_19/user21/6-1-2/down.csv,True,True,4,3,5,7,5,39,test
action_19,user21,19,21,6-1-3,True,True,IMU/action_19/user21/6-1-3/up.csv,IMU/action_19/user21/6-1-3/down.csv,True,True,2,2,2,2,2,39,test
action_19,user22,19,22,5-1-1,True,True,IMU/action_19/user22/5-1-1/up.csv,IMU/action_19/user22/5-1-1/down.csv,True,True,23,18,23,22,25,39,train
action_19,user22,19,22,5-1-2,True,True,IMU/action_19/user22/5-1-2/up.csv,IMU/action_19/user22/5-1-2/down.csv,True,True,12,9,13,11,9,39,train
action_19,user22,19,22,5-1-3,True,True,IMU/action_19/user22/5-1-3/up.csv,IMU/action_19/user22/5-1-3/down.csv,True,True,6,6,7,7,5,39,train
action_19,user23,19,23,7-2-1,True,True,IMU/action_19/user23/7-2-1/up.csv,IMU/action_19/user23/7-2-1/down.csv,True,True,28,29,29,33,28,39,train
action_19,user23,19,23,7-2-2,True,True,IMU/action_19/user23/7-2-2/up.csv,IMU/action_19/user23/7-2-2/down.csv,True,True,28,27,26,26,28,39,train
action_19,user23,19,23,7-2-3,True,True,IMU/action_19/user23/7-2-3/up.csv,IMU/action_19/user23/7-2-3/down.csv,True,True,27,28,27,26,28,39,train
action_19,user24,19,24,5-2-1,True,True,IMU/action_19/user24/5-2-1/up.csv,IMU/action_19/user24/5-2-1/down.csv,True,True,12,12,12,12,13,39,train
action_19,user24,19,24,5-2-2,True,True,IMU/action_19/user24/5-2-2/up.csv,IMU/action_19/user24/5-2-2/down.csv,True,True,9,6,10,9,12,39,train
action_19,user24,19,24,5-2-3,True,True,IMU/action_19/user24/5-2-3/up.csv,IMU/action_19/user24/5-2-3/down.csv,True,True,7,6,7,7,5,39,train
action_19,user24,19,24,7-1-1,True,True,IMU/action_19/user24/7-1-1/up.csv,IMU/action_19/user24/7-1-1/down.csv,True,True,36,35,36,37,36,39,train
action_19,user24,19,24,7-1-2,True,True,IMU/action_19/user24/7-1-2/up.csv,IMU/action_19/user24/7-1-2/down.csv,True,True,9,9,9,10,7,39,train
action_19,user24,19,24,7-1-3,True,True,IMU/action_19/user24/7-1-3/up.csv,IMU/action_19/user24/7-1-3/down.csv,True,True,12,11,13,13,12,39,train
action_19,user3,19,3,2-2-2,True,True,IMU/action_19/user3/2-2-2/up.csv,IMU/action_19/user3/2-2-2/down.csv,True,True,13,13,13,13,12,39,train
action_19,user3,19,3,2-2-3,True,True,IMU/action_19/user3/2-2-3/up.csv,IMU/action_19/user3/2-2-3/down.csv,True,True,63,63,64,64,62,39,train
action_19,user6,19,6,6-2-1,True,True,IMU/action_19/user6/6-2-1/up.csv,IMU/action_19/user6/6-2-1/down.csv,True,True,28,29,29,29,27,39,train
action_19,user6,19,6,6-2-2,True,True,IMU/action_19/user6/6-2-2/up.csv,IMU/action_19/user6/6-2-2/down.csv,True,True,12,11,12,13,11,39,train
action_19,user6,19,6,6-2-3,True,True,IMU/action_19/user6/6-2-3/up.csv,IMU/action_19/user6/6-2-3/down.csv,True,True,23,23,22,25,23,39,train
action_19,user7,19,7,4-1-1,True,True,IMU/action_19/user7/4-1-1/up.csv,IMU/action_19/user7/4-1-1/down.csv,True,True,13,12,13,12,12,39,train
action_19,user7,19,7,4-1-3,True,True,IMU/action_19/user7/4-1-3/up.csv,IMU/action_19/user7/4-1-3/down.csv,True,True,10,12,10,9,9,39,train
action_19,user7,19,7,7-1-1,True,True,IMU/action_19/user7/7-1-1/up.csv,IMU/action_19/user7/7-1-1/down.csv,True,True,41,39,41,41,39,39,train
action_19,user7,19,7,7-1-2,True,True,IMU/action_19/user7/7-1-2/up.csv,IMU/action_19/user7/7-1-2/down.csv,True,True,23,22,22,24,22,39,train
action_19,user7,19,7,7-1-3,True,True,IMU/action_19/user7/7-1-3/up.csv,IMU/action_19/user7/7-1-3/down.csv,True,True,10,9,10,9,9,39,train
action_19,user9,19,9,6-2-1,True,True,IMU/action_19/user9/6-2-1/up.csv,IMU/action_19/user9/6-2-1/down.csv,True,True,10,9,8,8,8,39,train
action_19,user9,19,9,6-2-2,True,True,IMU/action_19/user9/6-2-2/up.csv,IMU/action_19/user9/6-2-2/down.csv,True,True,5,5,5,6,6,39,train
action_19,user9,19,9,6-2-3,True,True,IMU/action_19/user9/6-2-3/up.csv,IMU/action_19/user9/6-2-3/down.csv,True,True,7,9,8,9,9,39,train
action_19,user9,19,9,7-1-1,True,True,IMU/action_19/user9/7-1-1/up.csv,IMU/action_19/user9/7-1-1/down.csv,True,True,14,17,17,15,16,39,train
action_19,user9,19,9,7-1-2,True,True,IMU/action_19/user9/7-1-2/up.csv,IMU/action_19/user9/7-1-2/down.csv,True,True,19,18,20,19,20,39,train
action_19,user9,19,9,7-1-3,True,True,IMU/action_19/user9/7-1-3/up.csv,IMU/action_19/user9/7-1-3/down.csv,True,True,11,11,11,12,11,39,train
action_02,user1,2,1,1-1-1,True,True,IMU/action_02/user1/1-1-1/up.csv,IMU/action_02/user1/1-1-1/down.csv,True,True,44,46,47,45,44,4,train
action_02,user16,2,16,2-2-1,True,True,IMU/action_02/user16/2-2-1/up.csv,IMU/action_02/user16/2-2-1/down.csv,True,True,33,33,32,32,35,4,train
action_02,user16,2,16,2-2-2,True,True,IMU/action_02/user16/2-2-2/up.csv,IMU/action_02/user16/2-2-2/down.csv,True,True,29,29,30,29,30,4,train
action_02,user16,2,16,2-2-3,True,True,IMU/action_02/user16/2-2-3/up.csv,IMU/action_02/user16/2-2-3/down.csv,True,True,23,23,23,23,23,4,train
action_02,user17,2,17,1-1-1,True,True,IMU/action_02/user17/1-1-1/up.csv,IMU/action_02/user17/1-1-1/down.csv,True,True,44,44,45,44,44,4,train
action_02,user17,2,17,1-1-2,True,True,IMU/action_02/user17/1-1-2/up.csv,IMU/action_02/user17/1-1-2/down.csv,True,True,27,27,26,26,25,4,train
action_02,user17,2,17,1-1-3,True,True,IMU/action_02/user17/1-1-3/up.csv,IMU/action_02/user17/1-1-3/down.csv,True,True,22,22,22,23,21,4,train
action_02,user17,2,17,7-2-1,True,True,IMU/action_02/user17/7-2-1/up.csv,IMU/action_02/user17/7-2-1/down.csv,True,True,44,43,44,44,44,4,train
action_02,user17,2,17,7-2-2,True,True,IMU/action_02/user17/7-2-2/up.csv,IMU/action_02/user17/7-2-2/down.csv,True,True,29,29,29,31,28,4,train
action_02,user17,2,17,7-2-3,True,True,IMU/action_02/user17/7-2-3/up.csv,IMU/action_02/user17/7-2-3/down.csv,True,True,17,18,17,18,18,4,train
action_02,user18,2,18,1-1-1,True,True,IMU/action_02/user18/1-1-1/up.csv,IMU/action_02/user18/1-1-1/down.csv,True,True,40,40,40,40,40,4,train
action_02,user18,2,18,1-1-2,True,True,IMU/action_02/user18/1-1-2/up.csv,IMU/action_02/user18/1-1-2/down.csv,True,True,23,23,24,24,22,4,train
action_02,user18,2,18,1-1-3,True,True,IMU/action_02/user18/1-1-3/up.csv,IMU/action_02/user18/1-1-3/down.csv,True,True,23,24,23,23,22,4,train
action_02,user18,2,18,7-1-1,True,True,IMU/action_02/user18/7-1-1/up.csv,IMU/action_02/user18/7-1-1/down.csv,True,True,17,18,19,20,19,4,train
action_02,user18,2,18,7-1-2,True,True,IMU/action_02/user18/7-1-2/up.csv,IMU/action_02/user18/7-1-2/down.csv,True,True,13,13,12,12,13,4,train
action_02,user18,2,18,7-1-3,True,True,IMU/action_02/user18/7-1-3/up.csv,IMU/action_02/user18/7-1-3/down.csv,True,True,4,4,4,3,4,4,train
action_02,user19,2,19,1-1-1,True,True,IMU/action_02/user19/1-1-1/up.csv,IMU/action_02/user19/1-1-1/down.csv,True,True,20,20,20,21,19,4,train
action_02,user19,2,19,1-1-2,True,True,IMU/action_02/user19/1-1-2/up.csv,IMU/action_02/user19/1-1-2/down.csv,True,True,17,17,17,16,16,4,train
action_02,user19,2,19,1-1-3,True,True,IMU/action_02/user19/1-1-3/up.csv,IMU/action_02/user19/1-1-3/down.csv,True,True,19,20,19,19,19,4,train
action_02,user19,2,19,5-2-1,True,True,IMU/action_02/user19/5-2-1/up.csv,IMU/action_02/user19/5-2-1/down.csv,True,True,33,32,33,32,33,4,train
action_02,user19,2,19,5-2-2,True,True,IMU/action_02/user19/5-2-2/up.csv,IMU/action_02/user19/5-2-2/down.csv,True,True,29,29,30,28,30,4,train
action_02,user19,2,19,5-2-3,True,True,IMU/action_02/user19/5-2-3/up.csv,IMU/action_02/user19/5-2-3/down.csv,True,True,21,21,23,22,22,4,train
action_02,user2,2,2,2-2-1,True,True,IMU/action_02/user2/2-2-1/up.csv,IMU/action_02/user2/2-2-1/down.csv,True,True,32,32,32,31,32,4,train
action_02,user2,2,2,2-2-2,True,True,IMU/action_02/user2/2-2-2/up.csv,IMU/action_02/user2/2-2-2/down.csv,True,True,36,38,37,37,35,4,train
action_02,user2,2,2,2-2-3,True,True,IMU/action_02/user2/2-2-3/up.csv,IMU/action_02/user2/2-2-3/down.csv,True,True,8,8,8,7,8,4,train
action_02,user2,2,2,7-3-3,True,True,IMU/action_02/user2/7-3-3/up.csv,IMU/action_02/user2/7-3-3/down.csv,True,True,27,27,28,27,28,4,train
action_02,user20,2,20,6-2-1,True,True,IMU/action_02/user20/6-2-1/up.csv,IMU/action_02/user20/6-2-1/down.csv,True,True,30,29,31,31,30,4,train
action_02,user20,2,20,6-2-2,True,True,IMU/action_02/user20/6-2-2/up.csv,IMU/action_02/user20/6-2-2/down.csv,True,True,16,16,16,18,16,4,train
action_02,user20,2,20,6-2-3,True,True,IMU/action_02/user20/6-2-3/up.csv,IMU/action_02/user20/6-2-3/down.csv,True,True,39,38,38,37,38,4,train
action_02,user21,2,21,1-1-1,True,True,IMU/action_02/user21/1-1-1/up.csv,IMU/action_02/user21/1-1-1/down.csv,True,True,26,25,27,26,27,4,test
action_02,user21,2,21,1-1-2,True,True,IMU/action_02/user21/1-1-2/up.csv,IMU/action_02/user21/1-1-2/down.csv,True,True,28,28,28,27,28,4,test
action_02,user21,2,21,1-1-3,True,True,IMU/action_02/user21/1-1-3/up.csv,IMU/action_02/user21/1-1-3/down.csv,True,True,11,13,11,11,12,4,test
action_02,user21,2,21,7-2-1,True,True,IMU/action_02/user21/7-2-1/up.csv,IMU/action_02/user21/7-2-1/down.csv,True,True,23,24,22,22,22,4,test
action_02,user21,2,21,7-2-2,True,True,IMU/action_02/user21/7-2-2/up.csv,IMU/action_02/user21/7-2-2/down.csv,True,True,12,14,11,12,11,4,test
action_02,user21,2,21,7-2-3,True,True,IMU/action_02/user21/7-2-3/up.csv,IMU/action_02/user21/7-2-3/down.csv,True,True,23,23,23,24,26,4,test
action_02,user22,2,22,1-1-2,True,True,IMU/action_02/user22/1-1-2/up.csv,IMU/action_02/user22/1-1-2/down.csv,True,True,15,15,16,16,1,4,train
action_02,user22,2,22,1-1-3,True,True,IMU/action_02/user22/1-1-3/up.csv,IMU/action_02/user22/1-1-3/down.csv,True,True,6,8,8,10,7,4,train
action_02,user22,2,22,6-2-1,True,True,IMU/action_02/user22/6-2-1/up.csv,IMU/action_02/user22/6-2-1/down.csv,True,True,29,27,29,27,29,4,train
action_02,user22,2,22,6-2-2,True,True,IMU/action_02/user22/6-2-2/up.csv,IMU/action_02/user22/6-2-2/down.csv,True,True,23,23,21,22,22,4,train
action_02,user22,2,22,6-2-3,True,True,IMU/action_02/user22/6-2-3/up.csv,IMU/action_02/user22/6-2-3/down.csv,True,True,5,6,6,5,6,4,train
action_02,user23,2,23,1-1-1,True,True,IMU/action_02/user23/1-1-1/up.csv,IMU/action_02/user23/1-1-1/down.csv,True,True,26,25,25,24,25,4,train
action_02,user23,2,23,1-1-2,True,True,IMU/action_02/user23/1-1-2/up.csv,IMU/action_02/user23/1-1-2/down.csv,True,True,15,15,14,15,14,4,train
action_02,user23,2,23,1-1-3,True,True,IMU/action_02/user23/1-1-3/up.csv,IMU/action_02/user23/1-1-3/down.csv,True,True,19,21,20,20,20,4,train
action_02,user24,2,24,6-2-1,True,True,IMU/action_02/user24/6-2-1/up.csv,IMU/action_02/user24/6-2-1/down.csv,True,True,26,27,27,27,27,4,train
action_02,user24,2,24,6-2-2,True,True,IMU/action_02/user24/6-2-2/up.csv,IMU/action_02/user24/6-2-2/down.csv,True,True,18,19,19,19,19,4,train
action_02,user24,2,24,6-2-3,True,True,IMU/action_02/user24/6-2-3/up.csv,IMU/action_02/user24/6-2-3/down.csv,True,True,24,22,22,22,23,4,train
action_02,user4,2,4,1-1-1,True,True,IMU/action_02/user4/1-1-1/up.csv,IMU/action_02/user4/1-1-1/down.csv,True,True,22,22,21,22,23,4,train
action_02,user4,2,4,1-1-2,True,True,IMU/action_02/user4/1-1-2/up.csv,IMU/action_02/user4/1-1-2/down.csv,True,True,20,20,22,22,20,4,train
action_02,user4,2,4,1-1-3,True,True,IMU/action_02/user4/1-1-3/up.csv,IMU/action_02/user4/1-1-3/down.csv,True,True,19,17,17,18,18,4,train
action_02,user6,2,6,2-2-1,True,True,IMU/action_02/user6/2-2-1/up.csv,IMU/action_02/user6/2-2-1/down.csv,True,True,19,19,18,20,18,4,train
action_02,user6,2,6,2-2-2,True,True,IMU/action_02/user6/2-2-2/up.csv,IMU/action_02/user6/2-2-2/down.csv,True,True,24,24,24,24,23,4,train
action_02,user6,2,6,2-2-3,True,True,IMU/action_02/user6/2-2-3/up.csv,IMU/action_02/user6/2-2-3/down.csv,True,True,10,10,10,11,9,4,train
action_02,user7,2,7,1-1-1,True,True,IMU/action_02/user7/1-1-1/up.csv,IMU/action_02/user7/1-1-1/down.csv,True,True,21,22,22,22,22,4,train
action_02,user7,2,7,1-1-2,True,True,IMU/action_02/user7/1-1-2/up.csv,IMU/action_02/user7/1-1-2/down.csv,True,True,9,10,10,9,8,4,train
action_02,user7,2,7,1-1-3,True,True,IMU/action_02/user7/1-1-3/up.csv,IMU/action_02/user7/1-1-3/down.csv,True,True,13,13,13,14,13,4,train
action_02,user7,2,7,7-2-1,True,True,IMU/action_02/user7/7-2-1/up.csv,IMU/action_02/user7/7-2-1/down.csv,True,True,29,27,27,27,28,4,train
action_02,user7,2,7,7-2-2,True,True,IMU/action_02/user7/7-2-2/up.csv,IMU/action_02/user7/7-2-2/down.csv,True,True,17,18,17,18,18,4,train
action_02,user7,2,7,7-2-3,True,True,IMU/action_02/user7/7-2-3/up.csv,IMU/action_02/user7/7-2-3/down.csv,True,True,6,6,7,7,6,4,train
action_02,user8,2,8,1-1-1,True,True,IMU/action_02/user8/1-1-1/up.csv,IMU/action_02/user8/1-1-1/down.csv,True,True,27,28,27,28,28,4,train
action_02,user8,2,8,1-1-2,True,True,IMU/action_02/user8/1-1-2/up.csv,IMU/action_02/user8/1-1-2/down.csv,True,True,23,24,24,23,23,4,train
action_02,user8,2,8,1-1-3,True,True,IMU/action_02/user8/1-1-3/up.csv,IMU/action_02/user8/1-1-3/down.csv,True,True,19,20,21,19,20,4,train
action_02,user8,2,8,7-1-1,True,True,IMU/action_02/user8/7-1-1/up.csv,IMU/action_02/user8/7-1-1/down.csv,True,True,26,26,26,26,25,4,train
action_02,user8,2,8,7-1-2,True,True,IMU/action_02/user8/7-1-2/up.csv,IMU/action_02/user8/7-1-2/down.csv,True,True,29,29,29,28,29,4,train
action_02,user8,2,8,7-1-3,True,True,IMU/action_02/user8/7-1-3/up.csv,IMU/action_02/user8/7-1-3/down.csv,True,True,18,16,18,17,17,4,train
action_02,user9,2,9,1-1-1,True,True,IMU/action_02/user9/1-1-1/up.csv,IMU/action_02/user9/1-1-1/down.csv,True,True,13,11,12,12,12,4,train
action_02,user9,2,9,1-1-2,True,True,IMU/action_02/user9/1-1-2/up.csv,IMU/action_02/user9/1-1-2/down.csv,True,True,10,10,10,11,10,4,train
action_02,user9,2,9,1-1-3,True,True,IMU/action_02/user9/1-1-3/up.csv,IMU/action_02/user9/1-1-3/down.csv,True,True,15,16,16,15,16,4,train
action_02,user9,2,9,5-2-1,True,True,IMU/action_02/user9/5-2-1/up.csv,IMU/action_02/user9/5-2-1/down.csv,True,True,27,29,28,28,29,4,train
action_02,user9,2,9,5-2-2,True,True,IMU/action_02/user9/5-2-2/up.csv,IMU/action_02/user9/5-2-2/down.csv,True,True,19,20,20,20,19,4,train
action_02,user9,2,9,5-2-3,True,True,IMU/action_02/user9/5-2-3/up.csv,IMU/action_02/user9/5-2-3/down.csv,True,True,19,19,19,18,19,4,train
action_03,user1,3,1,1-1-1,True,True,IMU/action_03/user1/1-1-1/up.csv,IMU/action_03/user1/1-1-1/down.csv,True,True,124,124,122,121,120,5,train
action_03,user1,3,1,1-1-2,True,True,IMU/action_03/user1/1-1-2/up.csv,IMU/action_03/user1/1-1-2/down.csv,True,True,52,50,52,50,52,5,train
action_03,user1,3,1,1-1-3,True,True,IMU/action_03/user1/1-1-3/up.csv,IMU/action_03/user1/1-1-3/down.csv,True,True,38,38,37,38,37,5,train
action_03,user17,3,17,1-1-1,True,True,IMU/action_03/user17/1-1-1/up.csv,IMU/action_03/user17/1-1-1/down.csv,True,True,88,89,87,88,87,5,train
action_03,user17,3,17,1-1-2,True,True,IMU/action_03/user17/1-1-2/up.csv,IMU/action_03/user17/1-1-2/down.csv,True,True,59,58,58,59,60,5,train
action_03,user17,3,17,1-1-3,True,True,IMU/action_03/user17/1-1-3/up.csv,IMU/action_03/user17/1-1-3/down.csv,True,True,54,53,52,53,54,5,train
action_03,user17,3,17,6-1-1,True,True,IMU/action_03/user17/6-1-1/up.csv,IMU/action_03/user17/6-1-1/down.csv,True,True,56,55,56,54,56,5,train
action_03,user17,3,17,6-1-2,True,True,IMU/action_03/user17/6-1-2/up.csv,IMU/action_03/user17/6-1-2/down.csv,True,True,53,52,53,54,53,5,train
action_03,user17,3,17,6-1-3,True,True,IMU/action_03/user17/6-1-3/up.csv,IMU/action_03/user17/6-1-3/down.csv,True,True,64,64,65,64,65,5,train
action_03,user18,3,18,6-1-1,True,True,IMU/action_03/user18/6-1-1/up.csv,IMU/action_03/user18/6-1-1/down.csv,True,True,41,42,42,41,42,5,train
action_03,user18,3,18,6-1-2,True,True,IMU/action_03/user18/6-1-2/up.csv,IMU/action_03/user18/6-1-2/down.csv,True,True,45,44,45,45,45,5,train
action_03,user18,3,18,6-1-3,True,True,IMU/action_03/user18/6-1-3/up.csv,IMU/action_03/user18/6-1-3/down.csv,True,True,39,38,39,39,38,5,train
action_03,user18,3,18,7-1-1,True,True,IMU/action_03/user18/7-1-1/up.csv,IMU/action_03/user18/7-1-1/down.csv,True,True,56,55,54,55,56,5,train
action_03,user18,3,18,7-1-2,True,True,IMU/action_03/user18/7-1-2/up.csv,IMU/action_03/user18/7-1-2/down.csv,True,True,38,38,37,38,37,5,train
action_03,user18,3,18,7-1-3,True,True,IMU/action_03/user18/7-1-3/up.csv,IMU/action_03/user18/7-1-3/down.csv,True,True,39,41,40,42,41,5,train
action_03,user19,3,19,1-1-1,True,True,IMU/action_03/user19/1-1-1/up.csv,IMU/action_03/user19/1-1-1/down.csv,True,True,115,114,115,114,114,5,train
action_03,user19,3,19,1-1-2,True,True,IMU/action_03/user19/1-1-2/up.csv,IMU/action_03/user19/1-1-2/down.csv,True,True,85,86,86,86,85,5,train
action_03,user19,3,19,1-1-3,True,True,IMU/action_03/user19/1-1-3/up.csv,IMU/action_03/user19/1-1-3/down.csv,True,True,57,55,57,56,56,5,train
action_03,user21,3,21,6-1-1,True,True,IMU/action_03/user21/6-1-1/up.csv,IMU/action_03/user21/6-1-1/down.csv,True,True,83,82,84,80,86,5,test
action_03,user21,3,21,6-1-2,True,True,IMU/action_03/user21/6-1-2/up.csv,IMU/action_03/user21/6-1-2/down.csv,True,True,119,119,120,118,119,5,test
action_03,user21,3,21,6-1-3,True,True,IMU/action_03/user21/6-1-3/up.csv,IMU/action_03/user21/6-1-3/down.csv,True,True,45,44,43,42,42,5,test
action_03,user22,3,22,2-2-1,True,True,IMU/action_03/user22/2-2-1/up.csv,IMU/action_03/user22/2-2-1/down.csv,True,True,72,71,71,72,71,5,train
action_03,user22,3,22,2-2-2,True,True,IMU/action_03/user22/2-2-2/up.csv,IMU/action_03/user22/2-2-2/down.csv,True,True,112,112,111,112,112,5,train
action_03,user22,3,22,2-2-3,True,True,IMU/action_03/user22/2-2-3/up.csv,IMU/action_03/user22/2-2-3/down.csv,True,True,40,39,40,40,40,5,train
action_03,user22,3,22,6-1-1,True,True,IMU/action_03/user22/6-1-1/up.csv,IMU/action_03/user22/6-1-1/down.csv,True,True,52,55,51,51,50,5,train
action_03,user22,3,22,6-1-2,True,True,IMU/action_03/user22/6-1-2/up.csv,IMU/action_03/user22/6-1-2/down.csv,True,True,46,44,45,42,47,5,train
action_03,user22,3,22,6-1-3,True,True,IMU/action_03/user22/6-1-3/up.csv,IMU/action_03/user22/6-1-3/down.csv,True,True,55,55,51,54,55,5,train
action_03,user22,3,22,7-2-1,True,True,IMU/action_03/user22/7-2-1/up.csv,IMU/action_03/user22/7-2-1/down.csv,True,True,79,79,80,79,80,5,train
action_03,user22,3,22,7-2-2,True,True,IMU/action_03/user22/7-2-2/up.csv,IMU/action_03/user22/7-2-2/down.csv,True,True,60,61,60,61,60,5,train
action_03,user22,3,22,7-2-3,True,True,IMU/action_03/user22/7-2-3/up.csv,IMU/action_03/user22/7-2-3/down.csv,True,True,25,25,25,25,26,5,train
action_03,user23,3,23,4-3-1,True,True,IMU/action_03/user23/4-3-1/up.csv,IMU/action_03/user23/4-3-1/down.csv,True,True,31,33,31,30,30,5,train
action_03,user23,3,23,4-3-2,True,True,IMU/action_03/user23/4-3-2/up.csv,IMU/action_03/user23/4-3-2/down.csv,True,True,28,29,29,27,28,5,train
action_03,user23,3,23,4-3-3,True,True,IMU/action_03/user23/4-3-3/up.csv,IMU/action_03/user23/4-3-3/down.csv,True,True,17,18,16,17,18,5,train
action_03,user23,3,23,5-2-1,True,True,IMU/action_03/user23/5-2-1/up.csv,IMU/action_03/user23/5-2-1/down.csv,True,True,34,35,36,36,37,5,train
action_03,user23,3,23,5-2-2,True,True,IMU/action_03/user23/5-2-2/up.csv,IMU/action_03/user23/5-2-2/down.csv,True,True,36,36,37,37,37,5,train
action_03,user23,3,23,5-2-3,True,True,IMU/action_03/user23/5-2-3/up.csv,IMU/action_03/user23/5-2-3/down.csv,True,True,23,23,23,25,25,5,train
action_03,user3,3,3,1-1-1,True,True,IMU/action_03/user3/1-1-1/up.csv,IMU/action_03/user3/1-1-1/down.csv,True,True,70,71,72,72,71,5,train
action_03,user3,3,3,1-1-2,True,True,IMU/action_03/user3/1-1-2/up.csv,IMU/action_03/user3/1-1-2/down.csv,True,True,43,42,43,43,42,5,train
action_03,user3,3,3,1-1-3,True,True,IMU/action_03/user3/1-1-3/up.csv,IMU/action_03/user3/1-1-3/down.csv,True,True,34,32,32,34,33,5,train
action_03,user4,3,4,5-2-1,True,True,IMU/action_03/user4/5-2-1/up.csv,IMU/action_03/user4/5-2-1/down.csv,True,True,92,91,92,91,92,5,train
action_03,user4,3,4,5-2-2,True,True,IMU/action_03/user4/5-2-2/up.csv,IMU/action_03/user4/5-2-2/down.csv,True,True,106,105,105,103,105,5,train
action_03,user4,3,4,5-2-3,True,True,IMU/action_03/user4/5-2-3/up.csv,IMU/action_03/user4/5-2-3/down.csv,True,True,80,80,80,81,82,5,train
action_03,user7,3,7,1-1-1,True,True,IMU/action_03/user7/1-1-1/up.csv,IMU/action_03/user7/1-1-1/down.csv,True,True,66,66,65,66,64,5,train
action_03,user7,3,7,1-1-2,True,True,IMU/action_03/user7/1-1-2/up.csv,IMU/action_03/user7/1-1-2/down.csv,True,True,68,68,68,66,67,5,train
action_03,user7,3,7,1-1-3,True,True,IMU/action_03/user7/1-1-3/up.csv,IMU/action_03/user7/1-1-3/down.csv,True,True,70,70,70,71,70,5,train
action_03,user8,3,8,6-1-1,True,True,IMU/action_03/user8/6-1-1/up.csv,IMU/action_03/user8/6-1-1/down.csv,True,True,143,144,144,143,143,5,train
action_03,user8,3,8,6-1-2,True,True,IMU/action_03/user8/6-1-2/up.csv,IMU/action_03/user8/6-1-2/down.csv,True,True,91,92,92,92,90,5,train
action_03,user8,3,8,6-1-3,True,True,IMU/action_03/user8/6-1-3/up.csv,IMU/action_03/user8/6-1-3/down.csv,True,True,39,39,41,39,39,5,train
action_03,user8,3,8,7-1-1,True,True,IMU/action_03/user8/7-1-1/up.csv,IMU/action_03/user8/7-1-1/down.csv,True,True,70,69,69,70,69,5,train
action_03,user8,3,8,7-1-2,True,True,IMU/action_03/user8/7-1-2/up.csv,IMU/action_03/user8/7-1-2/down.csv,True,True,64,64,64,64,65,5,train
action_03,user8,3,8,7-1-3,True,True,IMU/action_03/user8/7-1-3/up.csv,IMU/action_03/user8/7-1-3/down.csv,True,True,15,14,14,15,14,5,train
action_03,user9,3,9,1-1-1,True,True,IMU/action_03/user9/1-1-1/up.csv,IMU/action_03/user9/1-1-1/down.csv,True,True,58,59,60,59,59,5,train
action_03,user9,3,9,1-1-2,True,True,IMU/action_03/user9/1-1-2/up.csv,IMU/action_03/user9/1-1-2/down.csv,True,True,35,36,36,36,37,5,train
action_03,user9,3,9,1-1-3,True,True,IMU/action_03/user9/1-1-3/up.csv,IMU/action_03/user9/1-1-3/down.csv,True,True,41,42,42,42,41,5,train
action_04,user1,4,1,1-2-1,True,True,IMU/action_04/user1/1-2-1/up.csv,IMU/action_04/user1/1-2-1/down.csv,True,True,26,27,26,27,26,8,train
action_04,user1,4,1,1-2-2,True,True,IMU/action_04/user1/1-2-2/up.csv,IMU/action_04/user1/1-2-2/down.csv,True,True,24,25,25,24,25,8,train
action_04,user1,4,1,2-1-2,True,True,IMU/action_04/user1/2-1-2/up.csv,IMU/action_04/user1/2-1-2/down.csv,True,True,32,31,31,30,33,8,train
action_04,user1,4,1,2-1-3,True,True,IMU/action_04/user1/2-1-3/up.csv,IMU/action_04/user1/2-1-3/down.csv,True,True,41,40,40,41,41,8,train
action_04,user1,4,1,4-1-2,True,True,IMU/action_04/user1/4-1-2/up.csv,IMU/action_04/user1/4-1-2/down.csv,True,True,20,20,20,21,21,8,train
action_04,user1,4,1,4-1-3,True,True,IMU/action_04/user1/4-1-3/up.csv,IMU/action_04/user1/4-1-3/down.csv,True,True,10,10,10,10,10,8,train
action_04,user1,4,1,5-1-1,True,True,IMU/action_04/user1/5-1-1/up.csv,IMU/action_04/user1/5-1-1/down.csv,True,True,21,21,21,22,21,8,train
action_04,user1,4,1,5-1-2,True,True,IMU/action_04/user1/5-1-2/up.csv,IMU/action_04/user1/5-1-2/down.csv,True,True,13,13,13,12,14,8,train
action_04,user1,4,1,5-1-3,True,True,IMU/action_04/user1/5-1-3/up.csv,IMU/action_04/user1/5-1-3/down.csv,True,True,12,11,12,12,11,8,train
action_04,user16,4,16,6-2-1,True,True,IMU/action_04/user16/6-2-1/up.csv,IMU/action_04/user16/6-2-1/down.csv,True,True,17,17,18,18,19,8,train
action_04,user16,4,16,6-2-2,True,True,IMU/action_04/user16/6-2-2/up.csv,IMU/action_04/user16/6-2-2/down.csv,True,True,17,16,16,16,17,8,train
action_04,user16,4,16,6-2-3,True,True,IMU/action_04/user16/6-2-3/up.csv,IMU/action_04/user16/6-2-3/down.csv,True,True,40,39,40,39,40,8,train
action_04,user17,4,17,1-2-1,True,True,IMU/action_04/user17/1-2-1/up.csv,IMU/action_04/user17/1-2-1/down.csv,True,True,21,22,22,20,22,8,train
action_04,user17,4,17,1-2-2,True,True,IMU/action_04/user17/1-2-2/up.csv,IMU/action_04/user17/1-2-2/down.csv,True,True,7,7,7,5,6,8,train
action_04,user17,4,17,1-2-3,True,True,IMU/action_04/user17/1-2-3/up.csv,IMU/action_04/user17/1-2-3/down.csv,True,True,22,20,23,22,22,8,train
action_04,user17,4,17,2-1-1,True,True,IMU/action_04/user17/2-1-1/up.csv,IMU/action_04/user17/2-1-1/down.csv,True,True,35,34,36,34,33,8,train
action_04,user17,4,17,2-1-2,True,True,IMU/action_04/user17/2-1-2/up.csv,IMU/action_04/user17/2-1-2/down.csv,True,True,27,26,26,27,26,8,train
action_04,user17,4,17,2-1-3,True,True,IMU/action_04/user17/2-1-3/up.csv,IMU/action_04/user17/2-1-3/down.csv,True,True,23,22,23,23,24,8,train
action_04,user17,4,17,3-2-1,True,True,IMU/action_04/user17/3-2-1/up.csv,IMU/action_04/user17/3-2-1/down.csv,True,True,46,46,43,45,44,8,train
action_04,user17,4,17,3-2-2,True,True,IMU/action_04/user17/3-2-2/up.csv,IMU/action_04/user17/3-2-2/down.csv,True,True,28,27,27,29,28,8,train
action_04,user17,4,17,3-2-3,True,True,IMU/action_04/user17/3-2-3/up.csv,IMU/action_04/user17/3-2-3/down.csv,True,True,35,36,36,37,35,8,train
action_04,user19,4,19,7-2-1,True,True,IMU/action_04/user19/7-2-1/up.csv,IMU/action_04/user19/7-2-1/down.csv,True,True,24,23,23,23,23,8,train
action_04,user19,4,19,7-2-2,True,True,IMU/action_04/user19/7-2-2/up.csv,IMU/action_04/user19/7-2-2/down.csv,True,True,20,20,21,21,20,8,train
action_04,user19,4,19,7-2-3,True,True,IMU/action_04/user19/7-2-3/up.csv,IMU/action_04/user19/7-2-3/down.csv,True,True,14,13,14,15,15,8,train
action_04,user2,4,2,1-2-1,True,True,IMU/action_04/user2/1-2-1/up.csv,IMU/action_04/user2/1-2-1/down.csv,True,True,31,31,31,31,31,8,train
action_04,user2,4,2,1-2-2,True,True,IMU/action_04/user2/1-2-2/up.csv,IMU/action_04/user2/1-2-2/down.csv,True,True,29,30,28,28,30,8,train
action_04,user2,4,2,1-2-3,True,True,IMU/action_04/user2/1-2-3/up.csv,IMU/action_04/user2/1-2-3/down.csv,True,True,20,19,18,20,23,8,train
action_04,user2,4,2,2-1-1,True,True,IMU/action_04/user2/2-1-1/up.csv,IMU/action_04/user2/2-1-1/down.csv,True,True,40,40,39,39,42,8,train
action_04,user2,4,2,2-1-3,True,True,IMU/action_04/user2/2-1-3/up.csv,IMU/action_04/user2/2-1-3/down.csv,True,True,38,38,39,38,36,8,train
action_04,user2,4,2,2-2-1,True,True,IMU/action_04/user2/2-2-1/up.csv,IMU/action_04/user2/2-2-1/down.csv,True,True,56,57,57,56,56,8,train
action_04,user2,4,2,2-2-2,True,True,IMU/action_04/user2/2-2-2/up.csv,IMU/action_04/user2/2-2-2/down.csv,True,True,56,55,54,55,52,8,train
action_04,user2,4,2,2-2-3,True,True,IMU/action_04/user2/2-2-3/up.csv,IMU/action_04/user2/2-2-3/down.csv,True,True,24,25,26,26,23,8,train
action_04,user2,4,2,4-2-1,True,True,IMU/action_04/user2/4-2-1/up.csv,IMU/action_04/user2/4-2-1/down.csv,True,True,76,77,76,75,75,8,train
action_04,user2,4,2,4-2-2,True,True,IMU/action_04/user2/4-2-2/up.csv,IMU/action_04/user2/4-2-2/down.csv,True,True,78,78,79,78,78,8,train
action_04,user2,4,2,4-2-3,True,True,IMU/action_04/user2/4-2-3/up.csv,IMU/action_04/user2/4-2-3/down.csv,True,True,52,52,51,52,52,8,train
action_04,user20,4,20,2-1-1,True,True,IMU/action_04/user20/2-1-1/up.csv,IMU/action_04/user20/2-1-1/down.csv,True,True,19,18,19,18,18,8,train
action_04,user20,4,20,2-1-2,True,True,IMU/action_04/user20/2-1-2/up.csv,IMU/action_04/user20/2-1-2/down.csv,True,True,12,9,12,12,11,8,train
action_04,user20,4,20,2-1-3,True,True,IMU/action_04/user20/2-1-3/up.csv,IMU/action_04/user20/2-1-3/down.csv,True,True,12,12,12,12,12,8,train
action_04,user21,4,21,2-1-1,True,True,IMU/action_04/user21/2-1-1/up.csv,IMU/action_04/user21/2-1-1/down.csv,True,True,68,69,68,69,69,8,test
action_04,user21,4,21,2-1-2,True,True,IMU/action_04/user21/2-1-2/up.csv,IMU/action_04/user21/2-1-2/down.csv,True,True,75,74,74,74,74,8,test
action_04,user21,4,21,2-1-3,True,True,IMU/action_04/user21/2-1-3/up.csv,IMU/action_04/user21/2-1-3/down.csv,True,True,33,31,33,31,31,8,test
action_04,user21,4,21,3-1-1,True,True,IMU/action_04/user21/3-1-1/up.csv,IMU/action_04/user21/3-1-1/down.csv,True,True,18,20,19,19,20,8,test
action_04,user21,4,21,3-1-2,True,True,IMU/action_04/user21/3-1-2/up.csv,IMU/action_04/user21/3-1-2/down.csv,True,True,1,1,2,1,1,8,test
action_04,user21,4,21,3-1-3,True,True,IMU/action_04/user21/3-1-3/up.csv,IMU/action_04/user21/3-1-3/down.csv,True,True,8,4,15,2,1,8,test
action_04,user21,4,21,7-1-1,True,True,IMU/action_04/user21/7-1-1/up.csv,IMU/action_04/user21/7-1-1/down.csv,True,True,10,10,9,10,9,8,test
action_04,user21,4,21,7-1-2,True,True,IMU/action_04/user21/7-1-2/up.csv,IMU/action_04/user21/7-1-2/down.csv,True,True,9,7,9,9,8,8,test
action_04,user21,4,21,7-1-3,True,True,IMU/action_04/user21/7-1-3/up.csv,IMU/action_04/user21/7-1-3/down.csv,True,True,16,13,14,16,14,8,test
action_04,user22,4,22,2-1-1,True,True,IMU/action_04/user22/2-1-1/up.csv,IMU/action_04/user22/2-1-1/down.csv,True,True,40,40,40,41,40,8,train
action_04,user22,4,22,2-1-2,True,True,IMU/action_04/user22/2-1-2/up.csv,IMU/action_04/user22/2-1-2/down.csv,True,True,46,47,47,47,47,8,train
action_04,user22,4,22,2-1-3,True,True,IMU/action_04/user22/2-1-3/up.csv,IMU/action_04/user22/2-1-3/down.csv,True,True,22,21,21,22,24,8,train
action_04,user22,4,22,6-2-1,True,True,IMU/action_04/user22/6-2-1/up.csv,IMU/action_04/user22/6-2-1/down.csv,True,True,25,24,25,25,22,8,train
action_04,user22,4,22,6-2-2,True,True,IMU/action_04/user22/6-2-2/up.csv,IMU/action_04/user22/6-2-2/down.csv,True,True,20,20,20,19,20,8,train
action_04,user22,4,22,6-2-3,True,True,IMU/action_04/user22/6-2-3/up.csv,IMU/action_04/user22/6-2-3/down.csv,True,True,15,14,15,14,15,8,train
action_04,user3,4,3,4-1-2,True,True,IMU/action_04/user3/4-1-2/up.csv,IMU/action_04/user3/4-1-2/down.csv,True,True,9,9,9,9,8,8,train
action_04,user3,4,3,4-1-3,True,True,IMU/action_04/user3/4-1-3/up.csv,IMU/action_04/user3/4-1-3/down.csv,True,True,10,10,11,9,10,8,train
action_04,user3,4,3,5-1-1,True,True,IMU/action_04/user3/5-1-1/up.csv,IMU/action_04/user3/5-1-1/down.csv,True,True,21,21,21,21,22,8,train
action_04,user3,4,3,5-1-2,True,True,IMU/action_04/user3/5-1-2/up.csv,IMU/action_04/user3/5-1-2/down.csv,True,True,9,10,12,9,8,8,train
action_04,user3,4,3,5-1-3,True,True,IMU/action_04/user3/5-1-3/up.csv,IMU/action_04/user3/5-1-3/down.csv,True,True,14,8,13,13,13,8,train
action_04,user3,4,3,5-2-1,True,True,IMU/action_04/user3/5-2-1/up.csv,IMU/action_04/user3/5-2-1/down.csv,True,True,35,35,35,34,33,8,train
action_04,user3,4,3,5-2-2,True,True,IMU/action_04/user3/5-2-2/up.csv,IMU/action_04/user3/5-2-2/down.csv,True,True,20,19,20,18,19,8,train
action_04,user3,4,3,5-2-3,True,True,IMU/action_04/user3/5-2-3/up.csv,IMU/action_04/user3/5-2-3/down.csv,True,True,39,40,41,40,41,8,train
action_04,user3,4,3,6-1-1,True,True,IMU/action_04/user3/6-1-1/up.csv,IMU/action_04/user3/6-1-1/down.csv,True,True,79,79,79,78,79,8,train
action_04,user3,4,3,6-1-2,True,True,IMU/action_04/user3/6-1-2/up.csv,IMU/action_04/user3/6-1-2/down.csv,True,True,84,83,83,84,83,8,train
action_04,user3,4,3,6-1-3,True,True,IMU/action_04/user3/6-1-3/up.csv,IMU/action_04/user3/6-1-3/down.csv,True,True,40,40,42,41,41,8,train
action_04,user4,4,4,1-2-2,True,True,IMU/action_04/user4/1-2-2/up.csv,IMU/action_04/user4/1-2-2/down.csv,True,True,44,44,44,44,43,8,train
action_04,user4,4,4,1-2-3,True,True,IMU/action_04/user4/1-2-3/up.csv,IMU/action_04/user4/1-2-3/down.csv,True,True,39,38,39,39,39,8,train
action_04,user4,4,4,2-1-1,True,True,IMU/action_04/user4/2-1-1/up.csv,IMU/action_04/user4/2-1-1/down.csv,True,True,17,18,18,18,17,8,train
action_04,user4,4,4,2-1-2,True,True,IMU/action_04/user4/2-1-2/up.csv,IMU/action_04/user4/2-1-2/down.csv,True,True,9,10,9,9,9,8,train
action_04,user4,4,4,2-1-3,True,True,IMU/action_04/user4/2-1-3/up.csv,IMU/action_04/user4/2-1-3/down.csv,True,True,8,10,8,9,7,8,train
action_04,user6,4,6,1-2-1,True,True,IMU/action_04/user6/1-2-1/up.csv,IMU/action_04/user6/1-2-1/down.csv,True,True,28,28,29,29,28,8,train
action_04,user6,4,6,1-2-2,True,True,IMU/action_04/user6/1-2-2/up.csv,IMU/action_04/user6/1-2-2/down.csv,True,True,21,22,22,21,21,8,train
action_04,user6,4,6,1-2-3,True,True,IMU/action_04/user6/1-2-3/up.csv,IMU/action_04/user6/1-2-3/down.csv,True,True,13,12,12,12,11,8,train
action_04,user6,4,6,2-1-1,True,True,IMU/action_04/user6/2-1-1/up.csv,IMU/action_04/user6/2-1-1/down.csv,True,True,61,59,60,60,60,8,train
action_04,user6,4,6,2-1-2,True,True,IMU/action_04/user6/2-1-2/up.csv,IMU/action_04/user6/2-1-2/down.csv,True,True,38,38,39,38,39,8,train
action_04,user6,4,6,2-1-3,True,True,IMU/action_04/user6/2-1-3/up.csv,IMU/action_04/user6/2-1-3/down.csv,True,True,36,35,35,35,37,8,train
action_04,user6,4,6,2-3-1,True,True,IMU/action_04/user6/2-3-1/up.csv,IMU/action_04/user6/2-3-1/down.csv,True,True,40,40,39,40,42,8,train
action_04,user6,4,6,2-3-2,True,True,IMU/action_04/user6/2-3-2/up.csv,IMU/action_04/user6/2-3-2/down.csv,True,True,48,49,48,50,48,8,train
action_04,user6,4,6,2-3-3,True,True,IMU/action_04/user6/2-3-3/up.csv,IMU/action_04/user6/2-3-3/down.csv,True,True,49,51,52,51,52,8,train
action_04,user6,4,6,6-2-1,True,True,IMU/action_04/user6/6-2-1/up.csv,IMU/action_04/user6/6-2-1/down.csv,True,True,23,23,23,24,25,8,train
action_04,user6,4,6,6-2-2,True,True,IMU/action_04/user6/6-2-2/up.csv,IMU/action_04/user6/6-2-2/down.csv,True,True,12,13,12,13,12,8,train
action_04,user6,4,6,6-2-3,True,True,IMU/action_04/user6/6-2-3/up.csv,IMU/action_04/user6/6-2-3/down.csv,True,True,31,32,31,31,31,8,train
action_04,user6,4,6,7-2-1,True,True,IMU/action_04/user6/7-2-1/up.csv,IMU/action_04/user6/7-2-1/down.csv,True,True,25,23,24,23,25,8,train
action_04,user6,4,6,7-2-2,True,True,IMU/action_04/user6/7-2-2/up.csv,IMU/action_04/user6/7-2-2/down.csv,True,True,22,22,22,22,22,8,train
action_04,user6,4,6,7-2-3,True,True,IMU/action_04/user6/7-2-3/up.csv,IMU/action_04/user6/7-2-3/down.csv,True,True,13,13,15,14,15,8,train
action_04,user7,4,7,1-2-1,True,True,IMU/action_04/user7/1-2-1/up.csv,IMU/action_04/user7/1-2-1/down.csv,True,True,21,20,20,22,22,8,train
action_04,user7,4,7,1-2-2,True,True,IMU/action_04/user7/1-2-2/up.csv,IMU/action_04/user7/1-2-2/down.csv,True,True,7,5,6,5,5,8,train
action_04,user7,4,7,1-2-3,True,True,IMU/action_04/user7/1-2-3/up.csv,IMU/action_04/user7/1-2-3/down.csv,True,True,13,11,12,14,11,8,train
action_04,user7,4,7,2-1-1,True,True,IMU/action_04/user7/2-1-1/up.csv,IMU/action_04/user7/2-1-1/down.csv,True,True,36,38,38,38,38,8,train
action_04,user7,4,7,2-1-2,True,True,IMU/action_04/user7/2-1-2/up.csv,IMU/action_04/user7/2-1-2/down.csv,True,True,41,42,42,42,42,8,train
action_04,user7,4,7,2-1-3,True,True,IMU/action_04/user7/2-1-3/up.csv,IMU/action_04/user7/2-1-3/down.csv,True,True,35,36,35,34,35,8,train
action_04,user7,4,7,3-2-1,True,True,IMU/action_04/user7/3-2-1/up.csv,IMU/action_04/user7/3-2-1/down.csv,True,True,9,9,9,9,9,8,train
action_04,user7,4,7,3-2-2,True,True,IMU/action_04/user7/3-2-2/up.csv,IMU/action_04/user7/3-2-2/down.csv,True,True,23,23,23,23,23,8,train
action_04,user7,4,7,3-2-3,True,True,IMU/action_04/user7/3-2-3/up.csv,IMU/action_04/user7/3-2-3/down.csv,True,True,9,9,9,9,9,8,train
action_04,user7,4,7,5-3-1,True,True,IMU/action_04/user7/5-3-1/up.csv,IMU/action_04/user7/5-3-1/down.csv,True,True,15,17,17,15,17,8,train
action_04,user7,4,7,5-3-2,True,True,IMU/action_04/user7/5-3-2/up.csv,IMU/action_04/user7/5-3-2/down.csv,True,True,17,16,17,18,15,8,train
action_04,user7,4,7,5-3-3,True,True,IMU/action_04/user7/5-3-3/up.csv,IMU/action_04/user7/5-3-3/down.csv,True,True,10,8,8,10,8,8,train
