{
    "timestamp": "20251130_050329",
    "best_metrics": {
        "accuracy": 43.66197183098591,
        "f1": 31.9176145491935,
        "precision": 34.68671679197995,
        "recall": 34.385964912280706,
        "roc_auc": NaN,
        "loss": 4.413936614990234
    },
    "best_epoch": 77,
    "best_predictions": [
        0,
        9,
        0,
        5,
        13,
        5,
        1,
        17,
        4,
        6,
        9,
        4,
        4,
        2,
        12,
        12,
        12,
        3,
        2,
        15,
        13,
        13,
        13,
        13,
        13,
        13,
        1,
        1,
        1,
        14,
        11,
        11,
        11,
        11,
        15,
        15,
        15,
        15,
        15,
        15,
        4,
        2,
        14,
        16,
        16,
        13,
        4,
        5,
        12,
        12,
        19,
        8,
        14,
        18,
        1,
        1,
        11,
        15,
        15,
        14,
        5,
        16,
        17,
        2,
        2,
        3,
        3,
        3,
        3,
        3,
        3
    ],
    "best_labels": [
        0,
        0,
        0,
        5,
        5,
        5,
        6,
        6,
        6,
        7,
        7,
        7,
        7,
        9,
        11,
        11,
        11,
        12,
        12,
        12,
        13,
        13,
        13,
        13,
        13,
        13,
        1,
        1,
        1,
        14,
        14,
        14,
        14,
        14,
        15,
        15,
        15,
        15,
        15,
        15,
        15,
        15,
        15,
        16,
        16,
        16,
        16,
        17,
        17,
        17,
        17,
        17,
        17,
        18,
        18,
        18,
        18,
        18,
        18,
        19,
        19,
        19,
        2,
        2,
        2,
        3,
        3,
        3,
        3,
        3,
        3
    ],
    "args": {
        "data_path": "data_imu/activity_20/dataset_user_13.csv",
        "modalities": "acc_gyr_mag",
        "sample_length": 30,
        "batch_size": 128,
        "num_epochs": 200,
        "learning_rate": 0.001,
        "device": "cuda",
        "random_init": false,
        "experiment_name": "activity_20/cross_user/cnn_transformer/acc_gyr_mag/bsz128_resample_all"
    },
    "training_config": {
        "num_epochs": 200,
        "batch_size": 128,
        "learning_rate": 0.001,
        "sample_length": 30,
        "device": "cuda",
        "in_channels": 45,
        "out_size": 20,
        "data_path": "data_imu/activity_20/dataset_user_13.csv",
        "modalities": "acc_gyr_mag",
        "random_init": false,
        "experiment_name": "activity_20/cross_user/cnn_transformer/acc_gyr_mag/bsz128_resample_all"
    }
}