{"test_loss":0.36782211855121943,"test_top5":99.21461486816406,"_timestamp":1.7641547777328217e+09,"_wandb":{"runtime":1757},"test_f1":0.8653408174413528,"train_loss":0.28877305130512393,"test_recall":0.8845931075192917,"test_top1":86.31050872802734,"_runtime":1757.336575501,"_step":100,"test_precision":0.8546348006112399,"train_top1":89.99223327636719,"test_auc_roc":0.9976434453185349,"train_top5":99.79669189453125}