{
    "timestamp": "20251130_032231",
    "best_metrics": {
        "accuracy": 23.4375,
        "f1": 13.98367714157188,
        "precision": 22.37685560053981,
        "recall": 14.866712235133287,
        "roc_auc": NaN,
        "loss": 4.7737250328063965
    },
    "best_epoch": 47,
    "best_predictions": [
        10,
        10,
        10,
        10,
        10,
        10,
        10,
        10,
        10,
        0,
        10,
        9,
        10,
        11,
        15,
        15,
        10,
        12,
        2,
        9,
        3,
        3,
        15,
        15,
        14,
        14,
        14,
        8,
        14,
        15,
        16,
        15,
        15,
        16,
        19,
        15,
        5,
        2,
        5,
        9,
        10,
        0,
        15,
        6,
        15,
        18,
        19,
        17,
        5,
        15,
        3,
        11,
        1,
        4,
        10,
        4,
        15,
        15,
        10,
        12,
        10,
        5,
        5,
        5
    ],
    "best_labels": [
        6,
        6,
        6,
        9,
        9,
        9,
        9,
        9,
        10,
        10,
        10,
        10,
        10,
        11,
        11,
        11,
        11,
        11,
        11,
        11,
        13,
        13,
        1,
        1,
        14,
        14,
        14,
        14,
        14,
        15,
        15,
        15,
        15,
        15,
        16,
        16,
        17,
        17,
        17,
        17,
        17,
        17,
        18,
        18,
        18,
        18,
        18,
        18,
        19,
        19,
        3,
        3,
        3,
        4,
        4,
        4,
        4,
        4,
        4,
        4,
        4,
        4,
        4,
        4
    ],
    "args": {
        "data_path": "data_imu/activity_20/dataset_user_3.csv",
        "modalities": "acc_gyr_mag",
        "sample_length": 30,
        "batch_size": 128,
        "num_epochs": 200,
        "learning_rate": 0.001,
        "device": "cuda",
        "random_init": false,
        "experiment_name": "activity_20/cross_user/cnn_transformer/acc_gyr_mag/bsz128"
    },
    "training_config": {
        "num_epochs": 200,
        "batch_size": 128,
        "learning_rate": 0.001,
        "sample_length": 30,
        "device": "cuda",
        "in_channels": 45,
        "out_size": 20,
        "data_path": "data_imu/activity_20/dataset_user_3.csv",
        "modalities": "acc_gyr_mag",
        "random_init": false,
        "experiment_name": "activity_20/cross_user/cnn_transformer/acc_gyr_mag/bsz128"
    }
}