{
    "timestamp": "20251130_041505",
    "best_metrics": {
        "accuracy": 32.0,
        "f1": 22.528647822765468,
        "precision": 22.083238399027874,
        "recall": 24.941520467836252,
        "roc_auc": NaN,
        "loss": 2.519918203353882
    },
    "best_epoch": 6,
    "best_predictions": [
        2,
        2,
        4,
        2,
        3,
        2,
        8,
        5,
        9,
        6,
        6,
        8,
        9,
        17,
        9,
        9,
        6,
        16,
        16,
        8,
        8,
        16,
        15,
        10,
        5,
        9,
        10,
        9,
        10,
        0,
        12,
        8,
        16,
        10,
        10,
        9,
        14,
        9,
        8,
        10,
        9,
        7,
        2,
        14,
        14,
        14,
        19,
        3,
        14,
        5,
        14,
        5,
        15,
        15,
        15,
        17,
        17,
        2,
        0,
        17,
        17,
        5,
        0,
        2,
        2,
        2,
        2,
        3,
        2,
        10,
        18,
        18,
        5,
        5,
        3
    ],
    "best_labels": [
        0,
        0,
        0,
        0,
        0,
        0,
        5,
        5,
        5,
        6,
        6,
        6,
        7,
        7,
        7,
        8,
        8,
        8,
        8,
        8,
        8,
        8,
        8,
        9,
        9,
        9,
        9,
        9,
        10,
        10,
        10,
        10,
        10,
        11,
        11,
        11,
        11,
        11,
        11,
        11,
        11,
        1,
        1,
        14,
        14,
        14,
        14,
        14,
        14,
        14,
        14,
        14,
        15,
        15,
        15,
        16,
        16,
        17,
        17,
        17,
        17,
        17,
        17,
        2,
        2,
        2,
        2,
        2,
        2,
        3,
        3,
        3,
        3,
        3,
        3
    ],
    "args": {
        "data_path": "data_imu/activity_20/dataset_user_8.csv",
        "modalities": "acc_gyr_mag",
        "sample_length": 30,
        "batch_size": 128,
        "num_epochs": 200,
        "learning_rate": 0.001,
        "device": "cuda",
        "random_init": false,
        "experiment_name": "activity_20/cross_user/cnn_transformer/acc_gyr_mag/bsz128_resample_all"
    },
    "training_config": {
        "num_epochs": 200,
        "batch_size": 128,
        "learning_rate": 0.001,
        "sample_length": 30,
        "device": "cuda",
        "in_channels": 45,
        "out_size": 20,
        "data_path": "data_imu/activity_20/dataset_user_8.csv",
        "modalities": "acc_gyr_mag",
        "random_init": false,
        "experiment_name": "activity_20/cross_user/cnn_transformer/acc_gyr_mag/bsz128_resample_all"
    }
}