{
    "timestamp": "20251130_063616",
    "best_metrics": {
        "accuracy": 36.986301369863014,
        "f1": 27.51735764235764,
        "precision": 31.722222222222218,
        "recall": 28.246031746031747,
        "roc_auc": NaN,
        "loss": 2.96010160446167
    },
    "best_epoch": 24,
    "best_predictions": [
        0,
        0,
        0,
        9,
        5,
        3,
        10,
        7,
        10,
        9,
        11,
        18,
        12,
        1,
        9,
        18,
        18,
        18,
        11,
        11,
        1,
        4,
        16,
        13,
        13,
        13,
        5,
        13,
        18,
        13,
        13,
        13,
        8,
        11,
        1,
        17,
        18,
        14,
        11,
        14,
        16,
        15,
        15,
        15,
        15,
        0,
        16,
        17,
        14,
        15,
        4,
        4,
        1,
        17,
        19,
        18,
        3,
        2,
        11,
        11,
        11,
        19,
        9,
        18,
        0,
        2,
        2,
        14,
        1,
        14,
        18,
        2,
        0
    ],
    "best_labels": [
        0,
        0,
        0,
        5,
        5,
        5,
        6,
        7,
        7,
        7,
        7,
        7,
        9,
        9,
        9,
        11,
        11,
        11,
        11,
        11,
        12,
        12,
        12,
        13,
        13,
        13,
        13,
        13,
        13,
        13,
        13,
        13,
        1,
        1,
        1,
        14,
        14,
        14,
        14,
        14,
        14,
        15,
        15,
        15,
        15,
        15,
        15,
        15,
        16,
        16,
        17,
        17,
        17,
        17,
        17,
        18,
        18,
        18,
        18,
        18,
        18,
        19,
        19,
        19,
        2,
        2,
        2,
        3,
        3,
        3,
        3,
        3,
        3
    ],
    "args": {
        "data_path": "data_imu/activity_20/dataset_user_23.csv",
        "modalities": "acc_gyr_mag",
        "sample_length": 30,
        "batch_size": 128,
        "num_epochs": 200,
        "learning_rate": 0.001,
        "device": "cuda",
        "random_init": false,
        "experiment_name": "activity_20/cross_user/cnn_transformer/acc_gyr_mag/bsz128"
    },
    "training_config": {
        "num_epochs": 200,
        "batch_size": 128,
        "learning_rate": 0.001,
        "sample_length": 30,
        "device": "cuda",
        "in_channels": 45,
        "out_size": 20,
        "data_path": "data_imu/activity_20/dataset_user_23.csv",
        "modalities": "acc_gyr_mag",
        "random_init": false,
        "experiment_name": "activity_20/cross_user/cnn_transformer/acc_gyr_mag/bsz128"
    }
}