{
    "timestamp": "20251130_044406",
    "best_metrics": {
        "accuracy": 25.0,
        "f1": 16.843795093795094,
        "precision": 20.40909090909091,
        "recall": 16.02777777777778,
        "roc_auc": NaN,
        "loss": 3.551016092300415
    },
    "best_epoch": 12,
    "best_predictions": [
        0,
        0,
        15,
        0,
        0,
        17,
        4,
        4,
        19,
        8,
        12,
        10,
        6,
        6,
        7,
        9,
        9,
        4,
        11,
        11,
        17,
        11,
        11,
        5,
        18,
        16,
        16,
        12,
        12,
        8,
        16,
        15,
        19,
        13,
        19,
        12,
        18,
        8,
        15,
        15,
        16,
        16,
        15,
        17,
        4,
        18,
        4,
        19,
        4,
        4,
        18,
        17,
        17,
        17,
        18,
        17,
        4,
        1,
        14,
        17,
        11,
        4,
        12,
        11,
        0,
        17,
        17,
        17,
        17,
        17,
        18,
        4,
        4,
        11,
        11,
        12
    ],
    "best_labels": [
        0,
        0,
        0,
        0,
        0,
        0,
        5,
        5,
        5,
        8,
        8,
        8,
        8,
        8,
        8,
        10,
        10,
        10,
        11,
        11,
        11,
        11,
        11,
        11,
        12,
        12,
        12,
        12,
        12,
        12,
        12,
        12,
        13,
        13,
        13,
        1,
        1,
        1,
        15,
        15,
        15,
        15,
        15,
        15,
        17,
        17,
        17,
        18,
        18,
        18,
        18,
        18,
        18,
        18,
        18,
        18,
        19,
        19,
        19,
        19,
        19,
        19,
        2,
        2,
        2,
        2,
        2,
        2,
        3,
        3,
        3,
        4,
        4,
        4,
        4,
        4
    ],
    "args": {
        "data_path": "data_imu/activity_20/dataset_user_11.csv",
        "modalities": "acc_gyr_mag",
        "sample_length": 30,
        "batch_size": 128,
        "num_epochs": 200,
        "learning_rate": 0.001,
        "device": "cuda",
        "random_init": false,
        "experiment_name": "activity_20/cross_user/cnn_transformer/acc_gyr_mag/bsz128_resample_all"
    },
    "training_config": {
        "num_epochs": 200,
        "batch_size": 128,
        "learning_rate": 0.001,
        "sample_length": 30,
        "device": "cuda",
        "in_channels": 45,
        "out_size": 20,
        "data_path": "data_imu/activity_20/dataset_user_11.csv",
        "modalities": "acc_gyr_mag",
        "random_init": false,
        "experiment_name": "activity_20/cross_user/cnn_transformer/acc_gyr_mag/bsz128_resample_all"
    }
}